Fecha;Medio;Año;Posición;Artista;Canción;Nacionalidad;Genero 
Enero;Radio;2021;1;Sebastián Yatra & Guaynaa  ;Chica Ideal  ;CO;Pop
Enero;Radio;2021;2;Camilo  ;Vida De Rico  ;CO;Pop
Enero;Radio;2021;3;Maluma  ;Hawai  ;CO;Urbano
Enero;Radio;2021;4;Harry Styles  ;Watermelon Sugar  ;GB;Rock
Enero;Radio;2021;5;Donald  ;Verano Naranja  ;US;Pop
Enero;Radio;2021;6;Rauw Alejandro & Camilo  ;TATTOO (REMIX)  ;"PR;CO";Urbano
Enero;Radio;2021;7;The Weeknd  ;Blinding Lights  ;CA;Pop
Enero;Radio;2021;8;"Camilo; El Alfa  ";Bebe  ;"CO; DO";Urbano
Enero;Radio;2021;9;Karol G  ;"Ay; DiOs Mío!  ";CO;Urbano
Enero;Radio;2021;10;Tainy & J Balvin  ;Agua (Music From)  ;PR;Urbano
Enero;Radio;2021;11;Harry Styles  ;Golden  ;GB;Pop
Enero;Radio;2021;12;Tones And I  ;Dance Monkey  ;AU;Pop
Enero;Radio;2021;13;Karol G  ;BICHOTA  ;CO;Urbano
Enero;Radio;2021;14;Black Eyed Peas X Shakira  ;Girl Like Me  ;"US;CO";Pop
Enero;Radio;2021;15;"Lele Pons; Guaynaa  ";Se Te Nota (With Guaynaa)  ;"VE; PR";Urbano
Enero;Radio;2021;16;"Seven Kayne; Polimá Westcoast; Young Cister  ";Eyes On My Ice  ;CL;Urbano
Enero;Radio;2021;17;Ed Sheeran  ;Afterglow  ;GB;Pop
Enero;Radio;2021;18;"J. Balvin; Dua Lipa; Bad Bunny  ";UN DIA (ONE DAY) (Feat. Tainy)  ;"CO; GB; PR";Urbano
Enero;Radio;2021;19;Bad Bunny Feat. Jhay Cortez  ;Dakiti  ;PR;Urbano
Enero;Radio;2021;20;"Sech; Daddy Yankee ";"Relación Feat. Rosalía; Farruko (Remix)  ";"PA; PR";Urbano
Enero;Radio;2021;21;Dua Lipa  ;Don't Start Now  ;GB;Pop
Enero;Radio;2021;22;Cnco  ;Tan Enamorados  ;US;Urbano
Enero;Radio;2021;23;"Los Legendarios; Wisin; Myke Towers  ";Mi Niña  ;"PR; PR; PR";Urbano
Enero;Radio;2021;24;Farruko  ;La Tóxica  ;PR;Urbano
Enero;Radio;2021;25;"Lola Indigo; Danna Paola; Denise Rosenthal  ";Santeria  ;"ES; MX; CL";Pop
Enero;Radio;2021;26;Boza  ;Hecha Pa' Mí  ;PA;Urbano
Enero;Radio;2021;27;Bts  ;Dynamite  ;KR;Pop
Enero;Radio;2021;28;Nio Garcia & Casper Magico  ;Travesuras  ;US;Urbano
Enero;Radio;2021;29;Pablo Alborán  ;Si Hubieras Querido  ;ES;Pop
Enero;Radio;2021;30;Cami  ;BIG BANG  ;CL;Pop
Enero;Radio;2021;31;"Luis Fonsi; Farruko  ";Perfecta  ;"PR; PR";Pop
Enero;Radio;2021;32;Mon Laferte  ;Tu Falta De Querer  ;"CL;MX";Pop
Enero;Radio;2021;33;Jay Wheeler & Dj Nelson (Feat. Myke Towers)  ;La Curiosidad  ;PR;Urbano
Enero;Radio;2021;34;Justin Timberlake;CAN'T STOP THE FEELING! (Original Song From Dream)  ;US;Pop
Enero;Radio;2021;35;Karol G & Nicki Minaj;TUSA  ;"CO;US";Urbano
Enero;Radio;2021;36;Miley Cyrus Feat. Dua Lipa  ;Prisoner  ;"US;GB";Pop
Enero;Radio;2021;37;"Daddy Yankee; Marc Anthony  ";De Vuelta Pa' La Vuelta  ;"PR; US";Urbano
Enero;Radio;2021;38;Migrantes  ;Si Me Tomo Una Cerveza  ;AR;Latino/Tropical
Enero;Radio;2021;39;"Ozuna; Karol G & Myke Towers  ";Caramelo (Remix)  ;"PR; CO";Urbano
Enero;Radio;2021;40;Daft Punk  ;Get Lucky Feat. Pharrell Williams  ;FR;Electronica
Enero;Radio;2021;41;Ed Sheeran  ;Shape Of You  ;GB;Pop
Enero;Radio;2021;42;Paloma Mami  ;Fingías  ;CL;Urbano
Enero;Radio;2021;43;David Guetta & Sia  ;Let's Love  ;"FR; AUS";Electronica
Enero;Radio;2021;44;Camilo & Pablo Alborán  ;El Mismo Aire  ;"CO; ES";Pop
Enero;Radio;2021;45;Pharrell Williams  ;Happy  ;US;Pop
Enero;Radio;2021;46;Jesse & Joy & Luis Fonsi  ;Tanto  ;"MX;PR";Pop
Enero;Radio;2021;47;BACILOS  ;Mi Primer Millon  ;US;Pop
Enero;Radio;2021;48;"Alex Rose; Rafa Pabön  ";Jangueo  ;PR;Urbano
Enero;Radio;2021;49;"Ovy On The Drums; Danny  ";Miedito O Qué? (Feat. KAROL G)  ;"CO; US";Urbano
Enero;Radio;2021;50;"Play N Skillz; Daddy Yankee; Zion & Lennox  ";Bésame  ;"US; PR; US";Urbano
Enero;Radio;2021;51;Shawn Mendes & Camila Cabello  ;Señorita  ;"CA;US";Pop
Enero;Radio;2021;52;Bad Bunny  ;Yo Perreo Sola  ;PR;Urbano
Enero;Radio;2021;53;Conan Gray  ;Heather  ;US;Pop
Enero;Radio;2021;54;Soda Stereo  ;Persiana Americana  ;AR;Rock
Enero;Radio;2021;55;"Mon Laferte; Alejandro Fernández  ";Que Se Sepa Nuestro Amor  ;"MX-CH; MX";Folk/Indie
Enero;Radio;2021;56;"Ache; Anonimus  ";Malditos Celos  ;"CO;US";Urbano
Enero;Radio;2021;57;"Mon Laferte; Juanes  ";Amárrame Feat. Juanes  ;"MX-CH; CO";Pop
Enero;Radio;2021;58;"Manuel Turizo; Rauw Alejandro; Mike Towers  ";La Nota  ;"CO; PR";Urbano
Enero;Radio;2021;59;Bruno Mars  ;That’s What I Like  ;US;Pop
Enero;Radio;2021;60;"Major Lazer; Paloma Mami  ";Queloque  ;"JM; CL";Pop
Enero;Radio;2021;61;Ariana Grande  ;Positions  ;US;Pop
Enero;Radio;2021;62;Benee Feat Gus Dapperton  ;Supalonely  ;NZ;Pop
Enero;Radio;2021;63;R.E.M.  ;Everybody Hurts  ;US;Rock
Enero;Radio;2021;64;Cami  ;Aquí Estoy  ;CL;Pop
Enero;Radio;2021;65;SIA  ;Hey Boy  ;AU;Pop
Enero;Radio;2021;66;Daddy Yankee  ;Que Tire Pa Lante  ;PR;Urbano
Enero;Radio;2021;67;Mon Laferte  ;El Beso  ;"MX;CL";Pop
Enero;Radio;2021;68;Francisca Valenzuela  ;Flotando  ;CL;Rock
Enero;Radio;2021;69;Avicii  ;Wake Me Up  ;SE;Electronica
Enero;Radio;2021;70;"Lasso; Cami  ";Un Millón Como Tú  ;"VE; CL";Pop
Enero;Radio;2021;71;Denise Rosenthal  ;Dormir  ;CL;Pop
Enero;Radio;2021;72;Anuel Aa  ;Reggaetonera  ;PR;Urbano
Enero;Radio;2021;73;Calvin Harris Feat Dua Lipa  ;One Kiss  ;GB;Pop
Enero;Radio;2021;74;Calvin Harris  ;Summer  ;GB;Pop
Enero;Radio;2021;75;Natalie Imbruglia  ;Torn  ;AU;Rock
Enero;Radio;2021;76;Sam Smith  ;Diamonds  ;GB;Pop
Enero;Radio;2021;77;"Zion & Lennox; Natti Natasha  ";Te Mueves  ;"US; DO";Urbano
Enero;Radio;2021;78;Coldplay  ;Adventure Of A Lifetime  ;GB;Pop
Enero;Radio;2021;79;Gepe  ;Fruta Y Te  ;CL;Folk/Indie
Enero;Radio;2021;80;The Weeknd  ;In Your Eyes  ;CA;Pop
Enero;Radio;2021;81;Denise Rosenthal  ;Lucha En Equilibrio  ;CL;Pop
Enero;Radio;2021;82;"Dua Lipa; Dababy  ";Levitating (Feat. DaBaby)  ;"GB; US";Pop
Enero;Radio;2021;83;R.E.M.  ;LOSING MY RELIGION  ;US;Rock
Enero;Radio;2021;84;Ed Sheeran  ;Perfect  ;GB;Pop
Enero;Radio;2021;85;Ed Sheeran & Justin Bieber  ;I Don't Care  ;GB;Pop
Enero;Radio;2021;86;Gepe  ;Hablar De Ti  ;CL;Folk/Indie
Enero;Radio;2021;87;Diego Torres  ;Color Esperanza  ;AR;Pop
Enero;Radio;2021;88;Café Tacvba  ;Eres  ;MX;Rock
Enero;Radio;2021;89;The Black Eyed Peas X J Balvin  ;RITMO (Bad Boys For Life)  ;"US;CO";Pop
Enero;Radio;2021;90;"Lunay; Daddy Yankee; Bad Bunny  ";Soltera (Remix)  ;"PR; PR; PR";Urbano
Enero;Radio;2021;91;The Weeknd  ;I Feel It Coming Feat. Daft Punk  ;CA;Pop
Enero;Radio;2021;92;Aya Nakamura  ;Djadja (Feat. Maluma) [Remix]  ;FR;Pop
Enero;Radio;2021;93;Los Bunkers  ;Llueve Sobre La Ciudad  ;CL;Rock
Enero;Radio;2021;94;Denise Rosenthal  ;Tiene Sabor  ;CL;Pop
Enero;Radio;2021;95;Ricky Martin & Carla Morrison  ;Recuerdo  ;PR;Pop
Enero;Radio;2021;96;Toto  ;Africa  ;US;Rock
Enero;Radio;2021;97;Justin Quiles  ;Ponte Pa' Mi  ;PR;Urbano
Enero;Radio;2021;98;"Calvin Harris; Sam Smith  ";Promises  ;GB;Electronica
Enero;Radio;2021;99;Myke Towers  ;Diosa  ;PR;Urbano
Enero;Radio;2021;100;Maroon 5 Feat Christina Aguilera  ;Moves Like Jagger  ;US;Pop
Febrero;Radio;2021;1;Sebastián Yatra & Guaynaa  ;Chica Ideal  ;CO;Urbano
Febrero;Radio;2021;2;Camilo  ;Vida De Rico  ;CO;Urbano
Febrero;Radio;2021;3;Maluma  ;Hawai  ;CO;Urbano
Febrero;Radio;2021;4;Cnco  ;Tan Enamorados  ;US;Urbano
Febrero;Radio;2021;5;Harry Styles  ;Watermelon Sugar  ;GB;Rock
Febrero;Radio;2021;6;"Camilo; El Alfa  ";Bebe  ;"CO; DO";Pop
Febrero;Radio;2021;7;The Weeknd  ;Blinding Lights  ;CA;Latino/Tropical
Febrero;Radio;2021;8;Donald  ;Verano Naranja  ;US;Pop
Febrero;Radio;2021;9;Harry Styles  ;Golden  ;GB;Pop
Febrero;Radio;2021;10;Karol G  ;"Ay; DiOs Mío!  ";CO;Urbano
Febrero;Radio;2021;11;Boza  ;Hecha Pa' Mí  ;PA;Urbano
Febrero;Radio;2021;12;Rauw Alejandro & Camilo  ;TATTOO (REMIX)  ;"PR;CO";Urbano
Febrero;Radio;2021;13;Bad Bunny Feat. Jhay Cortez  ;Dakiti  ;PR;Urbano
Febrero;Radio;2021;14;Black Eyed Peas X Shakira  ;Girl Like Me  ;"US;CO";Pop
Febrero;Radio;2021;15;Karol G  ;BICHOTA  ;CO;Urbano
Febrero;Radio;2021;16;"Lele Pons; Guaynaa  ";Se Te Nota (With Guaynaa)  ;"VE; PR";Urbano
Febrero;Radio;2021;17;Tones And I  ;Dance Monkey  ;AU;Pop
Febrero;Radio;2021;18;Tainy & J Balvin  ;Agua (Music From  ;PR;Urbano
Febrero;Radio;2021;19;Ed Sheeran  ;Afterglow  ;GB;Pop
Febrero;Radio;2021;20;Daft Punk Feat. Pharrell Williams  ;Get Lucky Feat. Pharrell Williams  ;FR;Electronica
Febrero;Radio;2021;21;"Seven Kayne; Polimá Westcoast; Young Cister  ";Eyes On My Ice  ;CL;Urbano
Febrero;Radio;2021;22;David Guetta & Sia  ;Let's Love  ;FR;Electronica
Febrero;Radio;2021;23;Olivia Rodrigo  ;Drivers License  ;US;Pop
Febrero;Radio;2021;24;"J. Balvin; Dua Lipa; Bad Bunny  ";UN DIA (ONE DAY) (Feat. Tainy)  ;"CO; GB; PR";Urbano
Febrero;Radio;2021;25;Miley Cyrus Feat. Dua Lipa  ;Prisoner  ;"US;GB";Urbano
Febrero;Radio;2021;26;Dua Lipa  ;Don't Start Now  ;GB;Pop
Febrero;Radio;2021;27;Mon Laferte  ;Tu Falta De Querer  ;MX;Pop
Febrero;Radio;2021;28;"Sech; Daddy Yankee; Rosalía; Farruko  ";"Relación Feat. Rosalía; Farruko (Remix)  ";"PA; PR; ES; PR";Urbano
Febrero;Radio;2021;29;Farruko  ;La Tóxica  ;PR;Urbano
Febrero;Radio;2021;30;Migrantes  ;Si Me Tomo Una Cerveza  ;AR;Latino/Tropical
Febrero;Radio;2021;31;Charles & Eddie  ;Would I Lie To You?  ;US;Pop
Febrero;Radio;2021;32;Ariana Grande  ;Positions  ;US;Pop
Febrero;Radio;2021;33;"Los Legendarios; Wisin; Myke Towers  ";Mi Niña  ;"PR; PR; PR";Urbano
Febrero;Radio;2021;34;Justin Timberlake  ;CAN'T STOP THE FEELING! (Original Song From Dream  ;US;Pop
Febrero;Radio;2021;35;Ed Sheeran  ;Shape Of You  ;GB;Pop
Febrero;Radio;2021;36;The Weeknd  ;I Feel It Coming Feat. Daft Punk  ;CA;Pop
Febrero;Radio;2021;37;"Flor De Rap; Denise Rosenthal  ";Bailalo Mujer  ;CL;Urbano
Febrero;Radio;2021;38;Jay Wheeler & Dj Nelson (Feat. Myke Towers)  ;La Curiosidad  ;PR;Urbano
Febrero;Radio;2021;39;Cami  ;BIG BANG  ;CL;Pop
Febrero;Radio;2021;40;"Karol G; Nicki Minaj  ";TUSA  ;"CO; US";Urbano
Febrero;Radio;2021;41;Bob Marley And The Wailers  ;Could You Be Loved (Edit)  ;JM;Otro
Febrero;Radio;2021;42;"Luis Fonsi; Farruko  ";Perfecta  ;"PR; PR";Urbano
Febrero;Radio;2021;43;Paloma Mami  ;Fingías  ;CL;Urbano
Febrero;Radio;2021;44;The Weeknd  ;In Your Eyes  ;CA;Pop
Febrero;Radio;2021;45;Mario Guerrero & Fanny Lu  ;Corazones Rotos  ;CL;Pop
Febrero;Radio;2021;46;"Daddy Yankee; Marc Anthony  ";De Vuelta Pa' La Vuelta  ;"PR; US";Urbano
Febrero;Radio;2021;47;Camilo & Pablo Alborán  ;El Mismo Aire  ;"CO;ES";Pop
Febrero;Radio;2021;48;Shawn Mendes & Camila Cabello  ;Señorita  ;CA;Pop
Febrero;Radio;2021;49;Pharrell Williams  ;Happy  ;US;Pop
Febrero;Radio;2021;50;The Weeknd  ;Save Your Tears  ;CA;Pop
Febrero;Radio;2021;51;Soda Stereo  ;Persiana Americana  ;AR;Rock
Febrero;Radio;2021;52;Mon Laferte  ;Se Me Va A Quemar El Corazón  ;MX;Latino/Tropical
Febrero;Radio;2021;53;Pablo Alborán  ;Si Hubieras Querido  ;ES;Pop
Febrero;Radio;2021;54;"Ozuna; Karol G & Myke Towers  ";Caramelo (Remix)  ;"PR; DE";Urbano
Febrero;Radio;2021;55;Nio Garcia & Casper Magico  ;Travesuras  ;US;Urbano
Febrero;Radio;2021;56;"Lola Indigo; Danna Paola; Denise Rosenthal  ";Santería  ;"ES; MX; CL";Pop
Febrero;Radio;2021;57;BTS  ;Dynamite  ;KR;Pop
Febrero;Radio;2021;58;Benee Feat Gus Dapperton  ;Supalonely  ;NZ;Pop
Febrero;Radio;2021;59;Natalie Imbruglia  ;Torn  ;AU;Rock
Febrero;Radio;2021;60;"Manuel Turizo; Rauw Alejandro; Mike Towers  ";La Nota  ;"CO; PR";Urbano
Febrero;Radio;2021;61;SIA  ;Hey Boy  ;AU;Pop
Febrero;Radio;2021;62;Mon Laferte Feat. Juanes  ;Amárrame  ;"MX;CO";Latino/Tropical
Febrero;Radio;2021;63;"Dua Lipa; DaBaby  ";Levitating (Feat. DaBaby)  ;"GB; US";Pop
Febrero;Radio;2021;64;The Cure  ;Friday I'm In Love  ;GB;Rock
Febrero;Radio;2021;65;Denise Rosenthal  ;Lucha En Equilibrio  ;CL;Pop
Febrero;Radio;2021;66;"Lasso; Cami  ";Un Millón Como Tú  ;"VE; CL";Pop
Febrero;Radio;2021;67;"Manuel Turizo; Wisin & Yandel  ";Mala Costumbre  ;"CO; PR";Urbano
Febrero;Radio;2021;68;Cami  ;Aquí Estoy  ;CL;Pop
Febrero;Radio;2021;69;"Play N Skillz; Daddy Yankee; Zion & Lennox  ";Bésame  ;"US; PR; US";Urbano
Febrero;Radio;2021;70;"Ovy On The Drums; Danny; Karol G  ";Miedito O Qué?  ;"CO; US; CO";Urbano
Febrero;Radio;2021;71;Mon Laferte  ;El Beso  ;MX;Pop
Febrero;Radio;2021;72;Sebastián Yatra  ;Adiós  ;CO;Urbano
Febrero;Radio;2021;73;Bacilos  ;Mi Primer Millón  ;US;Pop
Febrero;Radio;2021;74;Bruno Mars  ;That’s What I Like  ;US;Pop
Febrero;Radio;2021;75;"Calvin Harris; Sam Smith  ";Promises  ;GB;Electronica
Febrero;Radio;2021;76;Bad Bunny  ;Yo Perreo Sola  ;PR;Urbano
Febrero;Radio;2021;77;Gepe  ;Fruta Y Té  ;CL;Folk/Indie
Febrero;Radio;2021;78;Diego Torres  ;Color Esperanza  ;AR;Pop
Febrero;Radio;2021;79;Francisca Valenzuela  ;Quiero Verte Más  ;CL;Rock
Febrero;Radio;2021;80;Santaferia  ;Algún Día Volverás  ;CL;Latino/Tropical
Febrero;Radio;2021;81;"Alex Rose; Rafa Pabön  ";Jangueo  ;PR;Urbano
Febrero;Radio;2021;82;Jesse & Joy & Luis Fonsi  ;Tanto  ;US;Pop
Febrero;Radio;2021;83;Sam Smith  ;I Feel Love  ;GB;Pop
Febrero;Radio;2021;84;Maroon 5 Feat Christina Aguilera  ;Moves Like Jagger  ;US;Pop
Febrero;Radio;2021;85;Iván Alejandro  ;Me Enamoré De Ti  ;CL;Folk/Indie
Febrero;Radio;2021;86;Anuel Aa & Ozuna  ;Antes  ;PR;Urbano
Febrero;Radio;2021;87;Avicii  ;Wake Me Up  ;SE;Electronica
Febrero;Radio;2021;88;Café Tacvba  ;Eres  ;MX;Rock
Febrero;Radio;2021;89;No Doubt  ;Don't Speak  ;US;Rock
Febrero;Radio;2021;90;Calvin Harris Feat Dua Lipa  ;One Kiss  ;GB;Pop
Febrero;Radio;2021;91;Toto  ;Africa  ;US;Rock
Febrero;Radio;2021;92;Gepe  ;Hablar De Ti  ;CL;Folk/Indie
Febrero;Radio;2021;93;Ed Sheeran  ;Perfect  ;GB;Pop
Febrero;Radio;2021;94;Sam Smith  ;Diamonds  ;GB;Pop
Febrero;Radio;2021;95;Ashnikko Feat. Kelis  ;Deal With It  ;US;Pop
Febrero;Radio;2021;96;Marc Anthony  ;Vivir Mi Vida  ;US;Latino/Tropical
Febrero;Radio;2021;97;Selena Gomez & Rauw Alejandro  ;Baila Conmigo  ;US;Pop
Febrero;Radio;2021;98;Emilia & Alex Rose  ;Bendición  ;SE;Urbano
Febrero;Radio;2021;99;Coldplay  ;Adventure Of A Lifetime  ;GB;Pop
Febrero;Radio;2021;100;Francisca Valenzuela  ;Ya No Se Trata De Ti  ;CL;Rock
Marzo;Radio;2021;1;Sebastián Yatra & Guaynaa  ;Chica Ideal  ;CO;Urbano
Marzo;Radio;2021;2;CNCO  ;Tan Enamorados  ;US;Urbano
Marzo;Radio;2021;3;Harry Styles  ;Watermelon Sugar  ;GB;Rock
Marzo;Radio;2021;4;Maluma  ;Hawai  ;CO;Urbano
Marzo;Radio;2021;5;"Karol G; Anuel Aa; J. Balvin  ";Location  ;"CO; PR; CO";Urbano
Marzo;Radio;2021;6;Camilo  ;Vida De Rico  ;CO;Pop
Marzo;Radio;2021;7;Boza  ;Hecha Pa' Mí  ;PA;Urbano
Marzo;Radio;2021;8;Black Eyed Peas X Shakira  ;Girl Like Me  ;"US;CO";Pop
Marzo;Radio;2021;9;"Camilo; El Alfa  ";Bebe  ;"CO; DO";Pop
Marzo;Radio;2021;10;Olivia Rodrigo  ;Drivers License  ;US;Pop
Marzo;Radio;2021;11;"Bruno Mars; Anderson .Paak; Silk Sonic  ";Leave The Door Open  ;"US; US; US";Pop
Marzo;Radio;2021;12;Bad Bunny Feat. Jhay Cortez  ;Dakiti  ;PR;Urbano
Marzo;Radio;2021;13;"Flor De Rap; Denise Rosenthal  ";Báilalo Mujer  ;CL;Urbano
Marzo;Radio;2021;14;Miley Cyrus Feat. Dua Lipa  ;Prisoner  ;"US;GB";Pop
Marzo;Radio;2021;15;Iván Alejandro  ;Me Enamoré De Ti  ;CL;Folk/Indie
Marzo;Radio;2021;16;Harry Styles  ;Golden  ;GB;Pop
Marzo;Radio;2021;17;The Weeknd  ;Blinding Lights  ;CA;Pop
Marzo;Radio;2021;18;Maluma  ;Agua De Jamaica  ;CO;Urbano
Marzo;Radio;2021;19;The Weeknd  ;Save Your Tears  ;CA;Pop
Marzo;Radio;2021;20;Daft Punk Feat. Pharrell Williams  ;Get Lucky  ;FR;Electronica
Marzo;Radio;2021;21;Charles & Eddie  ;Would I Lie To You?  ;US;Pop
Marzo;Radio;2021;22;"Seven Kayne; Polimá Westcoast; Young Cister  ";Eyes On My Ice  ;CL;Urbano
Marzo;Radio;2021;23;Jay Wheeler & DJ Nelson (Feat. Myke Towers)  ;La Curiosidad  ;PR;Urbano
Marzo;Radio;2021;24;Dua Lipa  ;Don't Start Now  ;GB;Pop
Marzo;Radio;2021;25;"Manuel Turizo; Wisin & Yandel  ";Mala Costumbre  ;"CO; PR";Urbano
Marzo;Radio;2021;26;Karol G  ;"Ay; DiOs Mío!  ";CO;Urbano
Marzo;Radio;2021;27;Tones And I  ;Dance Monkey  ;AU;Pop
Marzo;Radio;2021;28;Paloma Mami  ;Religiosa  ;US;Urbano
Marzo;Radio;2021;29;Luigy Boy Y La Florezta  ;Alo Michael (Rico Rico Rico Rico)  ;CO;Latino/Tropical
Marzo;Radio;2021;30;Calvin Harris Feat. Dua Lipa  ;One Kiss  ;GB;Pop
Marzo;Radio;2021;31;Emilia & Alex Rose  ;Bendición  ;SE;Urbano
Marzo;Radio;2021;32;Ed Sheeran  ;Shape Of You  ;GB;Pop
Marzo;Radio;2021;33;David Guetta & Sia  ;Let's Love  ;FR;Electronica
Marzo;Radio;2021;34;Karol G  ;BICHOTA  ;CO;Urbano
Marzo;Radio;2021;35;Migrantes  ;Si Me Tomo Una Cerveza  ;AR;Latino/Tropical
Marzo;Radio;2021;36;Ariana Grande  ;Positions  ;US;Pop
Marzo;Radio;2021;37;Camilo & Pablo Alborán  ;El Mismo Aire  ;CO;Pop
Marzo;Radio;2021;38;Selena Gomez & Rauw Alejandro  ;Baila Conmigo  ;US;Pop
Marzo;Radio;2021;39;Pablo Alborán  ;Corazón Descalzo  ;ES;Pop
Marzo;Radio;2021;40;"Lele Pons; Guaynaa  ";Se Te Nota  ;"VE; PR";Urbano
Marzo;Radio;2021;41;Pharrell Williams  ;Happy  ;US;Pop
Marzo;Radio;2021;42;Luis Fonsi + Rauw Alejandro  ;Vacío  ;PR;Latino/Tropical
Marzo;Radio;2021;43;Diego Torres  ;Color Esperanza  ;AR;Pop
Marzo;Radio;2021;44;Sebastián Yatra  ;Adiós  ;CO;Pop
Marzo;Radio;2021;45;Ozuna Feat. Doja Cat & Sia  ;Del Mar  ;US;Urbano
Marzo;Radio;2021;46;Mon Laferte  ;Tu Falta De Querer  ;MX;Pop
Marzo;Radio;2021;47;Cami  ;Aquí Estoy  ;CL;Pop
Marzo;Radio;2021;48;Natti Natasha & Prince Royce  ;Antes Que Salga El Sol  ;DO;Urbano
Marzo;Radio;2021;49;Paloma Mami  ;Fingías  ;US;Urbano
Marzo;Radio;2021;50;Bad Bunny  ;Yo Perreo Sola  ;PR;Urbano
Marzo;Radio;2021;51;"Daddy Yankee; Marc Anthony  ";De Vuelta Pa' La Vuelta  ;"PR; US";Urbano
Marzo;Radio;2021;52;Mon Laferte  ;Se Me Va A Quemar El Corazón  ;MX;Latino/Tropical
Marzo;Radio;2021;53;Dua Lipa  ;We're Good  ;GB;Pop
Marzo;Radio;2021;54;Daddy Yankee  ;Problema  ;PR;Urbano
Marzo;Radio;2021;55;"Karol G; Nicki Minaj  ";TUSA  ;"CO; US";Urbano
Marzo;Radio;2021;56;"Los Legendarios; Wisin; Myke Towers  ";Mi Niña  ;"PR; PR; PR";Urbano
Marzo;Radio;2021;57;Camilo & Evaluna Montaner  ;Machu Picchu  ;CO;Pop
Marzo;Radio;2021;58;"Luis Fonsi; Farruko  ";Perfecta  ;"PR; PR";Pop
Marzo;Radio;2021;59;The Cure  ;Friday I'm In Love  ;GB;Rock
Marzo;Radio;2021;60;"Ozuna; Karol G & Myke Towers  ";Caramelo (Remix)  ;"PR; DE";Urbano
Marzo;Radio;2021;61;Camilo  ;Ropa Cara  ;ES;Pop
Marzo;Radio;2021;62;R.E.M.  ;Everybody Hurts  ;US;Rock
Marzo;Radio;2021;63;Soda Stereo  ;Persiana Americana  ;AR;Rock
Marzo;Radio;2021;64;Rauw Alejandro & Camilo  ;TATTOO (REMIX)  ;"PR;CO";Urbano
Marzo;Radio;2021;65;Selena Gomez  ;De Una Vez  ;US;Pop
Marzo;Radio;2021;66;BTS  ;Dynamite  ;KR;Pop
Marzo;Radio;2021;67;Farruko  ;La Tóxica  ;PR;Urbano
Marzo;Radio;2021;68;Kali Uchis  ;Telepatía  ;US;Pop
Marzo;Radio;2021;69;"Sech; Daddy Yankee; Rosalía; Farruko  ";Relación (Remix)  ;"PA; PR; ES; PR";Urbano
Marzo;Radio;2021;70;"Play N Skillz; Daddy Yankee; Zion & Lennox  ";Bésame  ;"US; PR; US";Urbano
Marzo;Radio;2021;71;"Lola Indigo; Danna Paola; Denise Rosenthal  ";Santeria  ;"ES; MX; CL";Pop
Marzo;Radio;2021;72;The Weeknd  ;In Your Eyes  ;CA;Pop
Marzo;Radio;2021;73;The Weeknd Feat. Daft Punk  ;I Feel It Coming  ;CA;Pop
Marzo;Radio;2021;74;Marc Anthony  ;Vivir Mi Vida  ;US;Latino/Tropical
Marzo;Radio;2021;75;Benee Feat. Gus Dapperton  ;Supalonely  ;NEZ;Pop
Marzo;Radio;2021;76;Cami  ;BIG BANG  ;CL;Pop
Marzo;Radio;2021;77;Donald  ;Verano Naranja  ;US;Pop
Marzo;Radio;2021;78;Tainy X J Balvin  ;Agua  ;PR;Urbano
Marzo;Radio;2021;79;"Sean Paul; El Alfa; Sfera Ebbasta & PlayDIM MAK EN FUEGO  ";Mambo  ;"JM; DO; IT";Electronica
Marzo;Radio;2021;80;Nicky Jam & Romeo Santos  ;Fan De Tus Fotos  ;US;Urbano
Marzo;Radio;2021;81;Avicii  ;Wake Me Up  ;SE;Electronica
Marzo;Radio;2021;82;Justin Timberlake  ;CAN'T STOP THE FEELING!  ;US;Pop
Marzo;Radio;2021;83;Denise Rosenthal  ;Lucha En Equilibrio  ;CL;Pop
Marzo;Radio;2021;84;Mon Laferte Feat. Juanes  ;Amárrame  ;MX;Pop
Marzo;Radio;2021;85;Denise Rosenthal  ;Tiene Sabor  ;CL;Pop
Marzo;Radio;2021;86;Mon Laferte  ;El Beso  ;MX;Pop
Marzo;Radio;2021;87;Shawn Mendes & Camila Cabello  ;Señorita  ;CA;Pop
Marzo;Radio;2021;88;Bruno Mars  ;That’s What I Like  ;US;Pop
Marzo;Radio;2021;89;Capital Cities  ;Safe And Sound  ;US;Pop
Marzo;Radio;2021;90;Cardi B  ;Up  ;US;Urbano
Marzo;Radio;2021;91;Anitta  ;Loco  ;BR;Latino/Tropical
Marzo;Radio;2021;92;Gepe  ;Fruta Y Té  ;CL;Folk/Indie
Marzo;Radio;2021;93;Ed Sheeran  ;Afterglow  ;GB;Pop
Marzo;Radio;2021;94;Camila Gallardo  ;Abrázame  ;CL;Pop
Marzo;Radio;2021;95;Anuel Aa & Ozuna  ;Antes  ;PR;Urbano
Marzo;Radio;2021;96;Noche De Brujas  ;Con El Amor No Se Juega  ;CL;Latino/Tropical
Marzo;Radio;2021;97;BACILOS  ;Mi Primer Millón  ;US;Latino/Tropical
Marzo;Radio;2021;98;"Myke Towers; Juhn  ";Bandido  ;"PR; PR";Urbano
Marzo;Radio;2021;99;Combo Con Clase  ;Como Tú  ;CL;Latino/Tropical
Marzo;Radio;2021;100;Justin Bieber  ;Hold On  ;CA;Pop
Abril;Radio;2021;1;Sebastián Yatra & Guaynaa  ;Chica Ideal  ;CO;Pop
Abril;Radio;2021;2;"Bruno Mars; Anderson .Paak; Silk Sonic  ";Leave The Door Open  ;"US; US; US";Pop
Abril;Radio;2021;3;Maluma  ;Hawai  ;CO;Urbano
Abril;Radio;2021;4;Cnco  ;Tan Enamorados  ;US;Urbano
Abril;Radio;2021;5;Harry Styles  ;Watermelon Sugar  ;GB;Rock
Abril;Radio;2021;6;Kali Uchis  ;Telepatía  ;US;Pop
Abril;Radio;2021;7;Daft Punk Feat. Pharrell Williams  ;Get Lucky  ;FR;Electronica
Abril;Radio;2021;8;"Karol G; Anuel Aa; J. Balvin  ";Location  ;"CO; PR; CO";Urbano
Abril;Radio;2021;9;Olivia Rodrigo  ;Drivers License  ;US;Pop
Abril;Radio;2021;10;Black Eyed Peas X Shakira  ;Girl Like Me  ;"US;CO";Pop
Abril;Radio;2021;11;Boza  ;Hecha Pa' Mí  ;PA;Urbano
Abril;Radio;2021;12;The Weeknd  ;Save Your Tears  ;CA;Pop
Abril;Radio;2021;13;Camilo  ;Vida De Rico  ;CO;Pop
Abril;Radio;2021;14;"Camilo; El Alfa  ";Bebe  ;"CO; DO";Pop
Abril;Radio;2021;15;The Weeknd  ;Blinding Lights  ;CA;Pop
Abril;Radio;2021;16;Maluma  ;Agua De Jamaica  ;CO;Urbano
Abril;Radio;2021;17;Miley Cyrus Feat. Dua Lipa  ;Prisoner  ;"US;GB";Pop
Abril;Radio;2021;18;Bad Bunny Feat. Jhay Cortez  ;Dakiti  ;PR;Urbano
Abril;Radio;2021;19;Paloma Mami  ;Religiosa  ;US;Urbano
Abril;Radio;2021;20;"Flor De Rap; Denise Rosenthal  ";Bailalo Mujer  ;CL;Urbano
Abril;Radio;2021;21;"Justin Bieber Feat. Daniel Caesar; Giveon  ";Peaches  ;US;Pop
Abril;Radio;2021;22;Jay Wheeler & Dj Nelson Feat. Myke Towers  ;La Curiosidad  ;PR;Urbano
Abril;Radio;2021;23;Nio Garcia & Flow La Movie  ;AM  ;US;Urbano
Abril;Radio;2021;24;Luigy Boy Y La Florezta  ;Alo Michael (Rico Rico Rico Rico)  ;CO;Latino/Tropical
Abril;Radio;2021;25;Charles & Eddie  ;Would I Lie To You?  ;US;Pop
Abril;Radio;2021;26;"Manuel Turizo; Wisin & Yandel  ";Mala Costumbre  ;"CO; PR";Urbano
Abril;Radio;2021;27;Harry Styles  ;Golden  ;GB;Pop
Abril;Radio;2021;28;Dua Lipa  ;Don't Start Now  ;GB;Pop
Abril;Radio;2021;29;Karol G  ;BICHOTA  ;CO;Urbano
Abril;Radio;2021;30;"Carlos Vives; Ricky Martin  ";Canción Bonita  ;"CO; PR";Pop
Abril;Radio;2021;31;Pharrell Williams  ;Happy  ;US;Pop
Abril;Radio;2021;32;Camilo & Evaluna Montaner  ;Machu Picchu  ;CO;Pop
Abril;Radio;2021;33;BTS  ;Dynamite  ;KR;Pop
Abril;Radio;2021;34;"Daddy Yankee; Marc Anthony  ";De Vuelta Pa' La Vuelta  ;"PR; US";Urbano
Abril;Radio;2021;35;Ed Sheeran  ;Shape Of You  ;GB;Pop
Abril;Radio;2021;36;David Guetta & Sia  ;Let's Love  ;FR;Electronica
Abril;Radio;2021;37;Daddy Yankee  ;Problema  ;PR;Urbano
Abril;Radio;2021;38;Selena Gomez & Rauw Alejandro  ;Baila Conmigo  ;US;Pop
Abril;Radio;2021;39;Tones And I  ;Dance Monkey  ;AU;Pop
Abril;Radio;2021;40;Cnco  ;Dejaría Todo  ;US;Urbano
Abril;Radio;2021;41;Ozuna Feat. Doja Cat & Sia  ;Del Mar  ;US;Urbano
Abril;Radio;2021;42;Migrantes  ;Si Me Tomo Una Cerveza  ;AR;Latino/Tropical
Abril;Radio;2021;43;Cami  ;Aquí Estoy  ;CL;Pop
Abril;Radio;2021;44;Marc Anthony  ;Vivir Mi Vida  ;US;Latino/Tropical
Abril;Radio;2021;45;Diego Torres  ;Color Esperanza  ;AR;Pop
Abril;Radio;2021;46;"Los Legendarios; Wisin; Jhay Cortez  ";Fiel  ;"PR; PR";Urbano
Abril;Radio;2021;47;"Denise Rosenthal; Lola Indigo  ";Demente  ;"CL; ES";Pop
Abril;Radio;2021;48;Mon Laferte  ;Tu Falta De Querer  ;MX;Pop
Abril;Radio;2021;49;Ariana Grande  ;Positions  ;US;Pop
Abril;Radio;2021;50;"Mon Laferte; Gloria Trevi  ";La Mujer  ;"MX; MX";Latino/Tropical
Abril;Radio;2021;51;"Sech; Daddy Yankee; Rosalía; Farruko  ";Relación (Remix)  ;"PA; PR; ES; PR";Urbano
Abril;Radio;2021;52;"Dua Lipa; DaBaby  ";Levitating  ;"GB; US";Pop
Abril;Radio;2021;53;R.E.M.  ;Everybody Hurts  ;US;Rock
Abril;Radio;2021;54;Karol G  ;"Ay; DiOs Mío!  ";CO;Urbano
Abril;Radio;2021;55;"Los Legendarios; Wisin; Myke Towers  ";Mi Niña  ;"PR; PR; PR";Urbano
Abril;Radio;2021;56;Rauw Alejandro & Camilo  ;TATTOO (REMIX)  ;"PR;CO";Urbano
Abril;Radio;2021;57;Cami  ;Luna  ;CL;Pop
Abril;Radio;2021;58;Mario Guerrero & Fanny Lu  ;Corazones Rotos  ;CL;Pop
Abril;Radio;2021;59;"Lele Pons; Guaynaa  ";Se Te Nota  ;"VE; PR";Urbano
Abril;Radio;2021;60;The Weeknd Feat. Daft Punk  ;I Feel It Coming  ;CA;Pop
Abril;Radio;2021;61;Selena Gomez  ;De Una Vez  ;US;Pop
Abril;Radio;2021;62;Dua Lipa  ;We're Good  ;GB;Pop
Abril;Radio;2021;63;Bad Bunny  ;Yo Perreo Sola  ;PR;Urbano
Abril;Radio;2021;64;"Lola Indigo; Danna Paola; Denise Rosenthal  ";Santeria  ;"ES; MX; CL";Pop
Abril;Radio;2021;65;"Karol G; Nicki Minaj  ";TUSA  ;"CO; US";Urbano
Abril;Radio;2021;66;Mon Laferte  ;El Beso  ;MX;Pop
Abril;Radio;2021;67;Calvin Harris Feat. Dua Lipa  ;One Kiss  ;GB;Pop
Abril;Radio;2021;68;"Seven Kayne; Polimá Westcoast; Young Cister  ";Eyes On My Ice  ;CL;Urbano
Abril;Radio;2021;69;"Danny Ocean; Justin Quiles  ";Cuántas Veces  ;"US; PR";Urbano
Abril;Radio;2021;70;Sebastián Yatra  ;Adiós  ;CO;Pop
Abril;Radio;2021;71;Camilo & Pablo Alborán  ;El Mismo Aire  ;CO;Pop
Abril;Radio;2021;72;Mon Laferte Feat. Juanes  ;Amárrame  ;MX;Pop
Abril;Radio;2021;73;Piso 21  ;Tan Bonita  ;CO;Urbano
Abril;Radio;2021;74;"Play N Skillz; Daddy Yankee; Zion & Lennox  ";Bésame  ;"US; PR; US";Urbano
Abril;Radio;2021;75;Nicky Jam & Romeo Santos  ;Fan De Tus Fotos  ;US;Urbano
Abril;Radio;2021;76;Ava Max  ;My Head & My Heart  ;US;Pop
Abril;Radio;2021;77;The Cure  ;Friday I'm In Love  ;GB;Rock
Abril;Radio;2021;78;Soda Stereo  ;Persiana Americana  ;AR;Rock
Abril;Radio;2021;79;Café Tacvba  ;Eres  ;MX;Rock
Abril;Radio;2021;80;Mon Laferte  ;Se Me Va A Quemar El Corazón  ;MX;Pop
Abril;Radio;2021;81;Tainy X J Balvin  ;Agua  ;PR;Urbano
Abril;Radio;2021;82;Camilo  ;Millones  ;CO;Pop
Abril;Radio;2021;83;Capital Cities  ;Safe And Sound  ;US;Pop
Abril;Radio;2021;84;Natti Natasha & Prince Royce  ;Antes Que Salga El Sol  ;DO;Urbano
Abril;Radio;2021;85;Emilia & Alex Rose  ;Bendición  ;SE;Urbano
Abril;Radio;2021;86;Avicii  ;Wake Me Up  ;SE;Electronica
Abril;Radio;2021;87;Musica Para Noticias  ;News Music  ;Desconocido;Otro
Abril;Radio;2021;88;Camilo  ;Ropa Cara  ;CO;Pop
Abril;Radio;2021;89;"Karol G; Mariah Angeliq  ";El Makinon  ;"CO; US";Urbano
Abril;Radio;2021;90;Paloma Mami  ;Fingías  ;US;Urbano
Abril;Radio;2021;91;Bebe Rexha  ;Sacrifice  ;US;Pop
Abril;Radio;2021;92;Gepe  ;Fruta Y Té  ;CL;Folk/Indie
Abril;Radio;2021;93;Benee Feat. Gus Dapperton  ;Supalonely  ;NZ;Pop
Abril;Radio;2021;94;Natalie Imbruglia  ;Torn  ;AU;Rock
Abril;Radio;2021;95;Justin Timberlake  ;CAN'T STOP THE FEELING!  ;US;Pop
Abril;Radio;2021;96;Justin Bieber  ;Hold On  ;CA;Pop
Abril;Radio;2021;97;"Calvin Harris; Sam Smith  ";Promises  ;GB;Pop
Abril;Radio;2021;98;The Weeknd  ;In Your Eyes  ;CA;Pop
Abril;Radio;2021;99;Santaferia  ;Algún Día Volverás  ;CL;Latino/Tropical
Abril;Radio;2021;100;"Steve Aoki ft. Sean Paul; El Alfa; Sfera Ebbasta & Play N Skills";Mambo  ;"DO; IT";Electronica
Mayo;Radio;2021;1;Kali Uchis  ;Telepatía  ;US;Pop
Mayo;Radio;2021;2;"Carlos Vives; Ricky Martin  ";Canción Bonita  ;"CO; PR";Latino/Tropical
Mayo;Radio;2021;3;"Bruno Mars; Anderson .Paak; Silk Sonic  ";Leave The Door Open  ;"US; US; US";Pop
Mayo;Radio;2021;4;"Justin Bieber Feat. Daniel Caesar; Giveon  ";Peaches  ;US;Pop
Mayo;Radio;2021;5;Sebastián Yatra & Guaynaa  ;Chica Ideal  ;CO;Latino/Tropical
Mayo;Radio;2021;6;"Los Legendarios; Wisin; Jay Cortez  ";Fiel  ;"PR; PR";Urbano
Mayo;Radio;2021;7;"Sebastián Yatra; Myke Towers  ";Pareja Del Año  ;"CO; PR";Latino/Tropical
Mayo;Radio;2021;8;Daft Punk Feat. Pharrell Williams  ;Get Lucky  ;FR;Electronica
Mayo;Radio;2021;9;Iván Alejandro  ;Me Enamoré De Ti  ;CL;Folk/Indie
Mayo;Radio;2021;10;Maluma  ;Hawai  ;CO;Urbano
Mayo;Radio;2021;11;The Weeknd  ;Blinding Lights  ;CA;Pop
Mayo;Radio;2021;12;The Weeknd  ;Save Your Tears  ;CA;Pop
Mayo;Radio;2021;13;Harry Styles  ;Watermelon Sugar  ;GB;Pop
Mayo;Radio;2021;14;Boza  ;Hecha Pa' Mí  ;PA;Urbano
Mayo;Radio;2021;15;Billie Eilish  ;Your Power  ;US;Pop
Mayo;Radio;2021;16;"Denise Rosenthal; Lola Indigo  ";Demente  ;"CL; ES";Pop
Mayo;Radio;2021;17;Olivia Rodrigo  ;Drivers License  ;US;Pop
Mayo;Radio;2021;18;Camilo  ;Vida De Rico  ;CO;Pop
Mayo;Radio;2021;19;Bad Bunny Feat. Jhay Cortez  ;Dakiti  ;PR;Urbano
Mayo;Radio;2021;20;"Karol G; Anuel Aa; J. Balvin  ";Location  ;"CO; PR; CO";Urbano
Mayo;Radio;2021;21;"Camilo; El Alfa  ";Bebe  ;"CO; DO";Pop
Mayo;Radio;2021;22;Coldplay  ;Higher Power  ;GB;Pop
Mayo;Radio;2021;23;Cnco  ;Tan Enamorados  ;US;Urbano
Mayo;Radio;2021;24;Camilo  ;Millones  ;CO;Pop
Mayo;Radio;2021;25;Charles & Eddie  ;Would I Lie To You?  ;US;Pop
Mayo;Radio;2021;26;Anitta  ;Girl From Rio  ;BR;Latino/Tropical
Mayo;Radio;2021;27;Harry Styles  ;Golden  ;GB;Pop
Mayo;Radio;2021;28;Karol G  ;BICHOTA  ;CO;Urbano
Mayo;Radio;2021;29;"Karol G; Mariah Angeliq  ";El Makinon  ;"CO; US";Urbano
Mayo;Radio;2021;30;Paloma Mami  ;Religiosa  ;US;Urbano
Mayo;Radio;2021;31;Dua Lipa  ;Don't Start Now  ;GB;Pop
Mayo;Radio;2021;32;Miley Cyrus Feat. Dua Lipa  ;Prisoner  ;"US;GB";Pop
Mayo;Radio;2021;33;Dua Lipa  ;We're Good  ;GB;Pop
Mayo;Radio;2021;34;Jay Wheeler & Dj Nelson Feat. Myke Towers  ;La Curiosidad  ;PR;Urbano
Mayo;Radio;2021;35;Doja Cat Feat. SZA  ;Kiss Me More  ;US;Pop
Mayo;Radio;2021;36;Camilo & Evaluna Montaner  ;Machu Picchu  ;CO;Pop
Mayo;Radio;2021;37;Ed Sheeran  ;Shape Of You  ;GB;Pop
Mayo;Radio;2021;38;BACILOS  ;Mi Primer Millón  ;US;Pop
Mayo;Radio;2021;39;Black Eyed Peas X Shakira  ;Girl Like Me  ;"US;CO";Pop
Mayo;Radio;2021;40;Daddy Yankee  ;Problema  ;PR;Urbano
Mayo;Radio;2021;41;Dua Lipa  ;Levitating  ;GB;Pop
Mayo;Radio;2021;42;Cami  ;Luna  ;CL;Pop
Mayo;Radio;2021;43;"Dua Lipa; DaBaby  ";Levitating  ;"GB; US";Pop
Mayo;Radio;2021;44;Sofi De La Torre Feat. Pablo Alborán  ;Y Duele  ;ES;Pop
Mayo;Radio;2021;45;Cnco  ;Dejaría Todo  ;US;Urbano
Mayo;Radio;2021;46;Pharrell Williams  ;Happy  ;US;Pop
Mayo;Radio;2021;47;Karol G  ;"Ay; DiOs Mío!  ";CO;Urbano
Mayo;Radio;2021;48;Mon Laferte  ;Tu Falta De Querer  ;MX;Pop
Mayo;Radio;2021;49;"Manuel Turizo; Wisin & Yandel  ";Mala Costumbre  ;"CO; PR";Urbano
Mayo;Radio;2021;50;Selena Gomez & Rauw Alejandro  ;Baila Conmigo  ;US;Pop
Mayo;Radio;2021;51;David Guetta & Sia  ;Let's Love  ;FR;Electronica
Mayo;Radio;2021;52;Diego Torres  ;Color Esperanza  ;AR;Pop
Mayo;Radio;2021;53;Donald  ;Verano Naranja  ;US;Pop
Mayo;Radio;2021;54;Manuel Turizo Feat. Maluma  ;Amor En Coma  ;CO;Urbano
Mayo;Radio;2021;55;Los Nocheros  ;"Mama; Mamá (Live)  ";AR;Folk/Indie
Mayo;Radio;2021;56;Luigy Boy Y La Florezta  ;Alo Michael (Rico Rico Rico Rico)  ;CO;Latino/Tropical
Mayo;Radio;2021;57;R.E.M.  ;Everybody Hurts  ;US;Rock
Mayo;Radio;2021;58;Rauw Alejandro & Camilo  ;TATTOO (REMIX)  ;"PR;CO";Urbano
Mayo;Radio;2021;59;Soda Stereo  ;Persiana Americana  ;AR;Rock
Mayo;Radio;2021;60;Migrantes  ;Si Me Tomo Una Cerveza  ;AR;Latino/Tropical
Mayo;Radio;2021;61;Tones And I  ;Dance Monkey  ;AU;Pop
Mayo;Radio;2021;62;The Weeknd Feat. Daft Punk  ;I Feel It Coming  ;CA;Pop
Mayo;Radio;2021;63;Mon Laferte  ;El Beso  ;MX;Pop
Mayo;Radio;2021;64;Justin Timberlake  ;CAN'T STOP THE FEELING!  ;US;Pop
Mayo;Radio;2021;65;Camilo & Pablo Alborán  ;El Mismo Aire  ;CO;Pop
Mayo;Radio;2021;66;"Karol G; Nicki Minaj  ";TUSA  ;"CO; US";Urbano
Mayo;Radio;2021;67;"Sech; Daddy Ya Feat. Rosalía; Farruko  ";Relación (Remix)  ;"PA; PR";Urbano
Mayo;Radio;2021;68;Mon Laferte Feat. Juanes  ;Amárrame  ;MX;Pop
Mayo;Radio;2021;69;"Daddy Yankee; Marc Anthony  ";De Vuelta Pa' La Vuelta  ;"PR; US";Urbano
Mayo;Radio;2021;70;Joel Corry X Raye X David Guetta  ;Bed  ;GB;Electronica
Mayo;Radio;2021;71;Maluma  ;Agua De Jamaica  ;CO;Urbano
Mayo;Radio;2021;72;The Weeknd With Ariana Grande  ;Save Your Tears (Remix)  ;CA;Pop
Mayo;Radio;2021;73;Cami  ;Aquí Estoy  ;CL;Pop
Mayo;Radio;2021;74;Tainy X J Balvin  ;Agua  ;PR;Urbano
Mayo;Radio;2021;75;Natti Natasha & Becky G  ;Ram Pam Pam  ;DO;Urbano
Mayo;Radio;2021;76;Maroon 5 Feat. Christina Aguilera  ;Moves Like Jagger  ;US;Pop
Mayo;Radio;2021;77;Avicii  ;Wake Me Up  ;SE;Electronica
Mayo;Radio;2021;78;Piso 21  ;Tan Bonita  ;CO;Urbano
Mayo;Radio;2021;79;Bad Bunny  ;Yo Perreo Sola  ;PR;Urbano
Mayo;Radio;2021;80;BTS  ;Dynamite  ;KR;Pop
Mayo;Radio;2021;81;Beret Feat. Morat  ;Porfa No Te Vayas  ;ES;Pop
Mayo;Radio;2021;82;"Los Legendarios; Wisin; Myke Towers  ";Mi Niña  ;"PR; PR; PR";Urbano
Mayo;Radio;2021;83;"Adione; Stailok  ";Avisale  ;CL;Urbano
Mayo;Radio;2021;84;Natti Natasha & Prince Royce  ;Antes Que Salga El Sol  ;DO;Urbano
Mayo;Radio;2021;85;Sam Smith  ;I Feel Love  ;GB;Pop
Mayo;Radio;2021;86;Sech  ;911;PA;Urbano
Mayo;Radio;2021;87;Bruno Mars  ;That’s What I Like  ;US;Pop
Mayo;Radio;2021;88;"Play N Skillz; Daddy Yankee; Zion & Lennox  ";Bésame  ;"US; PR; US";Urbano
Mayo;Radio;2021;89;Ed Sheeran  ;Perfect  ;GB;Pop
Mayo;Radio;2021;90;"Lasso; Cami  ";Un Millón Como Tú  ;"VE; CL";Pop
Mayo;Radio;2021;91;Gepe  ;Fruta Y Té  ;CL;Folk/Indie
Mayo;Radio;2021;92;Café Tacvba  ;Eres  ;MX;Rock
Mayo;Radio;2021;93;Ariana Grande  ;Positions  ;US;Pop
Mayo;Radio;2021;94;"Farruko; Sech; Myke Towers Feat. Jay Wheeler  ";La Tóxica (Remix)  ;"PR; PA";Urbano
Mayo;Radio;2021;95;Gepe  ;Hablar De Ti  ;CL;Folk/Indie
Mayo;Radio;2021;96;Capital Cities  ;Safe And Sound  ;US;Pop
Mayo;Radio;2021;97;Luis Fonsi + Rauw Alejandro  ;Vacío  ;PR;Latino/Tropical
Mayo;Radio;2021;98;Los Tres  ;Un Amor Violento  ;CL;Rock
Mayo;Radio;2021;99;Natalie Imbruglia  ;Torn  ;AU;Rock
Mayo;Radio;2021;100;"Lele Pons; Guaynaa  ";Se Te Nota  ;"VE; PR";Urbano
Junio;Radio;2021;1;Rauw Alejandro  ;Todo De Ti  ;PR;Urbano
Junio;Radio;2021;2;Ricky Martin & Paloma Mami  ;Que Rico Fuera  ;PR;Pop
Junio;Radio;2021;3;"Justin Bieber Feat. Daniel Caesar; Giveon  ";Peaches  ;US;Pop
Junio;Radio;2021;4;Kali Uchis  ;Telepatia  ;US;Pop
Junio;Radio;2021;5;"Bruno Mars; Anderson .Paak; Silk Sonic  ";Leave The Door Open  ;"US; US; US";Pop
Junio;Radio;2021;6;"Carlos Vives; Ricky Martin  ";Cancion Bonita  ;"CO; PR";Pop
Junio;Radio;2021;7;Tini & Maria Becerra  ;Mienteme  ;AR;Pop
Junio;Radio;2021;8;"Sebastián Yatra; Myke Towers  ";Pareja Del Año  ;"CO; PR";Pop
Junio;Radio;2021;9;Daft Punk Feat. Pharrell Williams  ;Get Lucky  ;FR;Electronica
Junio;Radio;2021;10;"Los Legendarios; Wisin; Jay Cortez  ";Fiel  ;"PR; PR";Urbano
Junio;Radio;2021;11;Harry Styles  ;Watermelon Sugar  ;GB;Pop
Junio;Radio;2021;12;Billie Eilish  ;Your Power  ;US;Pop
Junio;Radio;2021;13;Olivia Rodrigo  ;Drivers License  ;US;Pop
Junio;Radio;2021;14;Boza  ;Hecha Pa' Mí  ;PA;Urbano
Junio;Radio;2021;15;Sebastián Yatra & Guaynaa  ;Chica Ideal  ;CO;Pop
Junio;Radio;2021;16;The Weeknd  ;Blinding Lights  ;CA;Pop
Junio;Radio;2021;17;Bad Bunny Feat. Jhay Cortez  ;Dakiti  ;PR;Urbano
Junio;Radio;2021;18;The Weeknd  ;Save Your Tears  ;CA;Pop
Junio;Radio;2021;19;"Camilo; El Alfa  ";Bebe  ;"CO; DO";Pop
Junio;Radio;2021;20;Doja Cat Feat. Sza  ;Kiss Me More  ;US;Pop
Junio;Radio;2021;21;"Guaynaa; Los Ángeles Azules  ";Cumbia A La Gente  ;"PR; MX";Urbano
Junio;Radio;2021;22;Coldplay  ;Higher Power  ;GB;Pop
Junio;Radio;2021;23;Maluma  ;Hawai  ;CO;Urbano
Junio;Radio;2021;24;"Karol G; Anuel Aa; J. Balvin  ";Location  ;"CO; PR; CO";Urbano
Junio;Radio;2021;25;Camilo  ;Vida De Rico  ;CO;Pop
Junio;Radio;2021;26;"J Balvin; Maria Becerra  ";Qué Más Pues?  ;"CO; AR";Urbano
Junio;Radio;2021;27;The Weeknd With Ariana Grande  ;Save Your Tears (Remix)  ;CA;Pop
Junio;Radio;2021;28;Dua Lipa  ;LEVITATING  ;GB;Pop
Junio;Radio;2021;29;"Denise Rosenthal; Lola Indigo  ";Demente  ;"CL; ES";Pop
Junio;Radio;2021;30;Anitta  ;Girl From Rio  ;BR;Latino/Tropical
Junio;Radio;2021;31;Camilo & Evaluna Montaner  ;Machu Picchu  ;CO;Pop
Junio;Radio;2021;32;Natti Natasha & Becky G  ;Ram Pam Pam  ;DO;Urbano
Junio;Radio;2021;33;Selena Gomez & Rauw Alejandro  ;Baila Conmigo  ;US;Pop
Junio;Radio;2021;34;Dua Lipa  ;Don't Start Now  ;GB;Pop
Junio;Radio;2021;35;Dua Lipa  ;Love Again  ;GB;Pop
Junio;Radio;2021;36;Lenny De La Rosa & Tito El Bambino  ;Si Nos Pasamos De Tragos  ;CU;Urbano
Junio;Radio;2021;37;Sofi De La Torre Feat. Pablo Alborán  ;Y Duele  ;ES;Pop
Junio;Radio;2021;38;BTS  ;Butter  ;KR;Pop
Junio;Radio;2021;39;David Guetta & Sia  ;Let's Love  ;FR;Electronica
Junio;Radio;2021;40;Reik & Maluma  ;Perfecta  ;MX;Pop
Junio;Radio;2021;41;"Justin Quiles Feat. Chimbala; Zion & Lennox  ";Loco  ;US;Urbano
Junio;Radio;2021;42;Ed Sheeran  ;Shape Of You  ;GB;Pop
Junio;Radio;2021;43;Jay Wheeler & Dj Nelson Feat. Myke Towers  ;La Curiosidad  ;PR;Urbano
Junio;Radio;2021;44;Pharrell Williams  ;Happy  ;US;Pop
Junio;Radio;2021;45;Karol G  ;BICHOTA  ;CO;Urbano
Junio;Radio;2021;46;Mon Laferte  ;Tu Falta De Querer  ;MX;Pop
Junio;Radio;2021;47;"Karol G; Mariah Angeliq  ";El Makinon  ;"CO; US";Urbano
Junio;Radio;2021;48;Daddy Yankee  ;Problema  ;PR;Urbano
Junio;Radio;2021;49;Harry Styles  ;Golden  ;GB;Pop
Junio;Radio;2021;50;Camilo  ;Millones  ;CO;Pop
Junio;Radio;2021;51;Tones And I  ;Dance Monkey  ;AU;Pop
Junio;Radio;2021;52;Karol G  ;"Ay; DiOs Mío!  ";CO;Urbano
Junio;Radio;2021;53;Miley Cyrus Feat. Dua Lipa  ;Prisoner  ;"US;GB";Pop
Junio;Radio;2021;54;Diego Torres  ;Color Esperanza  ;AR;Pop
Junio;Radio;2021;55;Black Eyed Peas X Shakira  ;Girl Like Me  ;US;Pop
Junio;Radio;2021;56;Mon Laferte Feat. Juanes  ;Amárrame  ;MX;Pop
Junio;Radio;2021;57;The Weeknd Feat. Daft Punk  ;I Feel It Coming  ;CA;Pop
Junio;Radio;2021;58;Cnco  ;Tan Enamorados  ;US;Urbano
Junio;Radio;2021;59;Luigy Boy Y La Florezta  ;Alo Michael  ;CU;Pop
Junio;Radio;2021;60;Soul Asylum  ;Runaway Train  ;US;Rock
Junio;Radio;2021;61;Gente De Zona Feat. Marc Anthony  ;La Gozadera (The Official 2021 Conmebol Copa América)  ;CUB;Urbano
Junio;Radio;2021;62;Soda Stereo  ;Persiana Americana  ;AR;Rock
Junio;Radio;2021;63;R.E.M.  ;Everybody Hurts  ;US;Rock
Junio;Radio;2021;64;"Karol G; Nicki Minaj  ";TUSA  ;"CO; US";Urbano
Junio;Radio;2021;65;"Manuel Turizo; Wisin & Yandel  ";Mala Costumbre  ;"CO; PR";Urbano
Junio;Radio;2021;66;Cami  ;Luna  ;CL;Pop
Junio;Radio;2021;67;Nicky Jam & El Alfa  ;Pikete  ;US;Urbano
Junio;Radio;2021;68;Ofenbach Feat. Lagique  ;Wasted Love  ;FR;Pop
Junio;Radio;2021;69;BACILOS  ;Mi Primer Millon  ;US;Pop
Junio;Radio;2021;70;"Lasso; Cami  ";Un Millón Como Tú  ;"VE; CL";Pop
Junio;Radio;2021;71;Sam Smith  ;I Feel Love  ;GB;Pop
Junio;Radio;2021;72;Mon Laferte  ;Se Me Va A Quemar El Corazón  ;MX;Pop
Junio;Radio;2021;73;Avicii  ;Wake Me Up  ;SE;Electronica
Junio;Radio;2021;74;Migrantes  ;Si Me Tomo Una Cerveza  ;AR;Latino/Tropical
Junio;Radio;2021;75;Flor De Rap & Denise Rosenthal  ;Bailalo Mujer  ;CL;Urbano
Junio;Radio;2021;76;"Dua Lipa; Dababy  ";Levitating (Feat. DaBaby)  ;"GB; US";Pop
Junio;Radio;2021;77;Ozuna  ;Tiempo  ;PR;Urbano
Junio;Radio;2021;78;Paloma Mami  ;Religiosa  ;US;Urbano
Junio;Radio;2021;79;Cami  ;Aquí Estoy  ;CL;Pop
Junio;Radio;2021;80;Manuel Turizo Feat. Maluma  ;Amor En Coma  ;CO;Urbano
Junio;Radio;2021;81;Francisca Valenzuela  ;Flotando  ;CL;Rock
Junio;Radio;2021;82;Gepe  ;Fruta Y Te  ;CL;Folk/Indie
Junio;Radio;2021;83;Mon Laferte  ;El Beso  ;MX;Pop
Junio;Radio;2021;84;Harry Styles  ;Adore You  ;GB;Pop
Junio;Radio;2021;85;Bad Bunny  ;Yonaguni  ;PR;Urbano
Junio;Radio;2021;86;Los Bunkers  ;Bailando Solo  ;CL;Rock
Junio;Radio;2021;87;Los Bunkers  ;Llueve Sobre La Ciudad  ;CL;Rock
Junio;Radio;2021;88;Los Tres  ;Un Amor Violento  ;CL;Rock
Junio;Radio;2021;89;Calvin Harris Feat. Dua Lipa  ;One Kiss  ;GB;Pop
Junio;Radio;2021;90;"Marshmello; Jonas Brothers  ";Leave Before You Love Me  ;"US; US";Electronica
Junio;Radio;2021;91;Luis Fonsi + Rauw Alejandro  ;Vacío  ;PR;Latino/Tropical
Junio;Radio;2021;92;Justin Timberlake;CAN'T STOP THE FEELING!  ;US;Pop
Junio;Radio;2021;93;Piso 21  ;Tan Bonita  ;CO;Urbano
Junio;Radio;2021;94;Maroon 5 Feat Christina Aguilera  ;Moves Like Jagger  ;US;Pop
Junio;Radio;2021;95;Bruno Mars;That’s What I Like  ;US;Pop
Junio;Radio;2021;96;Dua Lipa;We're Good  ;GB;Pop
Junio;Radio;2021;97;Gepe  ;Hablar De Ti  ;CL;Folk/Indie
Junio;Radio;2021;98;Capital Cities  ;Safe And Sound  ;US;Pop
Junio;Radio;2021;99;Gente De Zona Feat. Marc Anthony  ;La Gozadera  ;CU;Latino/Tropical
Junio;Radio;2021;100;Ed Sheeran  ;Perfect  ;GB;Pop
Julio;Radio;2021;1;Rauw Alejandro  ;Todo De Ti  ;PR;Urbano
Julio;Radio;2021;2;Ricky Martin & Paloma Mami  ;Que Rico Fuera  ;PR;Pop
Julio;Radio;2021;3;Denise Rosenthal  ;Tiene Sabor  ;CL;Pop
Julio;Radio;2021;4;"Carlos Vives; Ricky Martin  ";Cancion Bonita  ;"CO; PR";Pop
Julio;Radio;2021;5;"Sebastián Yatra; Myke Towers  ";Pareja Del Año  ;"CO; PR";Pop
Julio;Radio;2021;6;Kali Uchis  ;Telepatia  ;US;Pop
Julio;Radio;2021;7;"J Balvin; Maria Becerra  ";Qué Más Pues?  ;"CO; AR";Urbano
Julio;Radio;2021;8;Ed Sheeran  ;Bad Habits  ;GB;Pop
Julio;Radio;2021;9;"Los Legendarios; Wisin; Jay Cortez  ";Fiel  ;"PR; PR";Urbano
Julio;Radio;2021;10;"Justin Bieber Feat. Daniel Caesar; Giveon  ";"Peaches Feat. Daniel Caesar; Giveon  ";US;Pop
Julio;Radio;2021;11;Tini & Maria Becerra  ;Mienteme  ;AR;Pop
Julio;Radio;2021;12;"Bruno Mars; Anderson .Paak; Silk Sonic  ";Leave The Door Open  ;"US; US; US";Pop
Julio;Radio;2021;13;Enrique Iglesias Feat. Farruko  ;Me Pase  ;"ES;PR";Pop
Julio;Radio;2021;14;"Guaynaa; Los Ángeles Azules  ";Cumbia A La Gente  ;"PR; MX";Urbano
Julio;Radio;2021;15;Dua Lipa  ;Love Again  ;GB;Pop
Julio;Radio;2021;16;"J Balvin; Skrillex  ";In Da Getto  ;"CO; US";Urbano
Julio;Radio;2021;17;Daft Punk Feat. Pharrell Williams  ;Get Lucky Feat. Pharrell Williams  ;FR;Electronica
Julio;Radio;2021;18;Harry Styles  ;Watermelon Sugar  ;GB;Pop
Julio;Radio;2021;19;The Weeknd  ;Save Your Tears  ;CA;Pop
Julio;Radio;2021;20;Boza  ;Hecha Pa' Mí  ;PA;Urbano
Julio;Radio;2021;21;Lenny De La Rosa Feat Tito Bambino  ;Si Nos Pasamos De Tragos  ;CU;Urbano
Julio;Radio;2021;22;The Weeknd  ;Blinding Lights  ;CA;Pop
Julio;Radio;2021;23;"Camilo; El Alfa  ";Bebe  ;"CO; DO";Pop
Julio;Radio;2021;24;Natti Natasha & Becky G  ;Ram Pam Pam  ;DO;Urbano
Julio;Radio;2021;25;Los Prisioneros  ;Paramar  ;CL;Rock
Julio;Radio;2021;26;Camilo  ;Vida De Rico  ;CO;Pop
Julio;Radio;2021;27;Maluma  ;Hawai  ;CO;Urbano
Julio;Radio;2021;28;"The Weeknd; Ariana Grande  ";Save Your Tears (With Ariana Grande) (Remix)  ;"CA; US";Pop
Julio;Radio;2021;29;Sebastián Yatra & Guaynaa  ;Chica Ideal  ;CO;Pop
Julio;Radio;2021;30;Maluma  ;Sobrio  ;CO;Urbano
Julio;Radio;2021;31;Dua Lipa  ;LEVITATING  ;GB;Pop
Julio;Radio;2021;32;Charles & Eddie  ;Would I Lie To You?  ;US;Pop
Julio;Radio;2021;33;Farruko  ;Pepas  ;PR;Urbano
Julio;Radio;2021;34;Coldplay  ;Higher Power  ;GB;Pop
Julio;Radio;2021;35;Bts  ;Butter  ;KR;Pop
Julio;Radio;2021;36;Sofi De La Torre  ;Y Duele (Feat. Pablo Alborán)  ;ES;Pop
Julio;Radio;2021;37;Dubaii  ;Hola  ;PR;Urbano
Julio;Radio;2021;38;Bad Bunny  ;Yonaguni  ;PR;Urbano
Julio;Radio;2021;39;Lion La Voz  ;Tik - Tak  ;VEN;Urbano
Julio;Radio;2021;40;Dua Lipa  ;Don't Start Now  ;GB;Pop
Julio;Radio;2021;41;Doja Cat Feat Sza  ;Kiss Me More  ;US;Pop
Julio;Radio;2021;42;Iván Alejandro  ;Me Enamoré De Ti  ;CL;Folk/Indie
Julio;Radio;2021;43;Billie Eilish  ;Your Power  ;US;Pop
Julio;Radio;2021;44;Bad Bunny Feat. Jhay Cortez  ;Dakiti  ;PR;Urbano
Julio;Radio;2021;45;Sam Smith  ;I Feel Love  ;GB;Pop
Julio;Radio;2021;46;"Karol G; Anuel Aa; J. Balvin  ";Location  ;"CO; PR; CO";Urbano
Julio;Radio;2021;47;David Guetta & Sia  ;Let's Love  ;FR;Electronica
Julio;Radio;2021;48;Jay Wheeler & Dj Nelson (Feat. Myke Towers)  ;La Curiosidad  ;PR;Urbano
Julio;Radio;2021;49;Olivia Rodrigo  ;Drivers License  ;US;Pop
Julio;Radio;2021;50;Pharrell Williams  ;Happy  ;US;Pop
Julio;Radio;2021;51;"Marshmello; Jonas Brothers  ";Leave Before You Love Me  ;"US; US";Electronica
Julio;Radio;2021;52;"Denise Rosenthal; Lola Indigo  ";Demente  ;"CL; ES";Pop
Julio;Radio;2021;53;Mon Laferte  ;Tu Falta De Querer  ;MX;Pop
Julio;Radio;2021;54;"Drefquila; Killua97; C-Funk  ";Tu Sabor  ;CL;Urbano
Julio;Radio;2021;55;"Karol G; Mariah Angeliq  ";El Makinon  ;"CO; US";Urbano
Julio;Radio;2021;56;Anitta  ;Girl From Rio  ;BR;Latino/Tropical
Julio;Radio;2021;57;Calvin Harris Feat. Dua Lipa  ;One Kiss  ;GB;Pop
Julio;Radio;2021;58;Tones And I  ;Dance Monkey  ;AU;Pop
Julio;Radio;2021;59;Shania Twain  ;Man! I Feel Like A Woman!  ;CA;Pop
Julio;Radio;2021;60;Justin Quiles  ;"Loco (Feat. Chimbala; Zion & Lennox)  ";PR;Urbano
Julio;Radio;2021;61;Harry Styles  ;Golden  ;GB;Pop
Julio;Radio;2021;62;Karol G  ;"Ay; DiOs Mío!  ";CO;Urbano
Julio;Radio;2021;63;Selena Gomez & Rauw Alejandro  ;Baila Conmigo  ;US;Pop
Julio;Radio;2021;64;Dire Straits  ;Sultans Of Swing  ;GB;Rock
Julio;Radio;2021;65;Ed Sheeran  ;Shape Of You  ;GB;Pop
Julio;Radio;2021;66;"Karol G; Nicki Minaj  ";TUSA  ;"CO; US";Urbano
Julio;Radio;2021;67;R.E.M.  ;Everybody Hurts  ;US;Pop
Julio;Radio;2021;68;Domino Saints  ;Dancefreak  ;PR;Urbano
Julio;Radio;2021;69;Camilo & Evaluna Montaner  ;Machu Picchu  ;CO;Pop
Julio;Radio;2021;70;Soda Stereo  ;Persiana Americana  ;AR;Rock
Julio;Radio;2021;71;Miley Cyrus Feat. Dua Lipa  ;Prisoner  ;"US;GB";Pop
Julio;Radio;2021;72;Cnco  ;Tan Enamorados  ;US;Urbano
Julio;Radio;2021;73;"Manuel Turizo; Wisin & Yandel  ";Mala Costumbre  ;"CO; PR";Urbano
Julio;Radio;2021;74;The Cardigans  ;Lovefool (Radio Edit)  ;SE;Pop
Julio;Radio;2021;75;Morat Y Danna Paola  ;Idiota  ;"CO;MX";Pop
Julio;Radio;2021;76;Queen  ;"I Want To Break Free (Live At The Nepstadion; Budapest / 1986)  ";GB;Rock
Julio;Radio;2021;77;The Weeknd Feat. Daft Punk  ;I Feel It Coming Feat. Daft Punk  ;CA;Pop
Julio;Radio;2021;78;"Sofia Reyes; Pedro Capó  ";Casualidad  ;"MX; PR";Pop
Julio;Radio;2021;79;Galantis Feat David Guetta Little Mix  ;Heartbreak Anthem  ;SE;Pop
Julio;Radio;2021;80;Lorde  ;Solar Power  ;NZ;Pop
Julio;Radio;2021;81;Nicky Jam & El Alfa  ;Pikete  ;US;Urbano
Julio;Radio;2021;82;Migrantes  ;Si Me Tomo Una Cerveza  ;AR;Latino/Tropical
Julio;Radio;2021;83;Mon Laferte  ;El Beso  ;MX;Pop
Julio;Radio;2021;84;Gepe  ;Hablar De Ti  ;CL;Folk/Indie
Julio;Radio;2021;85;Harry Styles  ;Adore You  ;GB;Pop
Julio;Radio;2021;86;Karol G  ;BICHOTA  ;CO;Urbano
Julio;Radio;2021;87;Riton X Nightcrawlers Feat. Mufasa & Hypeman  ;Friday  ;GB;Electronica
Julio;Radio;2021;88;Daddy Yankee  ;Problema  ;PR;Urbano
Julio;Radio;2021;89;Chico Trujillo  ;La Escoba  ;CL;Latino/Tropical
Julio;Radio;2021;90;Gepe  ;Fruta Y Te  ;CL;Folk/Indie
Julio;Radio;2021;91;Black Eyed Peas X Shakira  ;Girl Like Me  ;"US;CO";Pop
Julio;Radio;2021;92;Cami  ;Aquí Estoy  ;CL;Pop
Julio;Radio;2021;93;Avicii  ;Wake Me Up  ;SE;Electronica
Julio;Radio;2021;94;"Calvin Harris; Sam Smith  ";Promises  ;GB;Electronica
Julio;Radio;2021;95;Paloma Mami  ;Fingías  ;US;Urbano
Julio;Radio;2021;96;Bella Poarch  ;Build A Bitch  ;US;Pop
Julio;Radio;2021;97;Mon Laferte Feat. Juanes  ;Amárrame Feat. Juanes  ;MX-CH;Pop
Julio;Radio;2021;98;No Doubt  ;Don't Speak  ;US;Rock
Julio;Radio;2021;99;Luis Fonsi + Rauw Alejandro  ;Vacío  ;PR;Latino/Tropical
Julio;Radio;2021;100;Natalie Imbruglia  ;Torn  ;AU;Rock
Agosto;Radio;2021;1;Rauw Alejandro;Todo De Ti;PR;Urbano
Agosto;Radio;2021;2;Ricky Martin & Paloma Mami;Que Rico Fuera;PR;Pop
Agosto;Radio;2021;3;"Carlos Vives; Ricky Martin";Canción Bonita;"CO; PR";Pop
Agosto;Radio;2021;4;Farruko;Pepas;PR;Urbano
Agosto;Radio;2021;5;"J Balvin; Maria Becerra";Qué Más Pues?;"CO; AR";Urbano
Agosto;Radio;2021;6;Ed Sheeran;Bad Habits;GB;Pop
Agosto;Radio;2021;7;Kali Uchis;Telepatía;US;Pop
Agosto;Radio;2021;8;"Sebastián Yatra; Myke Towers";Pareja Del Año;"CO; PR";Pop
Agosto;Radio;2021;9;"Los Legendarios; Wisin; Jay Cortez";Fiel;"PR; PR";Urbano
Agosto;Radio;2021;10;"Justin Bieber Feat. Daniel Caesar; Giveon";Peaches;US;Pop
Agosto;Radio;2021;11;Enrique Iglesias Feat. Farruko;Me Pasé;"ES;PR";Pop
Agosto;Radio;2021;12;Tini & Maria Becerra;Mienteme;AR;Pop
Agosto;Radio;2021;13;"Guaynaa; Los Ángeles Azules";Cumbia A La Gente;"PR; MX";Urbano
Agosto;Radio;2021;14;"Bruno Mars; Anderson .Paak";Leave The Door Open;"US; US";Pop
Agosto;Radio;2021;15;"J Balvin; Skrillex";In Da Getto;"CO; US";Urbano
Agosto;Radio;2021;16;Camilo & Shawn Mendes;KESI Remix;CO;Pop
Agosto;Radio;2021;17;Maluma;Sobrio;CO;Urbano
Agosto;Radio;2021;18;Daft Punk;Get Lucky Feat. Pharrell Williams;FR;Electronica
Agosto;Radio;2021;19;Harry Styles;Watermelon Sugar;GB;Pop
Agosto;Radio;2021;20;Morat;Cuando Nadie Ve;CO;Pop
Agosto;Radio;2021;21;Dua Lipa;Love Again;GB;Pop
Agosto;Radio;2021;22;Cnco;Toa La Noche;US;Urbano
Agosto;Radio;2021;23;Maceo Parker;Chicken;US;Otro
Agosto;Radio;2021;24;"Aventura; Bad Bunny";Volví;"US; PR";Latino/Tropical
Agosto;Radio;2021;25;"Sofia Reyes; Pedro Capó";Casualidad;"MX; PR";Pop
Agosto;Radio;2021;26;Natti Natasha & Becky G;Ram Pam Pam;DO;Urbano
Agosto;Radio;2021;27;Silk Sonic;Skate;US;Pop
Agosto;Radio;2021;28;Los Prisioneros;Paramar;CL;Rock
Agosto;Radio;2021;29;The Weeknd;Save Your Tears;CA;Pop
Agosto;Radio;2021;30;Charles & Eddie;Would I Lie To You?;US;Pop
Agosto;Radio;2021;31;Santaferia;Algún Día Volverás;CL;Latino/Tropical
Agosto;Radio;2021;32;"Camilo; El Alfa";Bebe;"CO; DO";Pop
Agosto;Radio;2021;33;"Crissin; Totoy El Frio; Natan & Shander";"Poblado Feat. Crissin; Totoy El Frio; Natan & Shander";"CO; CO; BE";Urbano
Agosto;Radio;2021;34;Lenny De La Rosa Feat;Si Nos Pasamos De Tragos;CU;Urbano
Agosto;Radio;2021;35;The Weeknd;Save Your Tears (With Ariana Grande) (Remix);CA;Pop
Agosto;Radio;2021;36;Maluma;Hawai;CO;Urbano
Agosto;Radio;2021;37;Dua Lipa;Don't Start Now;GB;Pop
Agosto;Radio;2021;38;The Weeknd;Blinding Lights;CA;Pop
Agosto;Radio;2021;39;Boza;Hecha Pa' Mí;PA;Urbano
Agosto;Radio;2021;40;Sofi De La Torre;Y Duele (Feat. Pablo Alborán);ES;Pop
Agosto;Radio;2021;41;Lion La Voz;Tik - Tak;VE;Urbano
Agosto;Radio;2021;42;Dua Lipa;LEVITATING;GB;Pop
Agosto;Radio;2021;43;Dubaii;Hola;PR;Urbano
Agosto;Radio;2021;44;The Weeknd;Take My Breath;CA;Pop
Agosto;Radio;2021;45;Dire Straits;Sultans Of Swing;GB;Rock
Agosto;Radio;2021;46;Mon Laferte;Tu Falta De Querer;MX;Pop
Agosto;Radio;2021;47;Camilo;Vida De Rico;CO;Pop
Agosto;Radio;2021;48;Pharrell Williams;Happy;US;Pop
Agosto;Radio;2021;49;Bad Bunny Feat. Jhay Cortez;Dakiti;PR;Urbano
Agosto;Radio;2021;50;Shakira;Don't Wait Up;CO;Pop
Agosto;Radio;2021;51;Denise Rosenthal;Lucha En Equilibrio;CL;Pop
Agosto;Radio;2021;52;"Karol G; Mariah Angeliq";El Makinon;"CO; US";Urbano
Agosto;Radio;2021;53;Sam Smith;I Feel Love;GB;Pop
Agosto;Radio;2021;54;Coldplay;Higher Power;GB;Pop
Agosto;Radio;2021;55;Calvin Harris Feat Dua Lipa;One Kiss;GB;Pop
Agosto;Radio;2021;56;Billie Eilish;Your Power;US;Pop
Agosto;Radio;2021;57;Olivia Rodrigo;Drivers License;US;Pop
Agosto;Radio;2021;58;Doja Cat Feat Sza;Kiss Me More;US;Pop
Agosto;Radio;2021;59;Shania Twain;Man! I Feel Like A Woman!;CA;Pop
Agosto;Radio;2021;60;Bad Bunny;Yonaguni;PR;Urbano
Agosto;Radio;2021;61;Ed Sheeran;Shape Of You;GB;Pop
Agosto;Radio;2021;62;Bts;Butter;KR;Pop
Agosto;Radio;2021;63;R.E.M.;Everybody Hurts;US;Rock
Agosto;Radio;2021;64;Andrés Calamaro;Loco;AR;Rock
Agosto;Radio;2021;65;David Guetta & Sia;Let's Love;FR;Electronica
Agosto;Radio;2021;66;Harry Styles;Golden;GB;Pop
Agosto;Radio;2021;67;Tones And I;Dance Monkey;AU;Pop
Agosto;Radio;2021;68;"Marshmello; Jonas Bro";Leave Before You Love Me;US;Electronica
Agosto;Radio;2021;69;"Nio Garcia; J Balvin; Bad Bunny";AM Remix;"PR; CO; PR";Urbano
Agosto;Radio;2021;70;Bizarrap;"Bzrp Music Sessions; Vol. 41";AR;Urbano
Agosto;Radio;2021;71;"Emil; Reykon; Bo";Mente Abierta;"US; CO; US";Urbano
Agosto;Radio;2021;72;Migrantes;Si Me Tomo Una Cerveza;AR;Latino/Tropical
Agosto;Radio;2021;73;Morat Y Danna Paola;Idiota;"CO;MX";Pop
Agosto;Radio;2021;74;Mon Laferte;El Beso;MX;Pop
Agosto;Radio;2021;75;Iván Alejandro;Me Enamoré De Ti;CL;Folk/Indie
Agosto;Radio;2021;76;Sebastián Yatra & Guaynaa;Chica Ideal;CO;Pop
Agosto;Radio;2021;77;Riton X Nightcrawlers Feat. Mufasa & Hypem;Friday;GB;Electronica
Agosto;Radio;2021;78;Sech;Sal Y Perrea;PA;Urbano
Agosto;Radio;2021;79;Tiësto & Karol G;Don't Be Shy;NL;Electronica
Agosto;Radio;2021;80;"Bruno Mars; Anderson .Paak";Leave The Door Open;"US; US";Pop
Agosto;Radio;2021;81;Jorge González;Mi Casa En El Arbol;CL;Rock
Agosto;Radio;2021;82;Natalie Imbruglia;Torn;AU;Rock
Agosto;Radio;2021;83;Gente De Zona Feat. Marc Anthony;La Gozadera;CB;Latino/Tropical
Agosto;Radio;2021;84;Karol G;"Ay; DiOs Mío!";CO;Urbano
Agosto;Radio;2021;85;Gepe;Fruta Y Te;CL;Folk/Indie
Agosto;Radio;2021;86;Queen  ;"I Want To Break Free (Live At The Nepstadion; Budape";GB;Rock
Agosto;Radio;2021;87;Lorde  ;Solar Power;NZ;Pop
Agosto;Radio;2021;88;Camila Cabello;Don't Go Yet;US;Pop
Agosto;Radio;2021;89;Gepe;Hablar De Ti;CL;Folk/Indie
Agosto;Radio;2021;90;Harry Styles;Adore You;GB;Pop
Agosto;Radio;2021;91;Mon Laferte;Amárrame Feat. Juanes;MX;Pop
Agosto;Radio;2021;92;Nicky Jam & El Alfa;Pikete;US;Urbano
Agosto;Radio;2021;93;Wisin & Los Legendarios;Playita;PR;Urbano
Agosto;Radio;2021;94;Justin Quile;"Loco (Feat. Chimbala; Zion & Lennox)";US;Urbano
Agosto;Radio;2021;95;Marc Anthony;Vivir Mi Vida;US;Latino/Tropical
Agosto;Radio;2021;96;Paloma Mami;Fingías;US;Urbano
Agosto;Radio;2021;97;Cami;Aquí Estoy;CL;Pop
Agosto;Radio;2021;98;"Karol G; Anuel Aa; J. Balvin";Location;"CO; PR; CO";Urbano
Agosto;Radio;2021;99;Café Tacvba;Eres;MX;Rock
Agosto;Radio;2021;100;"Karol G; Nicki Minaj";TUSA;"CO; US";Urbano
Septiembre;Radio;2021;1;Rauw Alejandro;Todo De Ti;PR;Urbano
Septiembre;Radio;2021;2;Farruko;Pepas;PR;Urbano
Septiembre;Radio;2021;3;Ricky Martin & Paloma Mami;Que Rico Fuera;PR;Rock
Septiembre;Radio;2021;4;Los Jaivas;Sube A Nacer Conmigo Hermano;CL;Rock
Septiembre;Radio;2021;5;Maluma;Sobrio;CO;Urbano
Septiembre;Radio;2021;6;"Carlos Vives; Ricky Martin";Cancion Bonita;"CO; PR";Pop
Septiembre;Radio;2021;7;Ed Sheeran;Bad Habits;GB;Pop
Septiembre;Radio;2021;8;"J Balvin; Maria Becerra";Qué Más Pues?;"CO; AR";Urbano
Septiembre;Radio;2021;9;"Sebastián Yatra; Myke Towers";Pareja Del Año;"CO; PR";Pop
Septiembre;Radio;2021;10;Tini & Maria Becerra;Mienteme;AR;Pop
Septiembre;Radio;2021;11;Justin Bieber;"Peaches Feat. Daniel Caesar; Giveon";CA;Pop
Septiembre;Radio;2021;12;Camilo & Shawn Mendes;KESI Remix;CO;Pop
Septiembre;Radio;2021;13;Cnco;Toa La Noche;US;Urbano
Septiembre;Radio;2021;14;"Elton John; Dua Lipa";Cold Heart (PNAU Remix);"GB; GB";Pop
Septiembre;Radio;2021;15;"Los Legendarios; Wisin; Jay Cortez";Fiel;"PR; PR";Urbano
Septiembre;Radio;2021;16;Tiësto & Karol G;Don't Be Shy;NL;Electronica
Septiembre;Radio;2021;17;"Bruno Mars; Anderson .Paak; Silk Sonic";Leave The Door Open;"US; US; US";Pop
Septiembre;Radio;2021;18;"Sofia Reyes; Pedro Capó";Casualidad;"MX; PR";Pop
Septiembre;Radio;2021;19;Harry Styles;Watermelon Sugar;GB;Pop
Septiembre;Radio;2021;20;"J Balvin; Skrillex";In Da Getto;"CO; US";Urbano
Septiembre;Radio;2021;21;The Weeknd;Take My Breath;CA;Pop
Septiembre;Radio;2021;22;Daft Punk;Get Lucky Feat. Pharrell Williams;FR;Electronica
Septiembre;Radio;2021;23;Enrique Iglesias Feat. Farruko;Me Pase;"ES;PR";Pop
Septiembre;Radio;2021;24;"Aventura; Bad Bunny";Volvi;"US; PR";Latino/Tropical
Septiembre;Radio;2021;25;"Guaynaa; Los Ángeles Azules";Cumbia A La Gente;"PR; MX";Urbano
Septiembre;Radio;2021;26;Wisin & Los Legendarios;Playita;PR;Urbano
Septiembre;Radio;2021;27;Charles & Eddie;Would I Lie To You?;US;Pop
Septiembre;Radio;2021;28;Santaferia;Algún Día Volverás;CL;Latino/Tropical
Septiembre;Radio;2021;29;Dua Lipa;LEVITATING;GB;Pop
Septiembre;Radio;2021;30;Dua Lipa;Love Again;GB;Pop
Septiembre;Radio;2021;31;Natti Natasha & Becky G;Ram Pam Pam;DO;Urbano
Septiembre;Radio;2021;32;Kali Uchis;Telepatia;US;Pop
Septiembre;Radio;2021;33;"Crissin; Totoy El Frio; Natan & Shander";"Poblado Feat. Crissin; Totoy El Frio; Natan & Shander";"CO; CO; BE";Urbano
Septiembre;Radio;2021;34;Marc Anthony;Pa'lla Voy (Africando);US;Latino/Tropical
Septiembre;Radio;2021;35;Silk Sonic;Skate;US;Pop
Septiembre;Radio;2021;36;Boza;Hecha Pa' Mí;PA;Urbano
Septiembre;Radio;2021;37;The Weekend;Save Your Tears (With Ariana Grande) (Remix);CA;Pop
Septiembre;Radio;2021;38;Sech;Sal Y Perrea;PA;Urbano
Septiembre;Radio;2021;39;"Camilo; El Alfa";Bebe;"CO; DO";Pop
Septiembre;Radio;2021;40;NATALINO;Desde Que Te Vi;CL;Pop
Septiembre;Radio;2021;41;Los;La Vida Que Yo He Pasado (Unplugged Version);US;Rock
Septiembre;Radio;2021;42;Mon Laferte;Tu Falta De Querer;MX;Pop
Septiembre;Radio;2021;43;Bad Bunny Feat. Jhay Cortez;Dakiti;PR;Urbano
Septiembre;Radio;2021;44;Marcianeke & Pailita;Dimelo Ma;CL;Urbano
Septiembre;Radio;2021;45;Migrantes;Si Me Tomo Una Cerveza;AR;Latino/Tropical
Septiembre;Radio;2021;46;Harry Styles;Golden;GB;Pop
Septiembre;Radio;2021;47;Pharrell Williams;Happy;US;Pop
Septiembre;Radio;2021;48;"Carlos Vives; Mau Y Ricky; Lucy Viv";Besos En Cualquier Horario;"CO; VE";Pop
Septiembre;Radio;2021;49;Doja Cat Feat Sza;Kiss Me More;US;Pop
Septiembre;Radio;2021;50;Lion La Voz;Tik - Tak;VE;Urbano
Septiembre;Radio;2021;51;Daddy Yankee;MÉTELE AL PERREO;PR;Urbano
Septiembre;Radio;2021;52;Dua Lipa;Don't Start Now;GB;Pop
Septiembre;Radio;2021;53;Camilo;Vida De Rico;CO;Pop
Septiembre;Radio;2021;54;The Weeknd;Blinding Lights;CA;Pop
Septiembre;Radio;2021;55;"Emil; Reykon; Bo";Mente Abierta;"US; CO; US";Urbano
Septiembre;Radio;2021;56;Shakira;Don't Wait Up;CO;Pop
Septiembre;Radio;2021;57;Myke Towers;Almas Gemelas;PR;Urbano
Septiembre;Radio;2021;58;Queen;I Want To Break Free (Live At The Nepstadion);GB;Rock
Septiembre;Radio;2021;59;Gepe;Fruta Y Te;CL;Folk/Indie
Septiembre;Radio;2021;60;Los Bunkers;Bailando Solo;CL;Rock
Septiembre;Radio;2021;61;Jorge González;Mi Casa En El Arbol;CL;Rock
Septiembre;Radio;2021;62;Lenny De La Rosa Feat Tito Bambin;Si Nos Pasamos De Tragos;CU;Urbano
Septiembre;Radio;2021;63;PRINCE ROYCE;Lao' A Lao';US;Latino/Tropical
Septiembre;Radio;2021;64;Calvin Harris Feat Dua Lipa;One Kiss;GB;Pop
Septiembre;Radio;2021;65;Los;Quien Es La Que Viene Alli (Unplugged Version);US;Rock
Septiembre;Radio;2021;66;Dire Straits;Sultans Of Swing;GB;Rock
Septiembre;Radio;2021;67;Coldplay;Higher Power;GB;Pop
Septiembre;Radio;2021;68;Billie Eilish;Your Power;US;Pop
Septiembre;Radio;2021;69;Maluma;Hawai;CO;Urbano
Septiembre;Radio;2021;70;Olivia Rodrigo;Drivers License;US;Pop
Septiembre;Radio;2021;71;Shania Twain;Man! I Feel Like A Woman!;CA;Pop
Septiembre;Radio;2021;72;"Bruno Mars; Anderson .Paak; Silk Sonic";Leave The Door Open;"US; US; US";Pop
Septiembre;Radio;2021;73;"Karol G; Mariah Angeliq";El Makinon;"CO; US";Urbano
Septiembre;Radio;2021;74;Nio Garcia;Tus Poses;PR;Urbano
Septiembre;Radio;2021;75;R.E.M.;Everybody Hurts;US;Rock
Septiembre;Radio;2021;76;Illapu;Lejos Del Amor;CL;Folk/Indie
Septiembre;Radio;2021;77;Denise Rosenthal;Me Enamoré De Mí;CL;Pop
Septiembre;Radio;2021;78;Dubaii;Hola;PR;Urbano
Septiembre;Radio;2021;79;Mon Laferte;Amárrame;MX-CH;Pop
Septiembre;Radio;2021;80;Bad Bunny;Yonaguni;PR;Urbano
Septiembre;Radio;2021;81;"Marshmello; Jonas Brothers";Leave Before You Love Me;"US; US";Electronica
Septiembre;Radio;2021;82;Tones And I;Dance Monkey;AU;Pop
Septiembre;Radio;2021;83;Gepe;Hablar De Ti;CL;Folk/Indie
Septiembre;Radio;2021;84;Ed Sheeran;Shape Of You;GB;Pop
Septiembre;Radio;2021;85;Justin Quiles;Loco;PR;Urbano
Septiembre;Radio;2021;86;Camila Cabello;Don't Go Yet;US;Pop
Septiembre;Radio;2021;87;Santaferia;Sakate Uno;CL;Latino/Tropical
Septiembre;Radio;2021;88;Harry Styles;Adore You;GB;Pop
Septiembre;Radio;2021;89;"Bizarrap; Nicky";"Nicky Jam: Bzrp Music Sessions; Vol. 41";"AR; NL";Urbano
Septiembre;Radio;2021;90;Lorde;Solar Power;NZ;Pop
Septiembre;Radio;2021;91;Noche De Brujas;Oyeme;CL;Latino/Tropical
Septiembre;Radio;2021;92;Nicky Jam & El Alfa;Pikete;US;Urbano
Septiembre;Radio;2021;93;Karol G;"Ay; DiOs Mío!";CO;Urbano
Septiembre;Radio;2021;94;Joe Vasconcellos;Las Seis;CL;Rock
Septiembre;Radio;2021;95;Noche De Brujas;Me Gusta Todo De Ti;CL;Latino/Tropical
Septiembre;Radio;2021;96;Los Prisioneros;Tren Al Sur;CL;Rock
Septiembre;Radio;2021;97;The Cardigans;Lovefool (Radio Edit);SE;Pop
Septiembre;Radio;2021;98;Los Tres;Un Amor Violento;CL;Rock
Septiembre;Radio;2021;99;La Ley;Doble Opuesto;CL;Rock
Septiembre;Radio;2021;100;Marc Anthony;Vivir Mi Vida;US;Latino/Tropical
Octubre;Radio;2021;1;Farruko;Pepas;PR;Urbano
Octubre;Radio;2021;2;Rauw Alejandro;Todo De Ti;PR;Urbano
Octubre;Radio;2021;3;Ricky Martin & Paloma Mami;Que Rico Fuera;PR;Pop
Octubre;Radio;2021;4;Maluma;Sobrio;CO;Urbano
Octubre;Radio;2021;5;"Carlos Vives; Ricky Martin";Cancion Bonita;"CO; PR";Pop
Octubre;Radio;2021;6;"Elton John; Dua Lipa";Cold Heart (PNAU Remix);"GB; GB";Pop
Octubre;Radio;2021;7;"Sebastián Yatra; Myke Towers";Pareja Del Año;"CO; PR";Pop
Octubre;Radio;2021;8;Francisca Valenzuela;Castillo De Cristal;CL;Rock
Octubre;Radio;2021;9;Ed Sheeran;Bad Habits;GB;Pop
Octubre;Radio;2021;10;"Coldplay; Bts";My Universe;"GB; KR";Pop
Octubre;Radio;2021;11;"Luis Fonsi; D";Despacito (Featuring Daddy Yankee);"PR; US";Urbano
Octubre;Radio;2021;12;The Weeknd;Take My Breath;CA;Pop
Octubre;Radio;2021;13;Harry Styles;Watermelon Sugar;GB;Pop
Octubre;Radio;2021;14;"Sofia Reyes; Pedro Capó";Casualidad;"MX; PR";Pop
Octubre;Radio;2021;15;"J Balvin; Maria Becerra";Qué Más Pues?;"CO; AR";Urbano
Octubre;Radio;2021;16;Tini & Maria Becerra;Mienteme;AR;Pop
Octubre;Radio;2021;17;Justin Bieber ;"Peaches Feat. Daniel Caesar; Giveon";US;Pop
Octubre;Radio;2021;18;Camilo & Shawn Mendes;KESI Remix;CO;Pop
Octubre;Radio;2021;19;Sech;Sal Y Perrea;PA;Urbano
Octubre;Radio;2021;20;Tiësto & Karol G;Don't Be Shy;NL;Electronica
Octubre;Radio;2021;21;Silk Sonic;Skate;US;Pop
Octubre;Radio;2021;22;"Bruno Mars; Anderson .Paak";Leave The Door Open;"US; US";Pop
Octubre;Radio;2021;23;"Los Legendarios; Wisin; Jay Cortez";Fiel;"PR; PR";Urbano
Octubre;Radio;2021;24;Mon Laferte;Algo Es Mejor;MX;Pop
Octubre;Radio;2021;25;Wisin & Los Legendarios;Playita;PR;Urbano
Octubre;Radio;2021;26;Ed Sheeran;Shivers;GB;Pop
Octubre;Radio;2021;27;"Aventura; Bad Bunny";Volvi;"US; PR";Latino/Tropical
Octubre;Radio;2021;28;"J Balvin; Skrillex";In Da Getto;"CO; US";Urbano
Octubre;Radio;2021;29;"Crissin; Totoy El Frio; Natan & Shander";"Poblado Feat. Crissin; Totoy El Frio; Natan & Shander";"CO; CO; BE";Urbano
Octubre;Radio;2021;30;Dua Lipa;Love Again;GB;Pop
Octubre;Radio;2021;31;Luis Fonsi Feat. Demi Lovato;Echame La Culpa;"PR;US";Urbano
Octubre;Radio;2021;32;Charles & Eddie;Would I Lie To You?;US;Pop
Octubre;Radio;2021;33;"Guaynaa; Los Ángeles Azules";Cumbia A La Gente;"PR; MX";Urbano
Octubre;Radio;2021;34;Adele;Easy On Me;GB;Pop
Octubre;Radio;2021;35;Boza;Hecha Pa' Mí;PA;Urbano
Octubre;Radio;2021;36;Los Tres;La Espada Y La Pared;CL;Rock
Octubre;Radio;2021;37;Marcianeke & Pailita;Dimelo Ma;CL;Urbano
Octubre;Radio;2021;38;The Weeknd;Save Your Tears (With Ariana Grande) (Remix);CA;Pop
Octubre;Radio;2021;39;Natti Natasha & Becky G;Ram Pam Pam;DO;Urbano
Octubre;Radio;2021;40;The Weeknd;Blinding Lights;CA;Pop
Octubre;Radio;2021;41;Los Tres;La Torre De Babel;CL;Rock
Octubre;Radio;2021;42;Marc Anthony;Pa'lla Voy (Africando);US;Latino/Tropical
Octubre;Radio;2021;43;Pharrell Williams;Happy;US;Pop
Octubre;Radio;2021;44;Camilo & Evaluna Montaner;Indigo;CO;Pop
Octubre;Radio;2021;45;Enrique Iglesias Feat. Farruko;Me Pase;"ES;PR";Latino/Tropical
Octubre;Radio;2021;46;Cnco;Toa La Noche;US;Urbano
Octubre;Radio;2021;47;Kali Uchis;Telepatia;US;Pop
Octubre;Radio;2021;48;Mon Laferte;Tu Falta De Querer;MX-CH;Pop
Octubre;Radio;2021;49;Dua Lipa;LEVITATING;GB;Pop
Octubre;Radio;2021;50;Shania Twain;Man! I Feel Like A Woman!;CA;Pop
Octubre;Radio;2021;51;Alejandro Sanz;Mares De Miel;ES;Pop
Octubre;Radio;2021;52;Villa Cariño;Serenata Cruel;CL;Latino/Tropical
Octubre;Radio;2021;53;Noche De Brujas;Me Gusta Todo De Ti;CL;Latino/Tropical
Octubre;Radio;2021;54;Plumas;Cerca Del Sol;CL;Rock
Octubre;Radio;2021;55;Dua Lipa;Don't Start Now;GB;Pop
Octubre;Radio;2021;56;Pablo Pesadilla X Dunguita X Pollo;Cómo Olvidarte;CL;Pop
Octubre;Radio;2021;57;George Michael;Careless Whisper;GB;Pop
Octubre;Radio;2021;58;Måneskin;Beggin';IT;Rock
Octubre;Radio;2021;59;Migrantes;Si Me Tomo Una Cerveza;AR;Latino/Tropical
Octubre;Radio;2021;60;Dire Straits;Sultans Of Swing;GB;Rock
Octubre;Radio;2021;61;Calvin Harris Feat Dua Lipa;One Kiss;GB;Pop
Octubre;Radio;2021;62;Ed Sheeran;Shape Of You;GB;Pop
Octubre;Radio;2021;63;Camilo;Vida De Rico;CO;Pop
Octubre;Radio;2021;64;Justin Quile;"Loco (Feat. Chimbala; Zion & Lennox)";US;Urbano
Octubre;Radio;2021;65;Piso 21;Nadie La Controla;CO;Urbano
Octubre;Radio;2021;66;"Bruno Mars; Anderson .Paak";Leave The Door Open;"US; US";Pop
Octubre;Radio;2021;67;Jorge González;Mi Casa En El Arbol;CL;Rock
Octubre;Radio;2021;68;R.E.M.;Everybody Hurts;US;Rock
Octubre;Radio;2021;69;Bad Bunny;Yonaguni;PR;Urbano
Octubre;Radio;2021;70;Harry Styles;Golden;GB;Pop
Octubre;Radio;2021;71;Olivia Rodrigo;Drivers License;US;Pop
Octubre;Radio;2021;72;Bad Bunny Feat. Jhay Cortez;Dakiti;PR;Urbano
Octubre;Radio;2021;73;Maluma;Hawai;CO;Urbano
Octubre;Radio;2021;74;Soda Stereo;De Música Ligera;AR;Rock
Octubre;Radio;2021;75;Noche De Brujas;Debería Odiarte;CL;Latino/Tropical
Octubre;Radio;2021;76;"Sofia Reyes; Becky G";Mal De Amores;"MX; US";Pop
Octubre;Radio;2021;77;Gepe;Fruta Y Te;CL;Folk/Indie
Octubre;Radio;2021;78;Dream;CAN'T STOP THE FEELING! (Original Song From Dream;DE;Pop
Octubre;Radio;2021;79;"Justin Quiles; Maluma";La Botella;"PR; CO";Urbano
Octubre;Radio;2021;80;Harry Styles;Adore You;GB;Pop
Octubre;Radio;2021;81;Camila Cabello;Don't Go Yet;US;Pop
Octubre;Radio;2021;82;Santaferia;Algún Día Volverás;CL;Latino/Tropical
Octubre;Radio;2021;83;Lorde;Solar Power;NZ;Pop
Octubre;Radio;2021;84;Myke Towers;Almas Gemelas;PR;Urbano
Octubre;Radio;2021;85;Daddy Yankee;MÉTELE AL PERREO;PR;Urbano
Octubre;Radio;2021;86;"Marshmello; Jonas Bro";Leave Before You Love Me;US;Electronica
Octubre;Radio;2021;87;Gepe;Hablar De Ti;CL;Folk/Indie
Octubre;Radio;2021;88;Marc Anthony;Vivir Mi Vida;US;Latino/Tropical
Octubre;Radio;2021;89;Doja Cat Feat Sza;Kiss Me More;US;Pop
Octubre;Radio;2021;90;"Camilo; El Alfa";Bebe;"CO; DO";Pop
Octubre;Radio;2021;91;"Jhay Cortez; Anuel Aa";Ley Seca;PR;Urbano
Octubre;Radio;2021;92;Lizzo;Juice;US;Pop
Octubre;Radio;2021;93;PRINCE ROYCE;Lao' A Lao';US;Latino/Tropical
Octubre;Radio;2021;94;Queen;I Want To Break Free (Live At The Nepstadion);GB;Rock
Octubre;Radio;2021;95;Doja Cat;Woman [Explicit];US;Pop
Octubre;Radio;2021;96;Los Bunkers;Bailando Solo;CL;Rock
Octubre;Radio;2021;97;Luis Miguel;La Incondicional;MX;Latino/Tropical
Octubre;Radio;2021;98;Billie Eilish;Your Power;US;Pop
Octubre;Radio;2021;99;"Carlos Vives; Mau Y Ric";Besos En Cualquier Horario;CO;Pop
Octubre;Radio;2021;100;Mon Laferte;El Beso;MX;Pop
Noviembre;Radio;2021;1;Farruko;Pepas;PR;Urbano
Noviembre;Radio;2021;2;"Elton John; Dua Lipa";Cold Heart (PNAU Remix);"GB; GB";Pop
Noviembre;Radio;2021;3;Rauw Alejandro;Todo De Ti;PR;Urbano
Noviembre;Radio;2021;4;Adele;Easy On Me;GB;Pop
Noviembre;Radio;2021;5;Camilo & Evaluna Montaner;Indigo;CO;Pop
Noviembre;Radio;2021;6;Maluma;Sobrio;CO;Urbano
Noviembre;Radio;2021;7;"Carlos Vives; Ricky Martin";Cancion Bonita;"CO; PR";Pop
Noviembre;Radio;2021;8;Ricky Martin & Paloma Mami;Que Rico Fuera;PR;Pop
Noviembre;Radio;2021;9;"Coldplay; Bts";My Universe;"GB; KR";Pop
Noviembre;Radio;2021;10;"Sebastián Yatra; Myke Towers";Pareja Del Año;"CO; PR";Pop
Noviembre;Radio;2021;11;Francisca Valenzuela;Castillo De Cristal;CL;Rock
Noviembre;Radio;2021;12;Sebastián Yatra;Tacones Rojos;CO;Pop
Noviembre;Radio;2021;13;Justin Bieber;"Peaches Feat. Daniel Caesar; Giveon";CA;Pop
Noviembre;Radio;2021;14;Alejandro Sanz;Mares De Miel;ES;Pop
Noviembre;Radio;2021;15;Francisca Valenzuela;Quiero Verte Más;CL;Rock
Noviembre;Radio;2021;16;"Bruno Mars; Anderson .Paak; Silk Sonic";Leave The Door Open;"US; US; US";Pop
Noviembre;Radio;2021;17;Harry Styles;Watermelon Sugar;GB;Pop
Noviembre;Radio;2021;18;Ed Sheeran;Shivers;GB;Pop
Noviembre;Radio;2021;19;Ed Sheeran;Bad Habits;GB;Pop
Noviembre;Radio;2021;20;"Bruno Mars; Anderson .Paak; Silk Sonic";Skate;"US; US; US";Pop
Noviembre;Radio;2021;21;Sech;Sal Y Perrea;PA;Urbano
Noviembre;Radio;2021;22;Los Vasquez;Enamorado;CL;Latino/Tropical
Noviembre;Radio;2021;23;Tiësto & Karol G;Don't Be Shy;NL;Electronica
Noviembre;Radio;2021;24;"Aventura; Bad Bunny";Volvi;"US; PR";Latino/Tropical
Noviembre;Radio;2021;25;The Weeknd;Take My Breath;CA;Pop
Noviembre;Radio;2021;26;Tini & Maria Becerra;Mienteme;AR;Urbano
Noviembre;Radio;2021;27;"J Balvin; Maria Becerra";Qué Más Pues?;"CO; AR";Urbano
Noviembre;Radio;2021;28;"J Balvin; Skrillex";In Da Getto;"CO; US";Urbano
Noviembre;Radio;2021;29;Charles & Eddie;Would I Lie To You?;US;Pop
Noviembre;Radio;2021;30;Francisca Valenzuela;Prenderemos Fuego Al Cielo;CL;Rock
Noviembre;Radio;2021;31;Los Jaivas;Sube A Nacer Conmigo Hermano;CL;Rock
Noviembre;Radio;2021;32;Marcianeke & Pailita;Dimelo Ma;CL;Urbano
Noviembre;Radio;2021;33;Mon Laferte;Algo Es Mejor;MX;Pop
Noviembre;Radio;2021;34;"Morat; Cami";Simplemente Pasan;"CO; CL";Pop
Noviembre;Radio;2021;35;Paloma Mami;Cosas De La Vida;US;Urbano
Noviembre;Radio;2021;36;Wisin & Los Legendarios;Playita;PR;Urbano
Noviembre;Radio;2021;37;Denise Rosenthal;Agua Segura;CL;Pop
Noviembre;Radio;2021;38;Dua Lipa;Love Again;GB;Pop
Noviembre;Radio;2021;39;The Weeknd;Blinding Lights;CA;Pop
Noviembre;Radio;2021;40;"Sofia Reyes; Pedro Capó";Casualidad;"MX; PR";Pop
Noviembre;Radio;2021;41;"Jhay Cortez; Anuel Aa";Ley Seca;PR;Urbano
Noviembre;Radio;2021;42;Mon Laferte;Tu Falta De Querer;MX;Pop
Noviembre;Radio;2021;43;Coldplay;Viva La Vida;GB;Pop
Noviembre;Radio;2021;44;Pharrell Williams;Happy;US;Pop
Noviembre;Radio;2021;45;Bad Bunny;Yonaguni;PR;Urbano
Noviembre;Radio;2021;46;The Weeknd;Save Your Tears (With Ariana Grande) (Remix);CA;Pop
Noviembre;Radio;2021;47;"Crissin; Totoy El Frio; Natan & Shander";"Poblado Feat. Crissin; Totoy El Frio; Natan & Shander";"CO; CO; BE";Urbano
Noviembre;Radio;2021;48;Fito Paéz;Circo Beat;AR;Rock
Noviembre;Radio;2021;49;Los Jaivas;Hijos De La Tierra;CL;Rock
Noviembre;Radio;2021;50;Soda Stereo;De Música Ligera;AR;Rock
Noviembre;Radio;2021;51;Dua Lipa;Don't Start Now;GB;Pop
Noviembre;Radio;2021;52;Natti Natasha & Becky G;Ram Pam Pam;DO;Urbano
Noviembre;Radio;2021;53;Myke Towers;Almas Gemelas;PR;Urbano
Noviembre;Radio;2021;54;Lizzo;Juice;US;Pop
Noviembre;Radio;2021;55;Ed Sheeran;Shape Of You;GB;Pop
Noviembre;Radio;2021;56;Harry Styles;Golden;GB;Pop
Noviembre;Radio;2021;57;Shania Twain;Man! I Feel Like A Woman!;CA;Pop
Noviembre;Radio;2021;58;"Los Legendarios; Wisin; Jay Cortez";Fiel;"PR; PR";Urbano
Noviembre;Radio;2021;59;Boza;Hecha Pa' Mí;PA;Urbano
Noviembre;Radio;2021;60;Camila Cabello;Don't Go Yet;US;Pop
Noviembre;Radio;2021;61;Jorge González;Mi Casa En El Arbol;CL;Rock
Noviembre;Radio;2021;62;Enrique Iglesias Feat. Farruko;Me Pase;"ES;PR";Pop
Noviembre;Radio;2021;63;Lorde;Solar Power;NZ;Pop
Noviembre;Radio;2021;64;Tones And I;Dance Monkey;AU;Pop
Noviembre;Radio;2021;65;The Kid Laroi & Justin Bieber;Stay;AU;Pop
Noviembre;Radio;2021;66;Dire Straits;Sultans Of Swing;GB;Rock
Noviembre;Radio;2021;67;Los Vasquez;Me Enamoré Con Una Mirada;CL;Latino/Tropical
Noviembre;Radio;2021;68;Måneskin;Beggin';IT;Rock
Noviembre;Radio;2021;69;Olivia Rodrigo;Drivers License;US;Pop
Noviembre;Radio;2021;70;"Marshmello; Jonas Brothers";Leave Before You Love Me;"US; US";Electronica
Noviembre;Radio;2021;71;Camilo;Vida De Rico;CO;Pop
Noviembre;Radio;2021;72;Kali Uchis;Telepatia;US;Pop
Noviembre;Radio;2021;73;Maluma;Hawai;CO;Urbano
Noviembre;Radio;2021;74;Karol G;SEJODIOTO;CO;Urbano
Noviembre;Radio;2021;75;"Guaynaa; Los Ángeles Azules";Cumbia A La Gente;"PR; MX";Urbano
Noviembre;Radio;2021;76;"Bruno Mars; Anderson .Paak; Silk Sonic";Leave The Door Open;"US; US; US";Pop
Noviembre;Radio;2021;77;Plumas;Cerca Del Sol;CL;Rock
Noviembre;Radio;2021;78;Marc Anthony;Pa'lla Voy (Africando);US;Latino/Tropical
Noviembre;Radio;2021;79;Sophie Ellis-Bextor;Murder On The Dancefloor;GB;Pop
Noviembre;Radio;2021;80;"J. Balvin; Sech";Una Nota;"CO; PA";Urbano
Noviembre;Radio;2021;81;Lalo Ebratt & Maluma;SUKUTUBLA;CO;Urbano
Noviembre;Radio;2021;82;"Mora; Bad Bunny; Sech";VOLANDO (REMIX);"SE; PR; PA";Urbano
Noviembre;Radio;2021;83;Mon Laferte;Amárrame Feat. Juanes;MX;Pop
Noviembre;Radio;2021;84;Gepe;Fruta Y Te;CL;Folk/Indie
Noviembre;Radio;2021;85;R.E.M.;Everybody Hurts;US;Rock
Noviembre;Radio;2021;86;Gepe;Hablar De Ti;CL;Folk/Indie
Noviembre;Radio;2021;87;"Sofia Reyes; Becky G";Mal De Amores;"MX; US";Pop
Noviembre;Radio;2021;88;Marc Anthony;Vivir Mi Vida;US;Latino/Tropical
Noviembre;Radio;2021;89;Los Vasquez;Juana Maria;CL;Latino/Tropical
Noviembre;Radio;2021;90;"Darkiel; Jon Z & Alex Rose";La Importante;"PR; US";Urbano
Noviembre;Radio;2021;91;Harry Styles;Adore You;GB;Pop
Noviembre;Radio;2021;92;Cami;Aquí Estoy;CL;Pop
Noviembre;Radio;2021;93;"Camilo; El Alfa";Bebe;"CO; DO";Pop
Noviembre;Radio;2021;94;Doja Cat;Woman [Explicit];US;Pop
Noviembre;Radio;2021;95;"Karol G; Nicki Minaj";TUSA;"CO; US";Urbano
Noviembre;Radio;2021;96;Daft Punk;Get Lucky Feat. Pharrell Williams;FR;Urbano
Noviembre;Radio;2021;97;Miley Cyrus Feat. Dua Lipa;Prisoner;"US;GB";Pop
Noviembre;Radio;2021;98;Doja Cat Feat Sza;Kiss Me More;US;Pop
Noviembre;Radio;2021;99;Mon Laferte;El Beso;MX;Pop
Noviembre;Radio;2021;100;Cnco;Toa La Noche;US;Urbano
Diciembre;Radio;2021;1;"Elton John; Dua Lipa";Cold Heart (PNAU Remix);"GB; GB";Pop
Diciembre;Radio;2021;2;Farruko;Pepas;PR;Urbano
Diciembre;Radio;2021;3;Adele;Easy On Me;GB;Pop
Diciembre;Radio;2021;4;Sebastián Yatra;Tacones Rojos;CO;Pop
Diciembre;Radio;2021;5;Rauw Alejandro;Todo De Ti;PR;Urbano
Diciembre;Radio;2021;6;Maluma;Sobrio;CO;Urbano
Diciembre;Radio;2021;7;Camilo & Evaluna Montaner;Indigo;CO;Pop
Diciembre;Radio;2021;8;"Coldplay; Bts";My Universe;"GB; KR";Pop
Diciembre;Radio;2021;9;"Carlos Vives; Ricky Martin";Cancion Bonita;"CO; PR";Pop
Diciembre;Radio;2021;10;Sophie Ellis-Bextor;Murder On The Dancefloor;GB;Pop
Diciembre;Radio;2021;11;Ed Sheeran;Shivers;GB;Pop
Diciembre;Radio;2021;12;"Bruno Mars; Anderson";Smokin Out The Window;"US; US";Pop
Diciembre;Radio;2021;13;Marcianeke & Pailita;Dimelo Ma;CL;Urbano
Diciembre;Radio;2021;14;Ricky Martin & Paloma Mami;Que Rico Fuera;PR;Pop
Diciembre;Radio;2021;15;"Zzoilo; Aitana";Mon Amour (Remix);"ES; ES";Pop
Diciembre;Radio;2021;16;Paloma Mami;Cosas De La Vida;US;Urbano
Diciembre;Radio;2021;17;Harry Styles;Watermelon Sugar;GB;Pop
Diciembre;Radio;2021;18;Francisca Valenzuela;Castillo De Cristal;CL;Rock
Diciembre;Radio;2021;19;Dulce Compañía;Himno A San José;CL;Otro
Diciembre;Radio;2021;20;"Sebastián Yatra; Myke Towers";Pareja Del Año;"CO; PR";Pop
Diciembre;Radio;2021;21;Los Jaivas;Sube A Nacer Conmigo Hermano;CL;Rock
Diciembre;Radio;2021;22;José Luis Perales;Un Velero Llamado Libertad;ES;Latino/Tropical
Diciembre;Radio;2021;23;Luis Miguel;Frente A La Chimenea (Rudolph The Red Nosed Reindeer);MX;Pop
Diciembre;Radio;2021;24;Jose Feliciano;Feliz Navidad;US;Latino/Tropical
Diciembre;Radio;2021;25;Bad Bunny;Yonaguni;PR;Urbano
Diciembre;Radio;2021;26;Justin Bieber;"Peaches Feat. Daniel Caesar; Giveon";CA;Pop
Diciembre;Radio;2021;27;Ed Sheeran;Bad Habits;GB;Pop
Diciembre;Radio;2021;28;José Feliciano;Feliz Navidad;US;Latino/Tropical
Diciembre;Radio;2021;29;"Aventura; Bad Bunny";Volvi;"US; PR";Latino/Tropical
Diciembre;Radio;2021;30;"Jhay Cortez; Anuel Aa";Ley Seca;PR;Urbano
Diciembre;Radio;2021;31;Tiësto & Karol G;Don't Be Shy;NL;Electronica
Diciembre;Radio;2021;32;Myke Towers;Almas Gemelas;PR;Urbano
Diciembre;Radio;2021;33;Luis Miguel;"Va A Nevar (Let It Snow; Let It Snow; Let It Snow)";MX;Pop
Diciembre;Radio;2021;34;Tini & Maria Becerra;Mienteme;AR;Pop
Diciembre;Radio;2021;35;Alejandro Sanz;Mares De Miel;ES;Pop
Diciembre;Radio;2021;36;"Bruno Mars; Anderson .Paak";Leave The Door Open;"US; US";Pop
Diciembre;Radio;2021;37;"J Balvin; Skrillex";In Da Getto;"CO; US";Urbano
Diciembre;Radio;2021;38;"Darkiel; Jon Z & Alex Rose";La Importante;"PR; US";Urbano
Diciembre;Radio;2021;39;Charles & Eddie;Would I Lie To You?;US;Pop
Diciembre;Radio;2021;40;"Wisin; Jhay Cortez & Ozuna";Emojis De Corazones;"PR; AR";Urbano
Diciembre;Radio;2021;41;Mon Laferte;Algo Es Mejor;MX;Pop
Diciembre;Radio;2021;42;"Bruno Mars; Anderson .Paak; Silk Sonic";Skate;"US; US; US";Pop
Diciembre;Radio;2021;43;Dua Lipa;Love Again;GB;Pop
Diciembre;Radio;2021;44;Francisca Valenzuela;Quiero Verte Más;CL;Rock
Diciembre;Radio;2021;45;R.E.M.;Everybody Hurts;US;Rock
Diciembre;Radio;2021;46;The Weeknd;Take My Breath;CA;Pop
Diciembre;Radio;2021;47;Los Auténticos Decadentes;Golpes En El Corazón;AR;Rock
Diciembre;Radio;2021;48;"Eix; Kiko El Crazy; Chimbala";Desacatao;"DO; DO";Urbano
Diciembre;Radio;2021;49;The Weeknd;Blinding Lights;CA;Pop
Diciembre;Radio;2021;50;Marc Anthony;Mala;US;Latino/Tropical
Diciembre;Radio;2021;51;Jorge González;Mi Casa En El Arbol;CL;Rock
Diciembre;Radio;2021;52;Coldplay;Viva La Vida;GB;Pop
Diciembre;Radio;2021;53;"Nino Freestyle; Jon Z";Flow Challenge;"DO; PR";Urbano
Diciembre;Radio;2021;54;"Los Ángeles Azules; Nicki Nicole";Otra Noche;"MX; AR";Latino/Tropical
Diciembre;Radio;2021;55;Queen;"I Want To Break Free (Live At The Nepstadion; Budapest)";GB;Rock
Diciembre;Radio;2021;56;"Randy; Ape Drums";23;"US; US";Urbano
Diciembre;Radio;2021;57;Dua Lipa;Don't Start Now;GB;Pop
Diciembre;Radio;2021;58;José Luis Perales;Y ¿Cómo Es Él?;ES;Latino/Tropical
Diciembre;Radio;2021;59;Mon Laferte;Tu Falta De Querer;MX;Pop
Diciembre;Radio;2021;60;Shania Twain;Man! I Feel Like A Woman!;CA;Pop
Diciembre;Radio;2021;61;"J Balvin; Maria Becerra";Qué Más Pues?;"CO; AR";Urbano
Diciembre;Radio;2021;62;Pharrell Williams;Happy;US;Pop
Diciembre;Radio;2021;63;Sech;Sal Y Perrea;PA;Urbano
Diciembre;Radio;2021;64;"Coni Puelma; Vivanco";Fuego;CL;Urbano
Diciembre;Radio;2021;65;Luis Miguel;"Navidad; Navidad (Jingle Bells)";MX;Pop
Diciembre;Radio;2021;66;La Sonora De Tommy Rey;Un Año Mas;CL;Latino/Tropical
Diciembre;Radio;2021;67;Los Vasquez;Boquita Hechicera;CL;Latino/Tropical
Diciembre;Radio;2021;68;Olivia Rodrigo;Traitor;US;Pop
Diciembre;Radio;2021;69;Doja Cat;Woman [Explicit];US;Pop
Diciembre;Radio;2021;70;Camilo;Vida De Rico;CO;Pop
Diciembre;Radio;2021;71;Ed Sheeran;Shape Of You;GB;Pop
Diciembre;Radio;2021;72;Anto;Mis Nenas;GB;Urbano
Diciembre;Radio;2021;73;Dire Straits;Sultans Of Swing;GB;Rock
Diciembre;Radio;2021;74;Karol G;SEJODIOTO;CO;Urbano
Diciembre;Radio;2021;75;"J. Balvin; Sech";Una Nota;"CO; PA";Urbano
Diciembre;Radio;2021;76;Santaferia;Vamos A La Boti;CL;Latino/Tropical
Diciembre;Radio;2021;77;Daft Punk;Get Lucky Feat. Pharrell Williams;FR;Electronica
Diciembre;Radio;2021;78;Maluma Feat. Rayvanny;Mama Tetema;CO;Urbano
Diciembre;Radio;2021;79;Sonora Palacios;Un Año Mas;CL;Latino/Tropical
Diciembre;Radio;2021;80;Natti Natasha & Becky G;Ram Pam Pam;DO;Urbano
Diciembre;Radio;2021;81;Rauw Alejandro;La Old Skul;PR;Urbano
Diciembre;Radio;2021;82;Harry Styles;Adore You;GB;Pop
Diciembre;Radio;2021;83;The Weeknd;Save Your Tears (With Ariana Grande) (Remix);CA;Pop
Diciembre;Radio;2021;84;Dua Lipa;LEVITATING;GB;Pop
Diciembre;Radio;2021;85;Sonora Palacios;Un Año Mas;CL;Latino/Tropical
Diciembre;Radio;2021;86;Diego Torres;Color Esperanza;AR;Pop
Diciembre;Radio;2021;87;"Mora; Bad Bunny; Sech";VOLANDO (REMIX);"SE; PR; PA";Urbano
Diciembre;Radio;2021;88;"Sofia Reyes; Pedro Capó";Casualidad;"MX; PR";Pop
Diciembre;Radio;2021;89;Monsieur Periné Feat. Vicente Ga;Nuestra Cancion;CO;Latino/Tropical
Diciembre;Radio;2021;90;Olivia Rodrigo;Drivers License;US;Pop
Diciembre;Radio;2021;91;Maluma;Hawai;CO;Urbano
Diciembre;Radio;2021;92;"Jahzel; Gustavo Elis";Sin Maquillaje;VE;Latino/Tropical
Diciembre;Radio;2021;93;Gontte;Siempre Hay Mas;CL;Pop
Diciembre;Radio;2021;94;Francisca Valenzuela;Prenderemos Fuego Al Cielo;CL;Rock
Diciembre;Radio;2021;95;Tones And I;Dance Monkey;AU;Pop
Diciembre;Radio;2021;96;"Marshmello; Jonas Bro";Leave Before You Love Me;US;Electronica
Diciembre;Radio;2021;97;Denise Rosenthal;Agua Segura;CL;Pop
Diciembre;Radio;2021;98;Calvin Harris Feat Dua Lipa;One Kiss;GB;Pop
Diciembre;Radio;2021;99;Chichi Peralta;Procura;DO;Latino/Tropical
Diciembre;Radio;2021;100;Wisin & Los Legendarios;Playita;PR;Urbano
