"Fecha","Medio","Posición","Artista","Canción","Nacionalidad","Genero"
"ene-23","Spotify","1","Bizarrap, Shakira","Shakira: Bzrp Music Sessions, Vol. 53","AR, CO","Urbano"
"ene-23","Spotify","2","Pailita, Cris Mj, Young Cister","Llámame Bebé","CL","Urbano"
"ene-23","Spotify","3","Yandel, Feid","Yandel 150","PR, CO","Urbano"
"ene-23","Spotify","4","Ozuna, Feid","Hey Mor","PR, CO","Urbano"
"ene-23","Spotify","5","Miley Cyrus","Flowers","US","Pop"
"ene-23","Spotify","6","Manuel Turizo","La Bachata","CO","Urbano"
"ene-23","Spotify","7","Jere Klein, Lucky Brown","Mandame Tu Ubi","CL","Urbano"
"ene-23","Spotify","8","Arcángel, Bad Bunny","La Jumpa","PR, PR","Urbano"
"ene-23","Spotify","9","Cris Mj, Duki, Nicki Nicole, Standly, Stars Music Chile","Marisola - Remix","CL, AR","Urbano"
"ene-23","Spotify","10","Harry Nach, Cris Mj, Pablo Chill-E, Polimá Westcoast, Aqua VS, Tom fomt, Kreamly, Nikxz","LOKOTRON REMIX","CL, CL, CL","Urbano"
"ene-23","Spotify","11","Marcianeke, Jere Klein, Gold Music","Muñeca","CL, CL","Urbano"
"ene-23","Spotify","12","Ñengo Flow, Bad Bunny","Gato de Noche","PR, PR","Urbano"
"ene-23","Spotify","13","Balbi El Chamako, Jere Klein","Ese Corte","CL, CL","Urbano"
"ene-23","Spotify","14","Quevedo","PUNTO G","ES","Urbano"
"ene-23","Spotify","15","Feid","Feliz Cumpleaños Ferxxo","CO","Urbano"
"ene-23","Spotify","16","Bizarrap, Quevedo","Quevedo: Bzrp Music Sessions, Vol. 52","AR","Urbano"
"ene-23","Spotify","17","Cris Mj, Pablo Chill-E","Como Tu Ninguna - Remix","CL, CL","Urbano"
"ene-23","Spotify","18","King Savagge, Ak4:20, Paloma Mami","NOPALATELE","US","Urbano"
"ene-23","Spotify","19","Pailita","Parcera","CL","Urbano"
"ene-23","Spotify","20","Young Cister, Taiko","DEBI LLEVARTE FLORES","CL","Urbano"
"ene-23","Spotify","21","Quevedo","VISTA AL MAR","ES","Urbano"
"ene-23","Spotify","22","Jere Klein, ITHAN NY","Los Diablotes","CL, CL","Urbano"
"ene-23","Spotify","23","Feid","CHORRITO PA LAS ANIMAS","CO","Urbano"
"ene-23","Spotify","24","Pailita, El Jordan 23, Noriel, Pablo Chill-E","Na Na Na - Remix","PR, CL","Urbano"
"ene-23","Spotify","25","Bad Bunny","Efecto","PR","Urbano"
"ene-23","Spotify","26","KAROL G, Ovy On The Drums","CAIRO","CO, CO","Urbano"
"ene-23","Spotify","27","Bad Bunny, Chencho Corleone","Me Porto Bonito","PR, PR","Urbano"
"ene-23","Spotify","28","ITHAN NY, Tunechikidd, Nickoog Clk","TU DIABLO","CL","Urbano"
"ene-23","Spotify","29","Julianno Sosa, Young Cister","GANAS","CL","Urbano"
"ene-23","Spotify","30","Shakira, Ozuna","Monotonía","CO, PR","Pop"
"ene-23","Spotify","31","Feid","Normal","CO","Urbano"
"ene-23","Spotify","32","Stars Music Chile, Cris Mj, Standly","Marisola","CL","Urbano"
"ene-23","Spotify","33","Jairo Vera, Darkiel, Gino Mella, Best, Bayriton","ADICTO (feat. Best, Bayriton)","PR","Urbano"
"ene-23","Spotify","34","Feid, Ak4:20, Taiko","Malibu","CO","Urbano"
"ene-23","Spotify","35","Jairo Vera","PA K TE ENAMORE","CL","Urbano"
"ene-23","Spotify","36","Rauw Alejandro, Lyanno, Brray","LOKERA","PR, PR, PR","Urbano"
"ene-23","Spotify","37","Polimá Westcoast, Quevedo, Mora","LACONE","CL, SE","Urbano"
"ene-23","Spotify","38","El Punto40, Marcianeke","Mini Mini","CL","Urbano"
"ene-23","Spotify","39","Bad Bunny, Bomba Estéreo","Ojitos Lindos","PR, CO","Urbano"
"ene-23","Spotify","40","Wisin & Yandel, ROSALÍA","Besos Moja2","PR, ES","Urbano"
"ene-23","Spotify","41","Rauw Alejandro, Baby Rasta","PUNTO 40","PR, PR","Urbano"
"ene-23","Spotify","42","ROSALÍA","DESPECHÁ","ES","Pop"
"ene-23","Spotify","43","Quevedo, Myke Towers","PLAYA DEL INGLÉS","PR","Urbano"
"ene-23","Spotify","44","Cris Mj, Tiago PZK","Fiera","CL, AR","Urbano"
"ene-23","Spotify","45","Polimá Westcoast, Feid, Pailita, Paloma Mami, De La Ghetto","ULTRA SOLO REMIX","CL, CO, US, PR","Urbano"
"ene-23","Spotify","46","Bad Bunny","Tití Me Preguntó","PR","Urbano"
"ene-23","Spotify","47","Bad Bunny","Moscow Mule","PR","Urbano"
"ene-23","Spotify","48","Mora, Feid","LA INOCENTE","SE, CO","Urbano"
"ene-23","Spotify","49","Pablito Pesadilla, Polimá Westcoast, Nickoog Clk, Fran C","BABY OTAKU","CL","Urbano"
"ene-23","Spotify","50","Bad Bunny","Neverita","PR","Urbano"
"ene-23","Spotify","51","Cris Mj","Una Noche en Medellín","CL","Urbano"
"ene-23","Spotify","52","Cris Mj, Ak4:20","Sin Seguro","CL","Urbano"
"ene-23","Spotify","53","Jairo Vera, Balbi El Chamako, Nickoog Clk, El Rey, Gringuitos Records","Te Extraño a Lo Vio (feat. El Rey & Gringuitos Records)","CL","Urbano"
"ene-23","Spotify","54","Harry Styles","As It Was","GB","Pop"
"ene-23","Spotify","55","Marcianeke, Jairo Vera","Dime","CL","Urbano"
"ene-23","Spotify","56","Young Cister","LA TERAPIA","CL","Urbano"
"ene-23","Spotify","57","Shakira, Rauw Alejandro","Te Felicito","CO, PR","Pop"
"ene-23","Spotify","58","Nickoog Clk","Salimos Del Tarro","CL","Urbano"
"ene-23","Spotify","59","Julianno Sosa, Ñengo Flow, King Savagge, Ryan Castro","Cochinae (Remix)","PR, CO","Urbano"
"ene-23","Spotify","60","Pailita, Young Cister","Caminemos de la Mano","CL","Urbano"
"ene-23","Spotify","61","Nickoog Clk, Julianno Sosa","Chamaka","CL","Urbano"
"ene-23","Spotify","62","Jairo Vera","Lealtad","CL","Urbano"
"ene-23","Spotify","63","Paloma Mami, Pailita, El Jordan 23","SíNTOMAS DE SOLTERA","US","Urbano"
"ene-23","Spotify","64","Quevedo","WANDA","ES","Urbano"
"ene-23","Spotify","65","KAROL G","PROVENZA","CO","Urbano"
"ene-23","Spotify","66","Ak4:20, Pailita, Cris Mj","Me Arrepentí","CL","Urbano"
"ene-23","Spotify","67","Cris Mj, Blessd","Gucci en Paris","CL, CO","Urbano"
"ene-23","Spotify","68","Quevedo","AHORA QUÉ","ES","Urbano"
"ene-23","Spotify","69","Rauw Alejandro, Chencho Corleone","Desesperados","PR, PR","Urbano"
"ene-23","Spotify","70","Cris Mj, Fran C","Bellakera","CL","Urbano"
"ene-23","Spotify","71","KAROL G, Maldy","GATÚBELA","CO, PR","Urbano"
"ene-23","Spotify","72","Lucky Brown, Jairo Vera, Valdi","Kilo De Amigas","CL","Urbano"
"ene-23","Spotify","73","Standly","Panamera","CL","Urbano"
"ene-23","Spotify","74","Young Cister, Polimá Westcoast","SAMURAI","CL","Urbano"
"ene-23","Spotify","75","Santaferia, Grupo Zúmbale Primo","Que Te Vaya Bien","CL","Urbano"
"ene-23","Spotify","76","Jairo Vera","Tarima","CL","Urbano"
"ene-23","Spotify","77","Martinwhite, Erreflexx","V16","CL","Urbano"
"ene-23","Spotify","78","Myke Towers, Daddy Yankee","ULALA (OOH LA LA)","PR, PR","Urbano"
"ene-23","Spotify","79","Fayer Music, Jere Klein, King Savage","Hielo","CL","Urbano"
"ene-23","Spotify","80","JHAYCO, Feid, Sech","En La De Ella","PR, CO, PA","Urbano"
"ene-23","Spotify","81","Bad Bunny, Tony Dize","La Corriente","PR, PR","Urbano"
"ene-23","Spotify","82","Feid","Ferxxo 100","CO","Urbano"
"ene-23","Spotify","83","Luar La L","Caile","PR","Urbano"
"ene-23","Spotify","84","Rema, Selena Gomez","Calm Down (with Selena Gomez)","NG, US","Latino/Tropical"
"ene-23","Spotify","85","Don Omar","Dile","PR","Urbano"
"ene-23","Spotify","86","Bad Bunny","Yonaguni","PR","Urbano"
"ene-23","Spotify","87","Gino Mella, Jairo Vera","Mujeriego","CL","Urbano"
"ene-23","Spotify","88","Young Cister, Nicki Nicole, Alvaro Diaz","LA TERAPIA REMIX","AR, PR","Urbano"
"ene-23","Spotify","89","Bellakath","Gatita","MX","Urbano"
"ene-23","Spotify","90","SZA","Kill Bill","US","Pop"
"ene-23","Spotify","91","El BAI, Cris Mj, SowlBeatz","Pensándote","CL, CL","Urbano"
"ene-23","Spotify","92","Standly","Pégate","CL","Urbano"
"ene-23","Spotify","93","Polimá Westcoast, Pailita","ULTRA SOLO","CL","Urbano"
"ene-23","Spotify","94","El Jordan 23, Standly","Bailando","CL","Urbano"
"ene-23","Spotify","95","Piso 21, Manuel Turizo","Los Cachos","CO, CO","Urbano"
"ene-23","Spotify","96","Quevedo, Omar Montes","DAME","ES","Urbano"
"ene-23","Spotify","97","Morat","No Se Va","CO","Pop"
"ene-23","Spotify","98","Pailita, Cris Mj, Big Cvyu","Dime Tú","CL","Urbano"
"ene-23","Spotify","99","Quevedo, Ovy On The Drums","SIN SEÑAL","CO","Urbano"
"ene-23","Spotify","100","Rels B","cómo dormiste?","ES","Urbano"
"feb-23","Spotify","1","Yandel, Feid","Yandel 150","PR, CO","Urbano"
"feb-23","Spotify","2","King Savagge, Jere Klein","2 Hielos","CL","Urbano"
"feb-23","Spotify","3","KAROL G, Romeo Santos","X SI VOLVEMOS","CO, US","Urbano"
"feb-23","Spotify","4","Ozuna, Feid","Hey Mor","PR, CO","Urbano"
"feb-23","Spotify","5","Bizarrap, Shakira","Shakira: Bzrp Music Sessions, Vol. 53","AR, CO","Urbano"
"feb-23","Spotify","6","Pailita, Cris Mj, Young Cister","Llámame Bebé","CL","Urbano"
"feb-23","Spotify","7","Manuel Turizo","La Bachata","CO","Urbano"
"feb-23","Spotify","8","Feid","Feliz Cumpleaños Ferxxo","CO","Urbano"
"feb-23","Spotify","9","Jere Klein, ITHAN NY","Los Diablotes","CL, CL","Urbano"
"feb-23","Spotify","10","Jere Klein, Lucky Brown","Mandame Tu Ubi","CL","Urbano"
"feb-23","Spotify","11","Marcianeke, Jere Klein, Gold Music","Muñeca","CL, CL","Urbano"
"feb-23","Spotify","12","Jairo Vera, Best","Con Puras de 25","CL","Urbano"
"feb-23","Spotify","13","KAROL G, Ovy On The Drums","CAIRO","CO, CO","Urbano"
"feb-23","Spotify","14","Cris Mj, Duki, Nicki Nicole, Standly, Stars Music Chile","Marisola - Remix","CL, AR","Urbano"
"feb-23","Spotify","15","Arcángel, Bad Bunny","La Jumpa","PR, PR","Urbano"
"feb-23","Spotify","16","Feid","CHORRITO PA LAS ANIMAS","CO","Urbano"
"feb-23","Spotify","17","Harry Nach, Cris Mj, Pablo Chill-E, Polimá Westcoast, Aqua VS, Tom fomt, Kreamly, Nikxz","LOKOTRON REMIX","CL, CL, CL","Urbano"
"feb-23","Spotify","18","Balbi El Chamako, Jere Klein","Ese Corte","CL, CL","Urbano"
"feb-23","Spotify","19","Quevedo","PUNTO G","ES","Urbano"
"feb-23","Spotify","20","Jairo Vera, Nickoog Clk, Gino Mella, Balbi El Chamako, Bayron Fire, Bayriton, Tommy Boysen, Gringuitos Records, El Rey","Te Extraño a Lo Vio (feat. Balbi El Chamako, Bayron Fire, Bayriton, Tommy Boysen, Gringuitos Records, El Rey) - Remix","CL, CL","Urbano"
"feb-23","Spotify","21","Feid","Normal","CO","Urbano"
"feb-23","Spotify","22","Ñengo Flow, Bad Bunny","Gato de Noche","PR, PR","Urbano"
"feb-23","Spotify","23","Jairo Vera, Balbi El Chamako, Nickoog Clk, El Rey, Gringuitos Records","Te Extraño a Lo Vio (feat. El Rey & Gringuitos Records)","CL","Urbano"
"feb-23","Spotify","24","Bizarrap, Quevedo","Quevedo: Bzrp Music Sessions, Vol. 52","AR","Urbano"
"feb-23","Spotify","25","Pailita","Parcera","CL","Urbano"
"feb-23","Spotify","26","Miley Cyrus","Flowers","US","Pop"
"feb-23","Spotify","27","Jairo Vera","PA K TE ENAMORE","CL","Urbano"
"feb-23","Spotify","28","Quevedo","VISTA AL MAR","ES","Urbano"
"feb-23","Spotify","29","LiL CaKe, Migrantes, Nico Valdi","MERCHO","AR","Urbano"
"feb-23","Spotify","30","KAROL G","PROVENZA","CO","Urbano"
"feb-23","Spotify","31","Jairo Vera","Lealtad","CL","Urbano"
"feb-23","Spotify","32","Bad Bunny, Chencho Corleone","Me Porto Bonito","PR, PR","Urbano"
"feb-23","Spotify","33","Cris Mj","Mi Facha","CL","Urbano"
"feb-23","Spotify","34","King Savagge, Ak4:20, Paloma Mami","NOPALATELE","US","Urbano"
"feb-23","Spotify","35","Quevedo","WANDA","ES","Urbano"
"feb-23","Spotify","36","Stars Music Chile, Cris Mj, Ak4:20","Salió De Noche","CL","Urbano"
"feb-23","Spotify","37","Pailita, El Jordan 23, Noriel, Pablo Chill-E","Na Na Na - Remix","PR, CL","Urbano"
"feb-23","Spotify","38","Julianno Sosa, Young Cister","GANAS","CL","Urbano"
"feb-23","Spotify","39","Young Cister, Taiko","DEBI LLEVARTE FLORES","CL","Urbano"
"feb-23","Spotify","40","Bad Bunny, Bomba Estéreo","Ojitos Lindos","PR, CO","Urbano"
"feb-23","Spotify","41","Cris Mj, Pablo Chill-E","Como Tu Ninguna - Remix","CL, CL","Urbano"
"feb-23","Spotify","42","Bad Bunny","Efecto","PR","Urbano"
"feb-23","Spotify","43","Mora, Feid","LA INOCENTE","SE, CO","Urbano"
"feb-23","Spotify","44","Feid, Ak4:20, Taiko","Malibu","CO","Urbano"
"feb-23","Spotify","45","TINI","Cupido","AR","Pop"
"feb-23","Spotify","46","Yong Bryel, Jere Klein, El BAI","Los Rockstars","CL, CL","Urbano"
"feb-23","Spotify","47","Cris Mj","Una Noche en Medellín","CL","Urbano"
"feb-23","Spotify","48","Becky G, KAROL G","MAMIII","US, CO","Urbano"
"feb-23","Spotify","49","Jairo Vera, Darkiel, Gino Mella, Best, Bayriton","ADICTO (feat. Best, Bayriton)","PR","Urbano"
"feb-23","Spotify","50","Jere Klein","Ya No Pienso en Ti","CL","Urbano"
"feb-23","Spotify","51","Polimá Westcoast, Feid, Pailita, Paloma Mami, De La Ghetto","ULTRA SOLO REMIX","CL, CO, US, PR","Urbano"
"feb-23","Spotify","52","Rauw Alejandro, Lyanno, Brray","LOKERA","PR, PR, PR","Urbano"
"feb-23","Spotify","53","Wisin & Yandel, ROSALÍA","Besos Moja2","PR, ES","Urbano"
"feb-23","Spotify","54","KAROL G, Maldy","GATÚBELA","CO, PR","Urbano"
"feb-23","Spotify","55","ITHAN NY, Tunechikidd, Nickoog Clk","TU DIABLO","CL","Urbano"
"feb-23","Spotify","56","Stars Music Chile, Cris Mj, Standly","Marisola","CL","Urbano"
"feb-23","Spotify","57","El Punto40, Marcianeke","Mini Mini","CL","Urbano"
"feb-23","Spotify","58","Bad Bunny","Moscow Mule","PR","Urbano"
"feb-23","Spotify","59","ROSALÍA","DESPECHÁ","ES","Urbano"
"feb-23","Spotify","60","Rauw Alejandro, Daddy Yankee","PANTIES Y BRASIERES","PR, PR","Urbano"
"feb-23","Spotify","61","Bad Bunny","Tití Me Preguntó","PR","Urbano"
"feb-23","Spotify","62","Gino Mella, Jairo Vera","Mujeriego","CL","Urbano"
"feb-23","Spotify","63","Cris Mj, Ak4:20","Sin Seguro","CL","Urbano"
"feb-23","Spotify","64","Bad Bunny","Neverita","PR","Urbano"
"feb-23","Spotify","65","Harry Styles","As It Was","GB","Pop"
"feb-23","Spotify","66","Feid","Ferxxo 100","CO","Urbano"
"feb-23","Spotify","67","Shakira, Ozuna","Monotonía","CO, PR","Pop"
"feb-23","Spotify","68","Rauw Alejandro, Baby Rasta","PUNTO 40","PR, PR","Urbano"
"feb-23","Spotify","69","Cris Mj, Tiago PZK","Fiera","CL, AR","Urbano"
"feb-23","Spotify","70","TINI","La Triple T","AR","Pop"
"feb-23","Spotify","71","Quevedo, Myke Towers","PLAYA DEL INGLÉS","PR","Urbano"
"feb-23","Spotify","72","TINI, La Joaqui, Steve Aoki","Muñecas","AR, AR, US","Pop"
"feb-23","Spotify","73","Ak4:20, Pailita, Cris Mj","Me Arrepentí","CL","Urbano"
"feb-23","Spotify","74","Polimá Westcoast, Quevedo, Mora","LACONE","CL, SE","Urbano"
"feb-23","Spotify","75","Rauw Alejandro, Chencho Corleone","Desesperados","PR, PR","Urbano"
"feb-23","Spotify","76","Cris Mj, Blessd","Gucci en Paris","CL, CO","Urbano"
"feb-23","Spotify","77","Young Cister","LA TERAPIA","CL","Urbano"
"feb-23","Spotify","78","Santaferia, Grupo Zúmbale Primo","Que Te Vaya Bien","CL","Latino/Tropical"
"feb-23","Spotify","79","Lucky Brown, Jairo Vera, Valdi","Kilo De Amigas","CL","Urbano"
"feb-23","Spotify","80","Cris Mj, Fran C","Bellakera","CL","Urbano"
"feb-23","Spotify","81","Paloma Mami, Pailita, El Jordan 23","SíNTOMAS DE SOLTERA","US","Urbano"
"feb-23","Spotify","82","Pablito Pesadilla, Polimá Westcoast, Nickoog Clk, Fran C","BABY OTAKU","CL","Urbano"
"feb-23","Spotify","83","Jairo Vera","Tarima","CL","Urbano"
"feb-23","Spotify","84","TINI, Maria Becerra","Miénteme","AR, AR","Pop"
"feb-23","Spotify","85","Shakira, Rauw Alejandro","Te Felicito","CO, PR","Pop"
"feb-23","Spotify","86","Duki","Si Me Sobrara el Tiempo","AR","Urbano"
"feb-23","Spotify","87","Rels B","cómo dormiste?","ES","Urbano"
"feb-23","Spotify","88","Myke Towers, Daddy Yankee","ULALA (OOH LA LA)","PR, PR","Urbano"
"feb-23","Spotify","89","Daddy Yankee, Justin Quiles, Dalex","LA HORA Y EL DÍA","PR, PR, PR","Urbano"
"feb-23","Spotify","90","KAROL G","200 COPAS","CO","Urbano"
"feb-23","Spotify","91","Polimá Westcoast","TU ME QUIERES?","CL","Urbano"
"feb-23","Spotify","92","KAROL G","BICHOTA","CO","Urbano"
"feb-23","Spotify","93","Bad Bunny","Yonaguni","PR","Urbano"
"feb-23","Spotify","94","Don Omar","Dile","PR","Urbano"
"feb-23","Spotify","95","Martinwhite, Erreflexx","V16","CL","Urbano"
"feb-23","Spotify","96","Standly","Panamera","CL","Urbano"
"feb-23","Spotify","97","Pailita, Cris Mj, Big Cvyu","Dime Tú","CL","Urbano"
"feb-23","Spotify","98","Gino Mella, Ak4:20, Best","REÑACA","CL","Urbano"
"feb-23","Spotify","99","Nickoog Clk","Salimos Del Tarro","CL","Urbano"
"feb-23","Spotify","100","Feid","Prohibidox","CO","Urbano"
"mar-23","Spotify","1","KAROL G, Shakira","TQG","CO, CO","Urbano"
"mar-23","Spotify","2","Yandel, Feid","Yandel 150","PR, CO","Urbano"
"mar-23","Spotify","3","El Jordan 23, Big Cvyu","SHERATON","CL","Urbano"
"mar-23","Spotify","4","Eladio Carrion, Bad Bunny","Coco Chanel","PR, PR","Urbano"
"mar-23","Spotify","5","KAROL G, Romeo Santos","X SI VOLVEMOS","CO, US","Urbano"
"mar-23","Spotify","6","ROSALÍA, Rauw Alejandro","BESO","ES, PR","Urbano"
"mar-23","Spotify","7","Jere Klein, Fran C","Donde?","CL","Urbano"
"mar-23","Spotify","8","Ozuna, Feid","Hey Mor","PR, CO","Urbano"
"mar-23","Spotify","9","Jairo Vera, Nickoog Clk, Gino Mella, Balbi El Chamako, Bayron Fire, Bayriton, Tommy Boysen, Gringuitos Records, El Rey","Te Extraño a Lo Vio (feat. Balbi El Chamako, Bayron Fire, Bayriton, Tommy Boysen, Gringuitos Records, El Rey) - Remix","CL, CL","Urbano"
"mar-23","Spotify","10","Gino Mella, Best","TE EXO DE MENOS :(","CL","Urbano"
"mar-23","Spotify","11","Bizarrap, Arcángel","Arcángel: Bzrp Music Sessions, Vol. 54","AR, PR","Urbano"
"mar-23","Spotify","12","Feid","Feliz Cumpleaños Ferxxo","CO","Urbano"
"mar-23","Spotify","13","KAROL G","MIENTRAS ME CURO DEL CORA","CO","Urbano"
"mar-23","Spotify","14","Anuel AA, Mambo Kingz, DJ Luian","Mas Rica Que Ayer","PR, PR, PR","Urbano"
"mar-23","Spotify","15","Jere Klein","Ya No Pienso en Ti","CL","Urbano"
"mar-23","Spotify","16","TINI","Cupido","AR","Pop"
"mar-23","Spotify","17","Bizarrap, Shakira","Shakira: Bzrp Music Sessions, Vol. 53","AR, CO","Urbano"
"mar-23","Spotify","18","Manuel Turizo","La Bachata","CO","Urbano"
"mar-23","Spotify","19","Milo j, Taiu","Rara Vez","AR, AR","Urbano"
"mar-23","Spotify","20","Marcianeke, Jere Klein, Gold Music","Muñeca","CL, CL","Urbano"
"mar-23","Spotify","21","Feid","CHORRITO PA LAS ANIMAS","CO","Urbano"
"mar-23","Spotify","22","Feid","Normal","CO","Urbano"
"mar-23","Spotify","23","Jairo Vera, Best","Con Puras de 25","CL","Urbano"
"mar-23","Spotify","24","LiL CaKe, Migrantes, Nico Valdi","MERCHO","AR","Urbano"
"mar-23","Spotify","25","Cris Mj, Duki, Nicki Nicole, Standly, Stars Music Chile","Marisola - Remix","CL, AR","Urbano"
"mar-23","Spotify","26","Jere Klein, ITHAN NY","Los Diablotes","CL, CL","Urbano"
"mar-23","Spotify","27","Pailita, Cris Mj, Young Cister","Llámame Bebé","CL","Urbano"
"mar-23","Spotify","28","Jere Klein, Lucky Brown","Mandame Tu Ubi","CL","Urbano"
"mar-23","Spotify","29","Jere Klein","Ram","CL","Urbano"
"mar-23","Spotify","30","Feid","REMIX EXCLUSIVO","CO","Urbano"
"mar-23","Spotify","31","Noriel, Pailita","Be Con Be","PR","Urbano"
"mar-23","Spotify","32","Jairo Vera","PA K TE ENAMORE","CL","Urbano"
"mar-23","Spotify","33","Arcángel, Bad Bunny","La Jumpa","PR, PR","Urbano"
"mar-23","Spotify","34","Quevedo","PUNTO G","ES","Urbano"
"mar-23","Spotify","35","Balbi El Chamako, Jere Klein","Ese Corte","CL, CL","Urbano"
"mar-23","Spotify","36","KAROL G, Ovy On The Drums","CAIRO","CO, CO","Urbano"
"mar-23","Spotify","37","Jairo Vera","Lealtad","CL","Urbano"
"mar-23","Spotify","38","Jere Klein","6.5","CL","Urbano"
"mar-23","Spotify","39","KAROL G","PROVENZA","CO","Urbano"
"mar-23","Spotify","40","Bizarrap, Quevedo","Quevedo: Bzrp Music Sessions, Vol. 52","AR","Urbano"
"mar-23","Spotify","41","Yng Lvcas, Peso Pluma","La Bebe - Remix","MX","Urbano"
"mar-23","Spotify","42","Lucky Brown, Jere Klein, Valdi","Vengo De La Brea","CL","Urbano"
"mar-23","Spotify","43","Nickoog Clk, ITHAN NY, Lucky Brown, Izahn","Glocko","CL","Urbano"
"mar-23","Spotify","44","Quevedo","VISTA AL MAR","ES","Urbano"
"mar-23","Spotify","45","Ñengo Flow, Bad Bunny","Gato de Noche","PR, PR","Urbano"
"mar-23","Spotify","46","Eladio Carrion, Myke Towers","Si La Calle Llama - Remix","PR, PR","Urbano"
"mar-23","Spotify","47","Yong Bryel, Jere Klein, El BAI","Los Rockstars","CL, CL","Urbano"
"mar-23","Spotify","48","Harry Nach, Cris Mj, Pablo Chill-E, Polimá Westcoast, Aqua VS, Tom fomt, Kreamly, Nikxz","LOKOTRON REMIX","CL, CL, CL","Urbano"
"mar-23","Spotify","49","Quevedo","WANDA","ES","Urbano"
"mar-23","Spotify","50","Bad Bunny, Chencho Corleone","Me Porto Bonito","PR, PR","Urbano"
"mar-23","Spotify","51","Cris Mj","Una Noche en Medellín","CL","Urbano"
"mar-23","Spotify","52","Jairo Vera, Darkiel, Gino Mella, Best, Bayriton","ADICTO (feat. Best, Bayriton)","PR","Urbano"
"mar-23","Spotify","53","Gino Mella, Jairo Vera","Mujeriego","CL","Urbano"
"mar-23","Spotify","54","Mora, Feid","LA INOCENTE","SE, CO","Urbano"
"mar-23","Spotify","55","Miley Cyrus","Flowers","US","Pop"
"mar-23","Spotify","56","Gorillaz, Bad Bunny","Tormenta (feat. Bad Bunny)","PR","Urbano"
"mar-23","Spotify","57","Bad Bunny, Bomba Estéreo","Ojitos Lindos","PR, CO","Urbano"
"mar-23","Spotify","58","KAROL G, Quevedo","PERO TÚ","CO","Urbano"
"mar-23","Spotify","59","Pailita","Parcera","CL","Urbano"
"mar-23","Spotify","60","Jimin","Like Crazy","KR","Pop"
"mar-23","Spotify","61","Bad Bunny","Efecto","PR","Urbano"
"mar-23","Spotify","62","KAROL G, Maldy","GATÚBELA","CO, PR","Urbano"
"mar-23","Spotify","63","Rauw Alejandro, Lyanno, Brray","LOKERA","PR, PR, PR","Urbano"
"mar-23","Spotify","64","Julianno Sosa, Young Cister","GANAS","CL","Urbano"
"mar-23","Spotify","65","Stars Music Chile, Cris Mj, Ak4:20","Salió De Noche","CL","Urbano"
"mar-23","Spotify","66","Marshmello, Manuel Turizo","El Merengue","US, CO","Electrónica"
"mar-23","Spotify","67","Wisin & Yandel, ROSALÍA","Besos Moja2","PR, ES","Urbano"
"mar-23","Spotify","68","Cris Mj, Pablo Chill-E","Como Tu Ninguna - Remix","CL, CL","Urbano"
"mar-23","Spotify","69","Cris Mj, Ak4:20","Sin Seguro","CL","Urbano"
"mar-23","Spotify","70","ROSALÍA","DESPECHÁ","ES","Urbano"
"mar-23","Spotify","71","Cris Mj","Mi Facha","CL","Urbano"
"mar-23","Spotify","72","Pailita, El Jordan 23, Noriel, Pablo Chill-E","Na Na Na - Remix","PR, CL","Urbano"
"mar-23","Spotify","73","BM, Phontana","M.A (Mejores Amigos)","KR","Urbano"
"mar-23","Spotify","74","FloyyMenor","pa la europa","CL","Urbano"
"mar-23","Spotify","75","Myke Towers","AGUARDIENTE","PR","Urbano"
"mar-23","Spotify","76","Bad Bunny","Moscow Mule","PR","Urbano"
"mar-23","Spotify","77","Young Miko","Lisa","PR","Urbano"
"mar-23","Spotify","78","Becky G, KAROL G","MAMIII","US, CO","Urbano"
"mar-23","Spotify","79","Harry Styles","As It Was","GB","Pop"
"mar-23","Spotify","80","Feid, Ak4:20, Taiko","Malibu","CO","Urbano"
"mar-23","Spotify","81","BRUNO MATEUS","Traketo - Intro Remix","BR","Latino/Tropical"
"mar-23","Spotify","82","Jimin","Set Me Free Pt.2","KR","Pop"
"mar-23","Spotify","83","Shakira, Ozuna","Monotonía","CO, PR","Pop"
"mar-23","Spotify","84","Rauw Alejandro, Chencho Corleone","Desesperados","PR, PR","Urbano"
"mar-23","Spotify","85","Jairo Vera, Balbi El Chamako, Nickoog Clk, El Rey, Gringuitos Records","Te Extraño a Lo Vio (feat. El Rey & Gringuitos Records)","CL","Urbano"
"mar-23","Spotify","86","Feid","Ferxxo 100","CO","Urbano"
"mar-23","Spotify","87","Maluma, Anuel AA","Diablo, Qué Chimba","CO, PR","Urbano"
"mar-23","Spotify","88","The Weeknd, Ariana Grande","Die For You (with Ariana Grande) - Remix","CA, US","Pop"
"mar-23","Spotify","89","Young Cister, Taiko","DEBI LLEVARTE FLORES","CL","Urbano"
"mar-23","Spotify","90","Bad Bunny","Neverita","PR","Urbano"
"mar-23","Spotify","91","Cris Mj, Blessd","Gucci en Paris","CL, CO","Urbano"
"mar-23","Spotify","92","Polimá Westcoast, Feid, Pailita, Paloma Mami, De La Ghetto","ULTRA SOLO REMIX","CL, CO, US, PR","Urbano"
"mar-23","Spotify","93","Big One, Emilia, Callejero Fino","En La Intimidad | CROSSOVER #1","AR, SE, AR","Urbano"
"mar-23","Spotify","94","ROSALÍA, Rauw Alejandro","VAMPIROS","ES, PR","Urbano"
"mar-23","Spotify","95","KAROL G","TUS GAFITAS","CO","Urbano"
"mar-23","Spotify","96","Lucky Brown, Jairo Vera, Valdi","Kilo De Amigas","CL","Urbano"
"mar-23","Spotify","97","Rauw Alejandro, Baby Rasta","PUNTO 40","PR, PR","Urbano"
"mar-23","Spotify","98","El Punto40, Marcianeke","Mini Mini","CL","Urbano"
"mar-23","Spotify","99","TINI","La Triple T","AR","Pop"
"mar-23","Spotify","100","Ak4:20, Pailita, Cris Mj","Me Arrepentí","CL","Urbano"
"abr-23","Spotify","1","Grupo Frontera, Bad Bunny","un x100to","PR","Latino/Tropical"
"abr-23","Spotify","2","Feid, Young Miko","CLASSY 101","CO, PR","Urbano"
"abr-23","Spotify","3","Nickoog Clk, Jere Klein","XQ TAN SOLA?","CL","Urbano"
"abr-23","Spotify","4","Eslabon Armado, Peso Pluma","Ella Baila Sola","US, MX","Latino/Tropical"
"abr-23","Spotify","5","KAROL G, Shakira","TQG","CO, CO","Urbano"
"abr-23","Spotify","6","Jere Klein, Fran C","Donde?","CL","Urbano"
"abr-23","Spotify","7","Yng Lvcas, Peso Pluma","La Bebe - Remix","MX","Urbano"
"abr-23","Spotify","8","Yandel, Feid","Yandel 150","PR, CO","Urbano"
"abr-23","Spotify","9","Big One, FMK, Ke Personajes","Un Finde | CROSSOVER #2","AR, AR, AR","Urbano"
"abr-23","Spotify","10","Cris Mj","Su Altura","CL","Urbano"
"abr-23","Spotify","11","El Jordan 23, Big Cvyu","SHERATON","CL","Urbano"
"abr-23","Spotify","12","ROSALÍA, Rauw Alejandro","BESO","ES, PR","Urbano"
"abr-23","Spotify","13","Gino Mella, Best","Viviendo El Proceso <3","CL","Urbano"
"abr-23","Spotify","14","Pailita, Fran C","Venga Pa' Acá","CL","Urbano"
"abr-23","Spotify","15","Jere Klein","Ya No Pienso en Ti","CL","Urbano"
"abr-23","Spotify","16","Nickoog Clk, ITHAN NY, Lucky Brown, Izahn","Glocko","CL","Urbano"
"abr-23","Spotify","17","KAROL G, Romeo Santos","X SI VOLVEMOS","CO, US","Urbano"
"abr-23","Spotify","18","Jairo Vera, Nickoog Clk, Gino Mella, Balbi El Chamako, Bayron Fire, Bayriton, Tommy Boysen, Gringuitos Records, El Rey","Te Extraño a Lo Vio (feat. Balbi El Chamako, Bayron Fire, Bayriton, Tommy Boysen, Gringuitos Records, El Rey) - Remix","CL, CL","Urbano"
"abr-23","Spotify","19","Ozuna, Feid","Hey Mor","PR, CO","Urbano"
"abr-23","Spotify","20","Jere Klein","Ram","CL","Urbano"
"abr-23","Spotify","21","Marcianeke, Jere Klein, Gold Music","Muñeca","CL, CL","Urbano"
"abr-23","Spotify","22","Milo j, Taiu","Rara Vez","AR, AR","Urbano"
"abr-23","Spotify","23","Eladio Carrion, Bad Bunny","Coco Chanel","PR, PR","Urbano"
"abr-23","Spotify","24","FloyyMenor","pa la europa","CL","Urbano"
"abr-23","Spotify","25","Gino Mella, Best","TE EXO DE MENOS :(","CL","Urbano"
"abr-23","Spotify","26","KAROL G","MIENTRAS ME CURO DEL CORA","CO","Urbano"
"abr-23","Spotify","27","Jere Klein, Lucky Brown","Mandame Tu Ubi","CL","Urbano"
"abr-23","Spotify","28","Feid","Feliz Cumpleaños Ferxxo","CO","Urbano"
"abr-23","Spotify","29","TINI","Cupido","AR","Pop"
"abr-23","Spotify","30","Yong Bryel, Jere Klein, El BAI","Los Rockstars","CL, CL","Urbano"
"abr-23","Spotify","31","LiL CaKe, Migrantes, Nico Valdi","MERCHO","AR","Urbano"
"abr-23","Spotify","32","Jere Klein, Balbi El Chamako, El BAI","Ibiza","CL, CL, CL","Urbano"
"abr-23","Spotify","33","Manuel Turizo","La Bachata","CO","Urbano"
"abr-23","Spotify","34","Jairo Vera, Best","Con Puras de 25","CL","Urbano"
"abr-23","Spotify","35","Jere Klein","6.5","CL","Urbano"
"abr-23","Spotify","36","Feid","Normal","CO","Urbano"
"abr-23","Spotify","37","Jere Klein, ITHAN NY","Los Diablotes","CL, CL","Urbano"
"abr-23","Spotify","38","Feid","CHORRITO PA LAS ANIMAS","CO","Urbano"
"abr-23","Spotify","39","Anuel AA, Mambo Kingz, DJ Luian","Mas Rica Que Ayer","PR, PR, PR","Urbano"
"abr-23","Spotify","40","Lucky Brown, Jere Klein, Valdi","Vengo De La Brea","CL","Urbano"
"abr-23","Spotify","41","Jairo Vera","PA K TE ENAMORE","CL","Urbano"
"abr-23","Spotify","42","Gino Mella, Jairo Vera","Mujeriego","CL","Urbano"
"abr-23","Spotify","43","Bizarrap, Shakira","Shakira: Bzrp Music Sessions, Vol. 53","AR, CO","Urbano"
"abr-23","Spotify","44","Arcángel, Bad Bunny","La Jumpa","PR, PR","Urbano"
"abr-23","Spotify","45","Jimin","Like Crazy","KR","Pop"
"abr-23","Spotify","46","Pailita, Cris Mj, Young Cister","Llámame Bebé","CL","Urbano"
"abr-23","Spotify","47","Balbi El Chamako, Jere Klein","Ese Corte","CL, CL","Urbano"
"abr-23","Spotify","48","Jairo Vera, Darkiel, Gino Mella","HABLA","PR","Urbano"
"abr-23","Spotify","49","Bizarrap, Quevedo","Quevedo: Bzrp Music Sessions, Vol. 52","AR","Urbano"
"abr-23","Spotify","50","Quevedo","WANDA","ES","Urbano"
"abr-23","Spotify","51","Bad Bunny, Chencho Corleone","Me Porto Bonito","PR, PR","Urbano"
"abr-23","Spotify","52","KAROL G","PROVENZA","CO","Urbano"
"abr-23","Spotify","53","KAROL G, Ovy On The Drums","CAIRO","CO, CO","Urbano"
"abr-23","Spotify","54","Jairo Vera","Lealtad","CL","Urbano"
"abr-23","Spotify","55","Ke Personajes, Onda Sabanera","Pobre Corazón - En Vivo","AR","Latino/Tropical"
"abr-23","Spotify","56","Lucky Brown, Fran C","Toda Guapa","ES","Urbano"
"abr-23","Spotify","57","Peso Pluma, Natanael Cano","PRC","MX","Latino/Tropical"
"abr-23","Spotify","58","Mora, Feid","LA INOCENTE","SE, CO","Urbano"
"abr-23","Spotify","59","Cris Mj, Duki, Nicki Nicole, Standly, Stars Music Chile","Marisola - Remix","CL, AR","Urbano"
"abr-23","Spotify","60","Feid, Sean Paul","Niña Bonita","CO, JM","Urbano"
"abr-23","Spotify","61","Quevedo","PUNTO G","ES","Urbano"
"abr-23","Spotify","62","Bad Bunny, Bomba Estéreo","Ojitos Lindos","PR, CO","Urbano"
"abr-23","Spotify","63","Natanael Cano, Peso Pluma, Gabito Ballesteros","AMG","MX, MX","Latino/Tropical"
"abr-23","Spotify","64","Ak4:20, Marcianeke","BOCHE","CL","Urbano"
"abr-23","Spotify","65","Quevedo","VISTA AL MAR","ES","Urbano"
"abr-23","Spotify","66","El Jordan 23, Big Cvyu","BELLAKITA","CL","Urbano"
"abr-23","Spotify","67","Feid","REMIX EXCLUSIVO","CO","Urbano"
"abr-23","Spotify","68","Jairo Vera, Darkiel, Gino Mella, Best, Bayriton","ADICTO (feat. Best, Bayriton)","PR","Urbano"
"abr-23","Spotify","69","Ñengo Flow, Bad Bunny","Gato de Noche","PR, PR","Urbano"
"abr-23","Spotify","70","Cris Mj","Una Noche en Medellín","CL","Urbano"
"abr-23","Spotify","71","Julianno Sosa","Maldita HP","CL","Urbano"
"abr-23","Spotify","72","Harry Nach, Cris Mj, Pablo Chill-E, Polimá Westcoast, Aqua VS, Tom fomt, Kreamly, Nikxz","LOKOTRON REMIX","CL, CL, CL","Urbano"
"abr-23","Spotify","73","Pailita","Parcera","CL","Urbano"
"abr-23","Spotify","74","Bad Bunny","Efecto","PR","Urbano"
"abr-23","Spotify","75","BM, Phontana","M.A (Mejores Amigos)","KR","Urbano"
"abr-23","Spotify","76","Miley Cyrus","Flowers","US","Pop"
"abr-23","Spotify","77","Wisin, Anuel AA","MI EXXX","PR, PR","Urbano"
"abr-23","Spotify","78","Luck Ra, La K'onga, Ke Personajes","Ya No Vuelvas (Versión Cuarteto)","AR, AR, AR","Latino/Tropical"
"abr-23","Spotify","79","Young Cister","REGALONA","CL","Urbano"
"abr-23","Spotify","80","Bad Bunny","Moscow Mule","PR","Urbano"
"abr-23","Spotify","81","Rauw Alejandro, Lyanno, Brray","LOKERA","PR, PR, PR","Urbano"
"abr-23","Spotify","82","Eladio Carrion, Myke Towers","Si La Calle Llama - Remix","PR, PR","Urbano"
"abr-23","Spotify","83","Noriel, Pailita","Be Con Be","PR","Urbano"
"abr-23","Spotify","84","Brray, JHAYCO, Ryan Castro","Corazón Roto - Remix","PR, PR, CO","Urbano"
"abr-23","Spotify","85","KAROL G, Quevedo","PERO TÚ","CO","Urbano"
"abr-23","Spotify","86","Marshmello, Manuel Turizo","El Merengue","US, CO","Electrónica"
"abr-23","Spotify","87","Pailita, De La Ghetto","Si Tu Supieras","PR","Urbano"
"abr-23","Spotify","88","KAROL G, Maldy","GATÚBELA","CO, PR","Urbano"
"abr-23","Spotify","89","Julianno Sosa, Young Cister","GANAS","CL","Urbano"
"abr-23","Spotify","90","Cris Mj, Ak4:20","Sin Seguro","CL","Urbano"
"abr-23","Spotify","91","Wisin & Yandel, ROSALÍA","Besos Moja2","PR, ES","Urbano"
"abr-23","Spotify","92","Jimin","Like Crazy (English Version)","KR","Pop"
"abr-23","Spotify","93","Standly, Jairo Vera","Aunque Me Caigo Me Paro","CL","Urbano"
"abr-23","Spotify","94","Ke Personajes","Si No Te Tengo / Ángel / Aquello Que Pasó","AR","Latino/Tropical"
"abr-23","Spotify","95","BRUNO MATEUS","Traketo - Intro Remix","BR","Latino/Tropical"
"abr-23","Spotify","96","Big One, Emilia, Callejero Fino","En La Intimidad | CROSSOVER #1","AR, SE, AR","Urbano"
"abr-23","Spotify","97","Pailita, El Jordan 23, Noriel, Pablo Chill-E","Na Na Na - Remix","PR, CL","Urbano"
"abr-23","Spotify","98","Harry Styles","As It Was","GB","Pop"
"abr-23","Spotify","99","ROSALÍA","DESPECHÁ","ES","Urbano"
"abr-23","Spotify","100","Young Cister","LA TERAPIA","CL","Urbano"
"may-23","Spotify","1","Bad Bunny","WHERE SHE GOES","PR","Urbano"
"may-23","Spotify","2","Eslabon Armado, Peso Pluma","Ella Baila Sola","US, MX","Latino/Tropical"
"may-23","Spotify","3","Grupo Frontera, Bad Bunny","un x100to","PR","Latino/Tropical"
"may-23","Spotify","4","Feid, Young Miko","CLASSY 101","CO, PR","Urbano"
"may-23","Spotify","5","Nickoog Clk, Jere Klein","XQ TAN SOLA?","CL","Urbano"
"may-23","Spotify","6","Jere Klein, Mateo on the Beatz","UNA EN UN MILLÓN","CL","Urbano"
"may-23","Spotify","7","Yng Lvcas, Peso Pluma","La Bebe - Remix","MX","Urbano"
"may-23","Spotify","8","ITHAN NY, Jere Klein","Millonarios Juntos","CL, CL","Urbano"
"may-23","Spotify","9","Big One, FMK, Ke Personajes","Un Finde | CROSSOVER #2","AR, AR, AR","Urbano"
"may-23","Spotify","10","KAROL G, Shakira","TQG","CO, CO","Urbano"
"may-23","Spotify","11","Yandel, Feid","Yandel 150","PR, CO","Urbano"
"may-23","Spotify","12","Jairo Vera, Juanka","MADRID","PR","Urbano"
"may-23","Spotify","13","Pailita, Fran C","Venga Pa' Acá","CL","Urbano"
"may-23","Spotify","14","Shakira","Acróstico - Milan + Sasha","CO","Pop"
"may-23","Spotify","15","Jere Klein, Fran C","Donde?","CL","Urbano"
"may-23","Spotify","16","El Jordan 23, Big Cvyu","BELLAKITA","CL","Urbano"
"may-23","Spotify","17","ROSALÍA, Rauw Alejandro","BESO","ES, PR","Urbano"
"may-23","Spotify","18","Jere Klein","Ram","CL","Urbano"
"may-23","Spotify","19","Jere Klein","Ya No Pienso en Ti","CL","Urbano"
"may-23","Spotify","20","FloyyMenor","pa la europa","CL","Urbano"
"may-23","Spotify","21","Ozuna, Feid","Hey Mor","PR, CO","Urbano"
"may-23","Spotify","22","KAROL G, Romeo Santos","X SI VOLVEMOS","CO, US","Urbano"
"may-23","Spotify","23","KAROL G","AMARGURA","CO","Urbano"
"may-23","Spotify","24","Nickoog Clk, ITHAN NY, Lucky Brown, Izahn","Glocko","CL","Urbano"
"may-23","Spotify","25","Lucky Brown, Fran C","Toda Guapa","CL","Urbano"
"may-23","Spotify","26","El Jordan 23, Big Cvyu","SHERATON","CL","Urbano"
"may-23","Spotify","27","Jere Klein, Balbi El Chamako, El BAI","Ibiza","CL, CL, CL","Urbano"
"may-23","Spotify","28","Jairo Vera, Nickoog Clk, Gino Mella, Balbi El Chamako, Bayron Fire, Bayriton, Tommy Boysen, Gringuitos Records, El Rey","Te Extraño a Lo Vio (feat. Balbi El Chamako, Bayron Fire, Bayriton, Tommy Boysen, Gringuitos Records, El Rey) - Remix","CL, CL","Urbano"
"may-23","Spotify","29","Gino Mella, Best","Viviendo El Proceso <3","CL","Urbano"
"may-23","Spotify","30","Feid","Feliz Cumpleaños Ferxxo","CO","Urbano"
"may-23","Spotify","31","Eladio Carrion, Bad Bunny","Coco Chanel","PR, PR","Urbano"
"may-23","Spotify","32","Marcianeke, Jere Klein, Gold Music","Muñeca","CL, CL","Urbano"
"may-23","Spotify","33","Manuel Turizo","La Bachata","CO","Urbano"
"may-23","Spotify","34","Milo j, Taiu","Rara Vez","AR, AR","Urbano"
"may-23","Spotify","35","Jairo Vera, Best","Con Puras de 25","CL","Urbano"
"may-23","Spotify","36","Feid","Normal","CO","Urbano"
"may-23","Spotify","37","TINI","Cupido","AR","Pop"
"may-23","Spotify","38","KAROL G","MIENTRAS ME CURO DEL CORA","CO","Urbano"
"may-23","Spotify","39","Feid","CHORRITO PA LAS ANIMAS","CO","Urbano"
"may-23","Spotify","40","Ke Personajes, Onda Sabanera","Pobre Corazón - En Vivo","AR","Latino/Tropical"
"may-23","Spotify","41","Cris Mj","Su Altura","CL","Urbano"
"may-23","Spotify","42","Anuel AA, Mambo Kingz, DJ Luian","Mas Rica Que Ayer","PR, PR, PR","Urbano"
"may-23","Spotify","43","Feid, Sean Paul","Niña Bonita","CO, JM","Urbano"
"may-23","Spotify","44","Yong Bryel, Jere Klein, El BAI","Los Rockstars","CL, CL","Urbano"
"may-23","Spotify","45","Gino Mella, Best","TE EXO DE MENOS :(","CL","Urbano"
"may-23","Spotify","46","Nicky Jam, Feid","69","PR, CO","Urbano"
"may-23","Spotify","47","Jere Klein, Lucky Brown","Mandame Tu Ubi","CL","Urbano"
"may-23","Spotify","48","Jimin","Like Crazy","KR","Pop"
"may-23","Spotify","49","LiL CaKe, Migrantes, Nico Valdi","MERCHO","AR","Urbano"
"may-23","Spotify","50","Jairo Vera","Lealtad","CL","Urbano"
"may-23","Spotify","51","Kidd Voodoo, Young Cister","Fashion Girl - Remix","CL","Urbano"
"may-23","Spotify","52","Bizarrap, Shakira","Shakira: Bzrp Music Sessions, Vol. 53","AR, CO","Urbano"
"may-23","Spotify","53","Peso Pluma, Natanael Cano","PRC","MX","Latino/Tropical"
"may-23","Spotify","54","Bad Bunny, Chencho Corleone","Me Porto Bonito","PR, PR","Urbano"
"may-23","Spotify","55","Chencho Corleone","Un Cigarrillo","PR","Urbano"
"may-23","Spotify","56","Jere Klein","6.5","CL","Urbano"
"may-23","Spotify","57","Kodak Black, NLE Choppa, Jimin, JVKE, Muni Long, Fast & Furious: The Fast Saga","Angel Pt. 1 (feat. Jimin of BTS, JVKE & Muni Long)","US, US, KR, US, US","Pop"
"may-23","Spotify","58","Jairo Vera","PA K TE ENAMORE","CL","Urbano"
"may-23","Spotify","59","Anuel AA, DJ Luian, Mambo Kingz","Mejor Que Yo","PR, PR, PR","Urbano"
"may-23","Spotify","60","Lucky Brown, Jere Klein, Valdi","Vengo De La Brea","CL","Urbano"
"may-23","Spotify","61","Bizarrap, Quevedo","Quevedo: Bzrp Music Sessions, Vol. 52","AR","Urbano"
"may-23","Spotify","62","Bad Bunny, Bomba Estéreo","Ojitos Lindos","PR, CO","Urbano"
"may-23","Spotify","63","KAROL G","PROVENZA","CO","Urbano"
"may-23","Spotify","64","Jere Klein, ITHAN NY","Los Diablotes","CL, CL","Urbano"
"may-23","Spotify","65","Mora, Feid","LA INOCENTE","SE, CO","Urbano"
"may-23","Spotify","66","Cris Mj, Duki, Nicki Nicole, Standly, Stars Music Chile","Marisola - Remix","CL, AR","Urbano"
"may-23","Spotify","67","Tiago PZK, TINI","Me Enteré","AR, AR","Urbano"
"may-23","Spotify","68","Arcángel, Bad Bunny","La Jumpa","PR, PR","Urbano"
"may-23","Spotify","69","Jairo Vera, Darkiel, Gino Mella","HABLA","PR","Urbano"
"may-23","Spotify","70","Balbi El Chamako, Jere Klein","Ese Corte","CL, CL","Urbano"
"may-23","Spotify","71","KAROL G, Ovy On The Drums","CAIRO","CO, CO","Urbano"
"may-23","Spotify","72","FloyyMenor","un star","CL","Urbano"
"may-23","Spotify","73","Luck Ra, La K'onga, Ke Personajes","Ya No Vuelvas (Versión Cuarteto)","AR, AR, AR","Latino/Tropical"
"may-23","Spotify","74","Bad Bunny","Efecto","PR","Urbano"
"may-23","Spotify","75","Wolfine, Ñejo","Escápate Conmigo - Remix","CO, PR","Urbano"
"may-23","Spotify","76","JHAYCO, Quevedo","Mami Chula","PR","Urbano"
"may-23","Spotify","77","Cris Mj","Una Noche en Medellín","CL","Urbano"
"may-23","Spotify","78","Gino Mella, Jairo Vera","Mujeriego","CL","Urbano"
"may-23","Spotify","79","Quevedo","PUNTO G","ES","Urbano"
"may-23","Spotify","80","Mora","RÁPIDO","SE","Urbano"
"may-23","Spotify","81","BM, Phontana","M.A (Mejores Amigos)","KR","Urbano"
"may-23","Spotify","82","Quevedo","WANDA","ES","Urbano"
"may-23","Spotify","83","Marshmello, Manuel Turizo","El Merengue","US, CO","Electrónica"
"may-23","Spotify","84","Quevedo","VISTA AL MAR","ES","Urbano"
"may-23","Spotify","85","Ñengo Flow, Bad Bunny","Gato de Noche","PR, PR","Urbano"
"may-23","Spotify","86","Pailita, Cris Mj, Young Cister","Llámame Bebé","CL","Urbano"
"may-23","Spotify","87","Jairo Vera, Forest","SI TE VAS","FR","Urbano"
"may-23","Spotify","88","Bad Bunny","Moscow Mule","PR","Urbano"
"may-23","Spotify","89","Miley Cyrus","Flowers","US","Pop"
"may-23","Spotify","90","Rauw Alejandro, Lyanno, Brray","LOKERA","PR, PR, PR","Urbano"
"may-23","Spotify","91","Yahritza Y Su Esencia, Grupo Frontera","Frágil","US, MX","Latino/Tropical"
"may-23","Spotify","92","Ke Personajes","Si No Te Tengo / Ángel / Aquello Que Pasó","AR","Latino/Tropical"
"may-23","Spotify","93","Natanael Cano, Peso Pluma, Gabito Ballesteros","AMG","MX, MX","Latino/Tropical"
"may-23","Spotify","94","Jairo Vera, Darkiel, Gino Mella, Best, Bayriton","ADICTO (feat. Best, Bayriton)","PR","Urbano"
"may-23","Spotify","95","Feid","REMIX EXCLUSIVO","CO","Urbano"
"may-23","Spotify","96","KAROL G, Quevedo","PERO TÚ","CO","Urbano"
"may-23","Spotify","97","Big One, Emilia, Callejero Fino","En La Intimidad | CROSSOVER #1","AR, SE, AR","Urbano"
"may-23","Spotify","98","Dainesitta, Jairo Vera","MOOD","CL","Urbano"
"may-23","Spotify","99","Anuel AA, Haze","Amanece","PR, GB","Urbano"
"may-23","Spotify","100","Nicki Nicole, Milo j","DISPARA ***","AR, AR","Urbano"
"jun-23","Spotify","1","Gino Mella, Jairo Vera, Best","EL AMOR DE TU VIDA","CL","Urbano"
"jun-23","Spotify","2","Big One, FMK, Ke Personajes","Un Finde | CROSSOVER #2","AR, AR, AR","Urbano"
"jun-23","Spotify","3","LIT killah, Tiago PZK, Maria Becerra, Duki, Emilia, Rusherking, Big One, FMK","Los del Espacio","AR, AR, SE, AR, AR, AR","Urbano"
"jun-23","Spotify","4","Jere Klein, Mateo on the Beatz","UNA EN UN MILLÓN","CL","Urbano"
"jun-23","Spotify","5","Eslabon Armado, Peso Pluma","Ella Baila Sola","US, MX","Latino/Tropical"
"jun-23","Spotify","6","Grupo Frontera, Bad Bunny","un x100to","PR","Latino/Tropical"
"jun-23","Spotify","7","Feid, Young Miko","CLASSY 101","CO, PR","Urbano"
"jun-23","Spotify","8","Bad Bunny","WHERE SHE GOES","PR","Urbano"
"jun-23","Spotify","9","Nickoog Clk, Jere Klein","XQ TAN SOLA?","CL","Urbano"
"jun-23","Spotify","10","Lucky Brown, Gino Mella, Valdi","Me Veo Rico","CL","Urbano"
"jun-23","Spotify","11","Yng Lvcas, Peso Pluma","La Bebe - Remix","MX","Urbano"
"jun-23","Spotify","12","Sky Rompiendo, Feid, Myke Towers","El Cielo","CO, CO, PR","Urbano"
"jun-23","Spotify","13","Myke Towers","LALA","PR","Urbano"
"jun-23","Spotify","14","KAROL G","AMARGURA","CO","Urbano"
"jun-23","Spotify","15","KAROL G, Shakira","TQG","CO, CO","Urbano"
"jun-23","Spotify","16","Gino Mella","+ Q LA XUXA","CL","Urbano"
"jun-23","Spotify","17","ITHAN NY, Jere Klein","Millonarios Juntos","CL, CL","Urbano"
"jun-23","Spotify","18","Pailita, Fran C","Venga Pa' Acá","CL","Urbano"
"jun-23","Spotify","19","Yandel, Feid, Daddy Yankee","Yankee 150","PR, CO, PR","Urbano"
"jun-23","Spotify","20","Jairo Vera, Juanka","MADRID","PR","Urbano"
"jun-23","Spotify","21","Jere Klein, Fran C","Donde?","CL","Urbano"
"jun-23","Spotify","22","Bizarrap, Peso Pluma","Peso Pluma: Bzrp Music Sessions, Vol. 55","AR, MX","Urbano"
"jun-23","Spotify","23","El Jordan 23, Big Cvyu","BELLAKITA","CL","Urbano"
"jun-23","Spotify","24","Drakomafia, Il Nene De Oro, Lleflight, Piero 47, 3TRIPLE J, JulianoChieff","LOUD (feat. Piero 47, 3TRIPLE J, JulianoChieff)","CL","Urbano"
"jun-23","Spotify","25","Bizarrap, Rauw Alejandro","Rauw Alejandro: Bzrp Music Sessions, Vol. 56","AR, PR","Urbano"
"jun-23","Spotify","26","Jere Klein","Ram","CL","Urbano"
"jun-23","Spotify","27","Piero 47, King Fly","Amiri Jeans","FR","Urbano"
"jun-23","Spotify","28","FloyyMenor","pa la europa","CL","Urbano"
"jun-23","Spotify","29","Aqua VS, FloyyMenor, Lewis Somes","RICKY RICON","CL","Urbano"
"jun-23","Spotify","30","Ke Personajes, Onda Sabanera","Pobre Corazón - En Vivo","AR","Latino/Tropical"
"jun-23","Spotify","31","Yandel, Feid","Yandel 150","PR, CO","Urbano"
"jun-23","Spotify","32","Jere Klein","Ya No Pienso en Ti","CL","Urbano"
"jun-23","Spotify","33","El Jordan 23, los patos feos inc, Nes","Cabaña","CL","Urbano"
"jun-23","Spotify","34","Maria Becerra","CORAZÓN VACÍO","AR","Urbano"
"jun-23","Spotify","35","Ozuna, Feid","Hey Mor","PR, CO","Urbano"
"jun-23","Spotify","36","Gino Mella, Best","TE EXO DE MENOS :(","CL","Urbano"
"jun-23","Spotify","37","Lucky Brown, Fran C","Toda Guapa","CL","Urbano"
"jun-23","Spotify","38","KAROL G, Romeo Santos","X SI VOLVEMOS","CO, US","Urbano"
"jun-23","Spotify","39","El Jordan 23, Big Cvyu","SHERATON","CL","Urbano"
"jun-23","Spotify","40","Jairo Vera, Nickoog Clk, Gino Mella, Balbi El Chamako, Bayron Fire, Bayriton, Tommy Boysen, Gringuitos Records, El Rey","Te Extraño a Lo Vio (feat. Balbi El Chamako, Bayron Fire, Bayriton, Tommy Boysen, Gringuitos Records, El Rey) - Remix","CL, CL","Urbano"
"jun-23","Spotify","41","ROSALÍA, Rauw Alejandro","BESO","ES, PR","Urbano"
"jun-23","Spotify","42","Manuel Turizo","La Bachata","CO","Urbano"
"jun-23","Spotify","43","Wolfine, Ñejo","Escápate Conmigo - Remix","CO, PR","Urbano"
"jun-23","Spotify","44","SAIKO, Quevedo, Feid, Mora","POLARIS - Remix","ES,CO,PR","Urbano"
"jun-23","Spotify","45","Gino Mella, Best","Viviendo El Proceso <3","CL","Urbano"
"jun-23","Spotify","46","Jere Klein, Balbi El Chamako, El BAI","Ibiza","CL, CL, CL","Urbano"
"jun-23","Spotify","47","Feid","Normal","CO","Urbano"
"jun-23","Spotify","48","Feid","Feliz Cumpleaños Ferxxo","CO","Urbano"
"jun-23","Spotify","49","Duki, JHAYCO","RoCKSTAR 2.0","PR","Urbano"
"jun-23","Spotify","50","Luck Ra, La K'onga, Ke Personajes","Ya No Vuelvas (Versión Cuarteto)","AR, AR, AR","Latino/Tropical"
"jun-23","Spotify","51","Feid","CHORRITO PA LAS ANIMAS","CO","Urbano"
"jun-23","Spotify","52","Cris Mj","Su Altura","CL","Urbano"
"jun-23","Spotify","53","KAROL G","MIENTRAS ME CURO DEL CORA","CO","Urbano"
"jun-23","Spotify","54","Eladio Carrion, Bad Bunny","Coco Chanel","PR, PR","Urbano"
"jun-23","Spotify","55","Jimin","Like Crazy","KR","Pop"
"jun-23","Spotify","56","Milo j, Taiu","Rara Vez","AR, AR","Urbano"
"jun-23","Spotify","57","Plan B","Es un Secreto","GB","Urbano"
"jun-23","Spotify","58","Bad Bunny, Chencho Corleone","Me Porto Bonito","PR, PR","Urbano"
"jun-23","Spotify","59","Nickoog Clk, ITHAN NY, Lucky Brown, Izahn","Glocko","CL","Urbano"
"jun-23","Spotify","60","Feid, Sean Paul","Niña Bonita","CO, JM","Urbano"
"jun-23","Spotify","61","Pailita","Me Acordé de Ti","CL","Urbano"
"jun-23","Spotify","62","Mora, Feid","LA INOCENTE","SE, CO","Urbano"
"jun-23","Spotify","63","Shakira","Acróstico - Milan + Sasha","CO","Pop"
"jun-23","Spotify","64","Marcianeke, Jere Klein, Gold Music","Muñeca","CL, CL","Urbano"
"jun-23","Spotify","65","Bizarrap, Quevedo","Quevedo: Bzrp Music Sessions, Vol. 52","AR","Urbano"
"jun-23","Spotify","66","Anuel AA, Mambo Kingz, DJ Luian","Mas Rica Que Ayer","PR, PR, PR","Urbano"
"jun-23","Spotify","67","Duki","antes de perderte (OG VERSION)","AR","Urbano"
"jun-23","Spotify","68","ITHAN NY, Galee Galee, Piero 47","X5","CL, CL","Urbano"
"jun-23","Spotify","69","Chiko Alfa, Jairo Vera, Giuliano Yankees, Djay W","PANAMERA (feat. Djay W)","CL, CL","Urbano"
"jun-23","Spotify","70","Nicky Jam, Feid","69","PR, CO","Urbano"
"jun-23","Spotify","71","Yahritza Y Su Esencia, Grupo Frontera","Frágil","US, MX","Latino/Tropical"
"jun-23","Spotify","72","Jere Klein","6.5","CL","Urbano"
"jun-23","Spotify","73","Ke Personajes","Si No Te Tengo / Ángel / Aquello Que Pasó","AR","Latino/Tropical"
"jun-23","Spotify","74","Bad Bunny, Bomba Estéreo","Ojitos Lindos","PR, CO","Urbano"
"jun-23","Spotify","75","Jere Klein, Lucky Brown","Mandame Tu Ubi","CL","Urbano"
"jun-23","Spotify","76","Brray, JHAYCO, Ryan Castro","Corazón Roto - Remix","PR, PR, CO","Urbano"
"jun-23","Spotify","77","TINI","Cupido","AR","Pop"
"jun-23","Spotify","78","KAROL G","PROVENZA","CO","Urbano"
"jun-23","Spotify","79","Jairo Vera, Darkiel, Gino Mella","HABLA","PR","Urbano"
"jun-23","Spotify","80","Cris Mj","Una Noche en Medellín","CL","Urbano"
"jun-23","Spotify","81","Yong Bryel, King Savagge, Nickoog Clk, Sayian Jimmy, Vivete La Music","Le Dai Tu Corte","CL","Urbano"
"jun-23","Spotify","82","Bizarrap, Shakira","Shakira: Bzrp Music Sessions, Vol. 53","AR, CO","Urbano"
"jun-23","Spotify","83","Ke Personajes","Adiós Amor / Oye Mujer","AR","Latino/Tropical"
"jun-23","Spotify","84","Bad Gyal, Tokischa, Young Miko","Chulo pt.2","DO, PR","Urbano"
"jun-23","Spotify","85","Rauw Alejandro, Bizarrap","BABY HELLO","PR, AR","Urbano"
"jun-23","Spotify","86","Damas Gratis, Ke Personajes","Costumbres - Vivo","AR, AR","Latino/Tropical"
"jun-23","Spotify","87","Jairo Vera, Best","Con Puras de 25","CL","Urbano"
"jun-23","Spotify","88","Quevedo","PUNTO G","ES","Urbano"
"jun-23","Spotify","89","Lucky Brown, Jere Klein, Valdi","Vengo De La Brea","CL","Urbano"
"jun-23","Spotify","90","El Jordan 23, Pailita","Ropa Cara","CL","Urbano"
"jun-23","Spotify","91","Yong Bryel, Jere Klein, El BAI","Los Rockstars","CL, CL","Urbano"
"jun-23","Spotify","92","BM, Phontana","M.A (Mejores Amigos)","KR","Urbano"
"jun-23","Spotify","93","LiL CaKe, Migrantes, Nico Valdi","MERCHO","AR","Urbano"
"jun-23","Spotify","94","Marshmello, Manuel Turizo","El Merengue","US, CO","Electrónica"
"jun-23","Spotify","95","FloyyMenor","un star","CL","Urbano"
"jun-23","Spotify","96","Cris Mj, Duki, Nicki Nicole, Standly, Stars Music Chile","Marisola - Remix","CL, AR","Urbano"
"jun-23","Spotify","97","Galee Galee","Mami No Estés Triste","CL","Urbano"
"jun-23","Spotify","98","Bad Bunny","Efecto","PR","Urbano"
"jun-23","Spotify","99","Quevedo","WANDA","ES","Urbano"
"jun-23","Spotify","100","Piero 47, Galee Galee, Benjita Montana","Seguimo Joseando","CL","Urbano"
"jul-23","Spotify","1","Myke Towers","LALA","PR","Urbano"
"jul-23","Spotify","2","Quevedo","Columbia","ES","Urbano"
"jul-23","Spotify","3","El Jordan 23, los patos feos inc, Nes","Cabaña","CL","Urbano"
"jul-23","Spotify","4","Big One, FMK, Ke Personajes","Un Finde | CROSSOVER #2","AR, AR, AR","Urbano"
"jul-23","Spotify","5","Gino Mella, Jairo Vera, Best","EL AMOR DE TU VIDA","CL","Urbano"
"jul-23","Spotify","6","Jere Klein, Mateo on the Beatz","UNA EN UN MILLÓN","CL","Urbano"
"jul-23","Spotify","7","Feid, Young Miko","CLASSY 101","CO, PR","Urbano"
"jul-23","Spotify","8","LIT killah, Tiago PZK, Maria Becerra, Duki, Emilia, Rusherking, Big One, FMK","Los del Espacio","AR, AR, SE, AR, AR, AR","Urbano"
"jul-23","Spotify","9","Grupo Frontera, Bad Bunny","un x100to","PR","Latino/Tropical"
"jul-23","Spotify","10","Bad Bunny","WHERE SHE GOES","PR","Urbano"
"jul-23","Spotify","11","Nickoog Clk, Jere Klein","XQ TAN SOLA?","CL","Urbano"
"jul-23","Spotify","12","KAROL G","AMARGURA","CO","Urbano"
"jul-23","Spotify","13","Yng Lvcas, Peso Pluma","La Bebe - Remix","MX","Urbano"
"jul-23","Spotify","14","Lleflight, Gino Mella, Best","VÁMONOS PA LA EUROPA","CL","Urbano"
"jul-23","Spotify","15","Eslabon Armado, Peso Pluma","Ella Baila Sola","US, MX","Latino/Tropical"
"jul-23","Spotify","16","Wolfine, Ñejo","Escápate Conmigo - Remix","CO, PR","Urbano"
"jul-23","Spotify","17","Jung Kook, Latto","Seven (feat. Latto)","KR, US","Pop"
"jul-23","Spotify","18","Lucky Brown, Gino Mella, Valdi","Me Veo Rico","CL","Urbano"
"jul-23","Spotify","19","Piero 47, King Fly","Amiri Jeans","FR","Urbano"
"jul-23","Spotify","20","Drakomafia, Il Nene De Oro, Lleflight, Piero 47, 3TRIPLE J, JulianoChieff","LOUD (feat. Piero 47, 3TRIPLE J, JulianoChieff)","CL","Urbano"
"jul-23","Spotify","21","Jere Klein, Drakomafia","MI BRUJA","CL","Urbano"
"jul-23","Spotify","22","KAROL G, Shakira","TQG","CO, CO","Urbano"
"jul-23","Spotify","23","KAROL G","S91","CO","Urbano"
"jul-23","Spotify","24","ITHAN NY, Jere Klein","Millonarios Juntos","CL, CL","Urbano"
"jul-23","Spotify","25","Sky Rompiendo, Feid, Myke Towers","El Cielo","CO, CO, PR","Urbano"
"jul-23","Spotify","26","Tainy, Bad Bunny","MOJABI GHOST","PR, PR","Urbano"
"jul-23","Spotify","27","Gino Mella","+ Q LA XUXA","CL","Urbano"
"jul-23","Spotify","28","Maria Becerra","CORAZÓN VACÍO","AR","Urbano"
"jul-23","Spotify","29","Ke Personajes, Onda Sabanera","Pobre Corazón - En Vivo","AR","Latino/Tropical"
"jul-23","Spotify","30","Jere Klein, Fran C","Donde?","CL","Urbano"
"jul-23","Spotify","31","Bad Gyal, Tokischa, Young Miko","Chulo pt.2","DO, PR","Urbano"
"jul-23","Spotify","32","El Jordan 23, Big Cvyu","BELLAKITA","CL","Urbano"
"jul-23","Spotify","33","Jairo Vera, Juanka","MADRID","PR","Urbano"
"jul-23","Spotify","34","FloyyMenor","pa la europa","CL","Urbano"
"jul-23","Spotify","35","Pailita, Fran C","Venga Pa' Acá","CL","Urbano"
"jul-23","Spotify","36","Ozuna, Feid","Hey Mor","PR, CO","Urbano"
"jul-23","Spotify","37","Milo j, Taiu","Rara Vez","AR, AR","Urbano"
"jul-23","Spotify","38","Jere Klein","Ram","CL","Urbano"
"jul-23","Spotify","39","Yandel, Feid, Daddy Yankee","Yankee 150","PR, CO, PR","Urbano"
"jul-23","Spotify","40","Jere Klein","Ya No Pienso en Ti","CL","Urbano"
"jul-23","Spotify","41","Manuel Turizo","La Bachata","CO","Urbano"
"jul-23","Spotify","42","Travis Scott, Bad Bunny, The Weeknd","K-POP","US, PR, CA","Urbano"
"jul-23","Spotify","43","KAROL G, Romeo Santos","X SI VOLVEMOS","CO, US","Urbano"
"jul-23","Spotify","44","Lucky Brown, Fran C","Toda Guapa","CL","Urbano"
"jul-23","Spotify","45","Plan B","Es un Secreto","GB","Urbano"
"jul-23","Spotify","46","El Jordan 23, Big Cvyu","SHERATON","CL","Urbano"
"jul-23","Spotify","47","Feid","Feliz Cumpleaños Ferxxo","CO","Urbano"
"jul-23","Spotify","48","ROSALÍA, Rauw Alejandro","BESO","ES, PR","Urbano"
"jul-23","Spotify","49","Jimin","Like Crazy","KR","Pop"
"jul-23","Spotify","50","Gino Mella, Best","TE EXO DE MENOS :(","CL","Urbano"
"jul-23","Spotify","51","Yandel, Feid","Yandel 150","PR, CO","Urbano"
"jul-23","Spotify","52","Bizarrap, Peso Pluma","Peso Pluma: Bzrp Music Sessions, Vol. 55","AR, MX","Urbano"
"jul-23","Spotify","53","Cris Mj","Su Altura","CL","Urbano"
"jul-23","Spotify","54","Eladio Carrion, Bad Bunny","Coco Chanel","PR, PR","Urbano"
"jul-23","Spotify","55","Luck Ra, La K'onga, Ke Personajes","Ya No Vuelvas (Versión Cuarteto)","AR, AR, AR","Latino/Tropical"
"jul-23","Spotify","56","Gino Mella, Best","No Soy Cualquier Ex","CL","Urbano"
"jul-23","Spotify","57","Bad Bunny, Chencho Corleone","Me Porto Bonito","PR, PR","Urbano"
"jul-23","Spotify","58","Gino Mella, Best","Viviendo El Proceso <3","CL","Urbano"
"jul-23","Spotify","59","Brray, JHAYCO, Ryan Castro","Corazón Roto - Remix","PR, PR, CO","Urbano"
"jul-23","Spotify","60","Mora, Feid","LA INOCENTE","SE, CO","Urbano"
"jul-23","Spotify","61","KAROL G","MIENTRAS ME CURO DEL CORA","CO","Urbano"
"jul-23","Spotify","62","SAIKO, Quevedo, Feid, Mora","POLARIS - Remix","ES,CO,PR","Urbano"
"jul-23","Spotify","63","Quevedo","PUNTO G","ES","Urbano"
"jul-23","Spotify","64","Peso Pluma, Grupo Frontera","TULUM","MX","Latino/Tropical"
"jul-23","Spotify","65","Feid","CHORRITO PA LAS ANIMAS","CO","Urbano"
"jul-23","Spotify","66","Bizarrap, Quevedo","Quevedo: Bzrp Music Sessions, Vol. 52","AR","Urbano"
"jul-23","Spotify","67","Feid, Sean Paul","Niña Bonita","CO, JM","Urbano"
"jul-23","Spotify","68","Yahritza Y Su Esencia, Grupo Frontera","Frágil","US,MX","Latino/Tropical"
"jul-23","Spotify","69","Bad Bunny, Bomba Estéreo","Ojitos Lindos","PR, CO","Urbano"
"jul-23","Spotify","70","Chiko Alfa, Jairo Vera, Giuliano Yankees, Djay W","PANAMERA (feat. Djay W)","CL","Urbano"
"jul-23","Spotify","71","KAROL G","PROVENZA","CO","Urbano"
"jul-23","Spotify","72","Jairo Vera, Nickoog Clk, Gino Mella, Balbi El Chamako, Bayron Fire, Bayriton, Tommy Boysen, Gringuitos Records, El Rey","Te Extraño a Lo Vio (feat. Balbi El Chamako, Bayron Fire, Bayriton, Tommy Boysen, Gringuitos Records, El Rey) - Remix","CL, CL","Urbano"
"jul-23","Spotify","73","Cris Mj","Una Noche en Medellín","CL","Urbano"
"jul-23","Spotify","74","Feid","Normal","CO","Urbano"
"jul-23","Spotify","75","Anuel AA, Mambo Kingz, DJ Luian","Mas Rica Que Ayer","PR, PR, PR","Urbano"
"jul-23","Spotify","76","Ke Personajes","Si No Te Tengo / Ángel / Aquello Que Pasó","AR","Latino/Tropical"
"jul-23","Spotify","77","ITHAN NY, Galee Galee, Piero 47","X5","CL, CL","Urbano"
"jul-23","Spotify","78","Marshmello, Manuel Turizo","El Merengue","US, CO","Electrónica"
"jul-23","Spotify","79","Tiago PZK, TINI","Me Enteré","AR, AR","Urbano"
"jul-23","Spotify","80","Jere Klein, Lucky Brown","Mandame Tu Ubi","CL","Urbano"
"jul-23","Spotify","81","Jere Klein","6.5","CL","Urbano"
"jul-23","Spotify","82","Damas Gratis, Ke Personajes","Costumbres - Vivo","AR, AR","Latino/Tropical"
"jul-23","Spotify","83","Ke Personajes","Adiós Amor / Oye Mujer","AR","Latino/Tropical"
"jul-23","Spotify","84","Ryan Castro, Peso Pluma, SOG","QUEMA","CO, MX","Urbano"
"jul-23","Spotify","85","Quevedo","VISTA AL MAR","ES","Urbano"
"jul-23","Spotify","86","Marcianeke, Jere Klein, Gold Music","Muñeca","CL, CL","Urbano"
"jul-23","Spotify","87","TINI","Cupido","AR","Pop"
"jul-23","Spotify","88","Grupo Frontera, Ke Personajes","OJITOS ROJOS","AR","Latino/Tropical"
"jul-23","Spotify","89","Tony Dize, Plan B","Solos (feat. Plan B)","PR, US","Pop"
"jul-23","Spotify","90","Shakira, Manuel Turizo","Copa Vacía","CO, CO","Pop"
"jul-23","Spotify","91","Aqua VS, FloyyMenor, Lewis Somes","RICKY RICON","CL","Urbano"
"jul-23","Spotify","92","Cris Mj, Duki, Nicki Nicole, Standly, Stars Music Chile","Marisola - Remix","CL, AR","Urbano"
"jul-23","Spotify","93","Jairo Vera","PA K TE ENAMORE","CL","Urbano"
"jul-23","Spotify","94","Bizarrap, Shakira","Shakira: Bzrp Music Sessions, Vol. 53","AR, CO","Urbano"
"jul-23","Spotify","95","Jere Klein, Balbi El Chamako, El BAI","Ibiza","CL, CL, CL","Urbano"
"jul-23","Spotify","96","Lucky Brown, Jere Klein, Valdi","Vengo De La Brea","CL","Urbano"
"jul-23","Spotify","97","Nicki Nicole, Milo j","DISPARA ***","AR, AR","Urbano"
"jul-23","Spotify","98","Dua Lipa","Dance The Night - From Barbie The Album","GB","Pop"
"jul-23","Spotify","99","Bad Bunny","Efecto","PR","Urbano"
"jul-23","Spotify","100","NewJeans","Super Shy","KR","Pop"
"ago-23","Spotify","1","Jere Klein, Nicki Nicole","X ESO BB","CL, AR","Urbano"
"ago-23","Spotify","2","Myke Towers","LALA","PR","Urbano"
"ago-23","Spotify","3","Quevedo","Columbia","ES","Urbano"
"ago-23","Spotify","4","KAROL G, Peso Pluma","QLONA","CO, MX","Urbano"
"ago-23","Spotify","5","El Jordan 23, los patos feos inc, Nes","Cabaña","CL","Urbano"
"ago-23","Spotify","6","Big One, FMK, Ke Personajes","Un Finde | CROSSOVER #2","AR, AR, AR","Urbano"
"ago-23","Spotify","7","KAROL G, Cris Mj, Ryan Castro","UNA NOCHE EN MEDELLÍN - REMIX","CO, CL, CO","Urbano"
"ago-23","Spotify","8","Gino Mella, Jairo Vera, Best","EL AMOR DE TU VIDA","CL","Urbano"
"ago-23","Spotify","9","Pablo Chill-E, Pailita","Cora Roto","CL","Urbano"
"ago-23","Spotify","10","KAROL G","MI EX TENÍA RAZÓN","CO","Urbano"
"ago-23","Spotify","11","Feid, Young Miko","CLASSY 101","CO, PR","Urbano"
"ago-23","Spotify","12","Bad Gyal, Tokischa, Young Miko","Chulo pt.2","DO, PR","Urbano"
"ago-23","Spotify","13","JHAYCO","Holanda","PR","Urbano"
"ago-23","Spotify","14","Nickoog Clk, Jere Klein","XQ TAN SOLA?","CL","Urbano"
"ago-23","Spotify","15","Jere Klein, Mateo on the Beatz","UNA EN UN MILLÓN","CL","Urbano"
"ago-23","Spotify","16","Gino Mella, Jairo Vera, Brytiago, Best","Mi polola <3 (feat. Best)","PR","Urbano"
"ago-23","Spotify","17","Ak4:20, Gino Mella","ANDA SOLITA","CL","Urbano"
"ago-23","Spotify","18","Wolfine, Ñejo","Escápate Conmigo - Remix","CO, PR","Urbano"
"ago-23","Spotify","19","KAROL G","S91","CO","Urbano"
"ago-23","Spotify","20","Grupo Frontera, Bad Bunny","un x100to","PR","Latino/Tropical"
"ago-23","Spotify","21","LIT killah, Tiago PZK, Maria Becerra, Duki, Emilia, Rusherking, Big One, FMK","Los del Espacio","AR, AR, SE, AR, AR, AR","Urbano"
"ago-23","Spotify","22","KAROL G","AMARGURA","CO","Urbano"
"ago-23","Spotify","23","Jere Klein, Fran C","Donde?","CL","Urbano"
"ago-23","Spotify","24","Pailita, Fran C","Venga Pa' Acá","CL","Urbano"
"ago-23","Spotify","25","Bad Bunny","WHERE SHE GOES","PR","Urbano"
"ago-23","Spotify","26","Drakomafia, Il Nene De Oro, Lleflight, Piero 47, 3TRIPLE J, JulianoChieff","LOUD (feat. Piero 47, 3TRIPLE J, JulianoChieff)","CL","Urbano"
"ago-23","Spotify","27","Piero 47, King Fly","Amiri Jeans","FR","Urbano"
"ago-23","Spotify","28","Grupo Frontera, Ke Personajes","OJITOS ROJOS","AR","Latino/Tropical"
"ago-23","Spotify","29","Yng Lvcas, Peso Pluma","La Bebe - Remix","MX","Urbano"
"ago-23","Spotify","30","Lleflight, Gino Mella, Best","VÁMONOS PA LA EUROPA","CL","Urbano"
"ago-23","Spotify","31","KAROL G, Shakira","TQG","CO, CO","Urbano"
"ago-23","Spotify","32","ITHAN NY, Jere Klein","Millonarios Juntos","CL, CL","Urbano"
"ago-23","Spotify","33","Maria Becerra","CORAZÓN VACÍO","AR","Urbano"
"ago-23","Spotify","34","Lucky Brown, Gino Mella, Valdi","Me Veo Rico","CL","Urbano"
"ago-23","Spotify","35","Gino Mella","+ Q LA XUXA","CL","Urbano"
"ago-23","Spotify","36","Cris Mj","Ando Buscando","CL","Urbano"
"ago-23","Spotify","37","Jere Klein","Ram","CL","Urbano"
"ago-23","Spotify","38","Eslabon Armado, Peso Pluma","Ella Baila Sola","US, MX","Latino/Tropical"
"ago-23","Spotify","39","Manuel Turizo","La Bachata","CO","Urbano"
"ago-23","Spotify","40","Jairo Vera, Juanka","MADRID","PR","Urbano"
"ago-23","Spotify","41","Jere Klein, Drakomafia","Mi Bruja","CL","Urbano"
"ago-23","Spotify","42","KAROL G, Young Miko","DISPO","CO, PR","Urbano"
"ago-23","Spotify","43","Sky Rompiendo, Feid, Myke Towers","El Cielo","CO, CO, PR","Urbano"
"ago-23","Spotify","44","Jere Klein","Ya No Pienso en Ti","CL","Urbano"
"ago-23","Spotify","45","Cauty, Brray, JerePartyAnimal","ABC","PR, PR","Urbano"
"ago-23","Spotify","46","El Jordan 23, Big Cvyu","BELLAKITA","CL","Urbano"
"ago-23","Spotify","47","Carin Leon","Primera Cita","MX","Latino/Tropical"
"ago-23","Spotify","48","Ke Personajes, Onda Sabanera","Pobre Corazón - En Vivo","AR","Latino/Tropical"
"ago-23","Spotify","49","FloyyMenor","pa la europa","CL","Urbano"
"ago-23","Spotify","50","Jung Kook, Latto","Seven (feat. Latto)","KR, US","Pop"
"ago-23","Spotify","51","Tainy, Bad Bunny","MOJABI GHOST","PR, PR","Urbano"
"ago-23","Spotify","52","KAROL G","OKI DOKI","CO","Urbano"
"ago-23","Spotify","53","Plan B","Es un Secreto","GB","Urbano"
"ago-23","Spotify","54","Milo j, Taiu","Rara Vez","AR, AR","Urbano"
"ago-23","Spotify","55","El Jordan 23, Big Cvyu","SHERATON","CL","Urbano"
"ago-23","Spotify","56","Mora","DONDE SE APRENDE A QUERER?","SE","Urbano"
"ago-23","Spotify","57","Brray, JHAYCO, Ryan Castro","Corazón Roto - Remix","PR, PR, CO","Urbano"
"ago-23","Spotify","58","Ozuna, Feid","Hey Mor","PR, CO","Urbano"
"ago-23","Spotify","59","KAROL G, Romeo Santos","X SI VOLVEMOS","CO, US","Urbano"
"ago-23","Spotify","60","Jimin","Like Crazy","KR","Pop"
"ago-23","Spotify","61","Yandel, Feid, Daddy Yankee","Yankee 150","PR, CO, PR","Urbano"
"ago-23","Spotify","62","ROSALÍA, Rauw Alejandro","BESO","ES, PR","Urbano"
"ago-23","Spotify","63","KAROL G","MIENTRAS ME CURO DEL CORA","CO","Urbano"
"ago-23","Spotify","64","Gino Mella, Best","TE EXO DE MENOS :(","CL","Urbano"
"ago-23","Spotify","65","Mora, Feid","LA INOCENTE","SE, CO","Urbano"
"ago-23","Spotify","66","Ryan Castro, Peso Pluma, SOG","QUEMA","CO, MX","Urbano"
"ago-23","Spotify","67","SAIKO, Quevedo, Feid, Mora","POLARIS - Remix","ES,CO,PR","Urbano"
"ago-23","Spotify","68","Luck Ra, La K'onga, Ke Personajes","Ya No Vuelvas (Versión Cuarteto)","AR, AR, AR","Latino/Tropical"
"ago-23","Spotify","69","Mora, SAIKO","REINA","SE, CL","Urbano"
"ago-23","Spotify","70","Feid","Feliz Cumpleaños Ferxxo","CO","Urbano"
"ago-23","Spotify","71","Cris Mj","Su Altura","CL","Urbano"
"ago-23","Spotify","72","Lucky Brown, Fran C","Toda Guapa","CL","Urbano"
"ago-23","Spotify","73","Balbi El Chamako, El Jordan 23, Standly, Julianno Sosa, Ak4:20, Pablo Chill-E, Alexio","Ese Corte - Remix","CL, CL","Urbano"
"ago-23","Spotify","74","Bad Bunny, Chencho Corleone","Me Porto Bonito","PR, PR","Urbano"
"ago-23","Spotify","75","Marshmello, Manuel Turizo","El Merengue","US, CO","Electrónica"
"ago-23","Spotify","76","Gino Mella, Best","Viviendo El Proceso <3","CL","Urbano"
"ago-23","Spotify","77","Tony Dize, Plan B","Solos (feat. Plan B)","PR, GB","Pop"
"ago-23","Spotify","78","Peso Pluma, Grupo Frontera","TULUM","MX","Latino/Tropical"
"ago-23","Spotify","79","Quevedo","PUNTO G","ES","Urbano"
"ago-23","Spotify","80","KAROL G","PROVENZA","CO","Urbano"
"ago-23","Spotify","81","Bad Bunny, Bomba Estéreo","Ojitos Lindos","PR, CO","Urbano"
"ago-23","Spotify","82","Bizarrap, Quevedo","Quevedo: Bzrp Music Sessions, Vol. 52","AR","Urbano"
"ago-23","Spotify","83","Yandel, Feid","Yandel 150","PR, CO","Urbano"
"ago-23","Spotify","84","Damas Gratis, Ke Personajes","Costumbres - Vivo","AR, AR","Latino/Tropical"
"ago-23","Spotify","85","Jay Wheeler, Anuel AA, Hades66, Bryant Myers, Dei V","PACTO (feat. Bryant Myers & Dei V) - Remix","PR, PR, PR","Urbano"
"ago-23","Spotify","86","KAROL G, Dei V","GATITA GANGSTER","CO","Urbano"
"ago-23","Spotify","87","Feid, ICON","FERXXO 151","CO, US","Urbano"
"ago-23","Spotify","88","Chiko Alfa, Jairo Vera, Giuliano Yankees, Djay W","PANAMERA (feat. Djay W)","CL,PR","Urbano"
"ago-23","Spotify","89","Young Miko","wiggy","PR","Urbano"
"ago-23","Spotify","90","Bad Bunny","Efecto","PR","Urbano"
"ago-23","Spotify","91","Mora","PASAJERO","SE","Urbano"
"ago-23","Spotify","92","Quevedo","VISTA AL MAR","ES","Urbano"
"ago-23","Spotify","93","Eladio Carrion, Bad Bunny","Coco Chanel","PR, PR","Urbano"
"ago-23","Spotify","94","Mora","MEDIA LUNA","SE","Urbano"
"ago-23","Spotify","95","Feid","Normal","CO","Urbano"
"ago-23","Spotify","96","Jere Klein, Lucky Brown","Mandame Tu Ubi","CL","Urbano"
"ago-23","Spotify","97","Nicki Nicole, Young Miko","8 AM","AR, PR","Urbano"
"ago-23","Spotify","98","Feid","CHORRITO PA LAS ANIMAS","CO","Urbano"
"ago-23","Spotify","99","Ke Personajes","Adiós Amor / Oye Mujer","AR","Latino/Tropical"
"ago-23","Spotify","100","Arte Elegante, Gino Mella","Bonita","CL","Urbano"
"sept-23","Spotify","1","Jere Klein, Nicki Nicole","X ESO BB","CL, AR","Urbano"
"sept-23","Spotify","2","Lucky Brown, Jere Klein, Mateo on the Beatz","¿Cuál Es Su Nombre?","CL","Urbano"
"sept-23","Spotify","3","KAROL G, Peso Pluma","QLONA","CO, MX","Urbano"
"sept-23","Spotify","4","Myke Towers","LALA","PR","Urbano"
"sept-23","Spotify","5","Pablo Chill-E, Pailita","Cora Roto","CL","Urbano"
"sept-23","Spotify","6","Quevedo","Columbia","ES","Urbano"
"sept-23","Spotify","7","Big One, FMK, Ke Personajes","Un Finde | CROSSOVER #2","AR, AR, AR","Urbano"
"sept-23","Spotify","8","El Jordan 23, los patos feos inc, Nes","Cabaña","CL","Urbano"
"sept-23","Spotify","9","Gino Mella, Jairo Vera, Best","EL AMOR DE TU VIDA","CL","Urbano"
"sept-23","Spotify","10","JHAYCO","Holanda","PR","Urbano"
"sept-23","Spotify","11","Jairo Vera, Gino Mella, King Savagge, Chiko Alfa, Bayriton, Malito Malozo, Paolo Pimp","JARABE (feat. Chiko Alfa, Bayriton, Malito Malozo & Paolo Pimp)","CL","Urbano"
"sept-23","Spotify","12","Cris Mj","La Noche Está","CL","Urbano"
"sept-23","Spotify","13","Feid, Young Miko","CLASSY 101","CO, PR","Urbano"
"sept-23","Spotify","14","Bad Gyal, Tokischa, Young Miko","Chulo pt.2","DO, PR","Urbano"
"sept-23","Spotify","15","Pailita, Cris Mj, Keko Musik","Ponte de Espalda","CL","Urbano"
"sept-23","Spotify","16","Ak4:20, Gino Mella","ANDA SOLITA","CL","Urbano"
"sept-23","Spotify","17","Julianno Sosa, Guelo Star","TRANQUILA","PR","Urbano"
"sept-23","Spotify","18","KAROL G","MI EX TENÍA RAZÓN","CO","Urbano"
"sept-23","Spotify","19","Grupo Frontera, Ke Personajes","OJITOS ROJOS","AR","Latino/Tropical"
"sept-23","Spotify","20","KAROL G, Cris Mj, Ryan Castro","UNA NOCHE EN MEDELLÍN - REMIX","CO, CL, CO","Urbano"
"sept-23","Spotify","21","Wolfine, Ñejo","Escápate Conmigo - Remix","CO, PR","Urbano"
"sept-23","Spotify","22","Cris Mj","Ando Buscando","CL","Urbano"
"sept-23","Spotify","23","Jere Klein, Mateo on the Beatz","UNA EN UN MILLÓN","CL","Urbano"
"sept-23","Spotify","24","Pailita, Fran C","Venga Pa' Acá","CL","Urbano"
"sept-23","Spotify","25","Bad Bunny","UN PREVIEW","PR","Urbano"
"sept-23","Spotify","26","Jere Klein, Gittobeatz","ANDO","CL","Urbano"
"sept-23","Spotify","27","LIT killah, Tiago PZK, Maria Becerra, Duki, Emilia, Rusherking, Big One, FMK","Los del Espacio","AR, AR, SE, AR, AR, AR","Urbano"
"sept-23","Spotify","28","KAROL G","AMARGURA","CO","Urbano"
"sept-23","Spotify","29","Gino Mella, Jairo Vera, Brytiago, Best","Mi polola <3 (feat. Best)","PR","Urbano"
"sept-23","Spotify","30","KAROL G, Shakira","TQG","CO, CO","Urbano"
"sept-23","Spotify","31","KAROL G","S91","CO","Urbano"
"sept-23","Spotify","32","Nickoog Clk, Jere Klein","XQ TAN SOLA?","CL","Urbano"
"sept-23","Spotify","33","Mora","DONDE SE APRENDE A QUERER?","SE","Urbano"
"sept-23","Spotify","34","Grupo Frontera, Bad Bunny","un x100to","PR","Latino/Tropical"
"sept-23","Spotify","35","Mora, SAIKO","REINA","SE, CL","Urbano"
"sept-23","Spotify","36","ITHAN NY, Jere Klein","Millonarios Juntos","CL, CL","Urbano"
"sept-23","Spotify","37","Quevedo, SAIKO","Buenas","CL","Urbano"
"sept-23","Spotify","38","Ke Personajes, Onda Sabanera","Pobre Corazón - En Vivo","AR","Latino/Tropical"
"sept-23","Spotify","39","Bad Bunny","WHERE SHE GOES","PR","Urbano"
"sept-23","Spotify","40","Lucky Brown, Gino Mella, Valdi","Me Veo Rico","CL","Urbano"
"sept-23","Spotify","41","Carin Leon","Primera Cita","MX","Latino/Tropical"
"sept-23","Spotify","42","Maria Becerra","CORAZÓN VACÍO","AR","Urbano"
"sept-23","Spotify","43","Manuel Turizo","La Bachata","CO","Urbano"
"sept-23","Spotify","44","Maluma, Carin Leon","Según Quién","CO, MX","Urbano"
"sept-23","Spotify","45","Mora, Feid","LA INOCENTE","SE, CO","Urbano"
"sept-23","Spotify","46","Brray, Anuel AA, Chencho Corleone, JHAYCO, Ryan Castro","Corazón Roto pt. 3","PR, PR, PR, PR, CO","Urbano"
"sept-23","Spotify","47","Gino Mella","+ Q LA XUXA","CL","Urbano"
"sept-23","Spotify","48","Piero 47, King Fly","Amiri Jeans","FR","Urbano"
"sept-23","Spotify","49","Tony Dize, Plan B","Solos (feat. Plan B)","PR, GB","Pop"
"sept-23","Spotify","50","Luck Ra, La K'onga, Ke Personajes","Ya No Vuelvas (Versión Cuarteto)","AR, AR, AR","Latino/Tropical"
"sept-23","Spotify","51","Lleflight, Gino Mella, Best","VÁMONOS PA LA EUROPA","CL","Urbano"
"sept-23","Spotify","52","Yng Lvcas, Peso Pluma","La Bebe - Remix","MX","Urbano"
"sept-23","Spotify","53","Lucky Brown, Adan La Amenaza","Privado","CL","Urbano"
"sept-23","Spotify","54","Ryan Castro, Peso Pluma, SOG","QUEMA","CO, MX","Urbano"
"sept-23","Spotify","55","Plan B","Es un Secreto","GB","Urbano"
"sept-23","Spotify","56","Jere Klein","Ya No Pienso en Ti","CL","Urbano"
"sept-23","Spotify","57","Ke Personajes","Adiós Amor / Oye Mujer","AR","Latino/Tropical"
"sept-23","Spotify","58","Damas Gratis, Ke Personajes","Costumbres - Vivo","AR, AR","Latino/Tropical"
"sept-23","Spotify","59","Shakira, Fuerza Regida","El Jefe","CO, MX","Pop"
"sept-23","Spotify","60","Sky Rompiendo, Feid, Myke Towers","El Cielo","CO, CO, PR","Urbano"
"sept-23","Spotify","61","El Jordan 23, Big Cvyu","BELLAKITA","CL","Urbano"
"sept-23","Spotify","62","Cris Mj","Su Altura","CL","Urbano"
"sept-23","Spotify","63","KAROL G","OKI DOKI","CO","Urbano"
"sept-23","Spotify","64","Jere Klein, Fran C","Donde?","CL","Urbano"
"sept-23","Spotify","65","Eslabon Armado, Peso Pluma","Ella Baila Sola","US, MX","Latino/Tropical"
"sept-23","Spotify","66","El Jordan 23, Big Cvyu","SHERATON","CL","Urbano"
"sept-23","Spotify","67","Cauty, Brray, JerePartyAnimal","ABC","PR, PR","Urbano"
"sept-23","Spotify","68","Tainy, Bad Bunny","MOJABI GHOST","PR, PR","Urbano"
"sept-23","Spotify","69","Drakomafia, Il Nene De Oro, Lleflight, Piero 47, 3TRIPLE J, JulianoChieff","LOUD (feat. Piero 47, 3TRIPLE J, JulianoChieff)","CL","Urbano"
"sept-23","Spotify","70","KAROL G, Young Miko","DISPO","CO, PR","Urbano"
"sept-23","Spotify","71","Jere Klein, Drakomafia","Mi Bruja","CL","Urbano"
"sept-23","Spotify","72","Ozuna, Feid","Hey Mor","PR, CO","Urbano"
"sept-23","Spotify","73","KAROL G","MIENTRAS ME CURO DEL CORA","CO","Urbano"
"sept-23","Spotify","74","Jairo Vera, Juanka","MADRID","PR","Urbano"
"sept-23","Spotify","75","Jere Klein, Lucky Brown","Mandame Tu Ubi","CL","Urbano"
"sept-23","Spotify","76","Bad Bunny, Chencho Corleone","Me Porto Bonito","PR, PR","Urbano"
"sept-23","Spotify","77","Jung Kook, Latto","Seven (feat. Latto)","KR, US","Pop"
"sept-23","Spotify","78","KAROL G, Romeo Santos","X SI VOLVEMOS","CO, US","Urbano"
"sept-23","Spotify","79","Milo j, Taiu","Rara Vez","AR, AR","Urbano"
"sept-23","Spotify","80","FloyyMenor","pa la europa","CL","Urbano"
"sept-23","Spotify","81","Gino Mella, Best","TE EXO DE MENOS :(","CL","Urbano"
"sept-23","Spotify","82","Jimin","Like Crazy","KR","Pop"
"sept-23","Spotify","83","Young Cister, Morad","PUERTO ESCONDIDO","ES","Urbano"
"sept-23","Spotify","84","Quevedo","PUNTO G","ES","Urbano"
"sept-23","Spotify","85","Peso Pluma, Grupo Frontera","TULUM","MX","Latino/Tropical"
"sept-23","Spotify","86","Doja Cat","Paint The Town Red","US","Urbano"
"sept-23","Spotify","87","KAROL G","PROVENZA","CO","Urbano"
"sept-23","Spotify","88","Balbi El Chamako, El Jordan 23, Standly, Julianno Sosa, Ak4:20, Pablo Chill-E, Alexio","Ese Corte - Remix","CL, CL","Urbano"
"sept-23","Spotify","89","Yandel, Feid, Daddy Yankee","Yankee 150","PR, CO, PR","Urbano"
"sept-23","Spotify","90","Bizarrap, Quevedo","Quevedo: Bzrp Music Sessions, Vol. 52","AR","Urbano"
"sept-23","Spotify","91","Sanchz, Moffa","Turututu","PR","Electrónica"
"sept-23","Spotify","92","Bad Bunny, Bomba Estéreo","Ojitos Lindos","PR, CO","Urbano"
"sept-23","Spotify","93","Brray, JHAYCO, Ryan Castro","Corazón Roto - Remix","PR, PR, CO","Urbano"
"sept-23","Spotify","94","ROSALÍA, Rauw Alejandro","BESO","ES, PR","Urbano"
"sept-23","Spotify","95","Ke Personajes","Si No Te Tengo / Ángel / Aquello Que Pasó","AR","Latino/Tropical"
"sept-23","Spotify","96","Yandel, Feid","Yandel 150","PR, CO","Urbano"
"sept-23","Spotify","97","Bad Bunny","Efecto","PR","Urbano"
"sept-23","Spotify","98","SAIKO, Quevedo, Feid, Mora","POLARIS - Remix","ES,CO,PR","Urbano"
"sept-23","Spotify","99","Jay Wheeler, Anuel AA, Hades66, Bryant Myers, Dei V","PACTO (feat. Bryant Myers & Dei V) - Remix","PR, PR, PR","Urbano"
"sept-23","Spotify","100","Standly","Pégate","CL","Urbano"
"oct-23","Spotify","1","Jere Klein, Gittobeatz","ANDO","CL","Urbano"
"oct-23","Spotify","2","Bad Bunny, Feid","PERRO NEGRO","PR, CO","Urbano"
"oct-23","Spotify","3","Lucky Brown, Jere Klein, Mateo on the Beatz","¿Cuál Es Su Nombre?","CL","Urbano"
"oct-23","Spotify","4","Jere Klein, Nicki Nicole","X ESO BB","CL, AR","Urbano"
"oct-23","Spotify","5","Darell","Lollipop","PR","Urbano"
"oct-23","Spotify","6","KAROL G, Peso Pluma","QLONA","CO, MX","Urbano"
"oct-23","Spotify","7","Bad Bunny","MONACO","PR","Urbano"
"oct-23","Spotify","8","Myke Towers","LALA","PR","Urbano"
"oct-23","Spotify","9","Bizarrap, Milo j","Fruto","AR, AR","Urbano"
"oct-23","Spotify","10","Bad Bunny","UN PREVIEW","PR","Urbano"
"oct-23","Spotify","11","Big One, FMK, Ke Personajes","Un Finde | CROSSOVER #2","AR, AR, AR","Urbano"
"oct-23","Spotify","12","Katteyes, Kidd Voodoo","Tas Texteandome","CL","Urbano"
"oct-23","Spotify","13","Pablo Chill-E, Pailita","Cora Roto","CL","Urbano"
"oct-23","Spotify","14","Cris Mj","La Noche Está","CL","Urbano"
"oct-23","Spotify","15","Bad Bunny, Young Miko","FINA","PR, PR","Urbano"
"oct-23","Spotify","16","Quevedo","Columbia","ES","Urbano"
"oct-23","Spotify","17","Bizarrap, Milo j","Milo J: Bzrp Music Sessions, Vol. 57","AR, AR","Urbano"
"oct-23","Spotify","18","Jairo Vera, Gino Mella, King Savagge, Chiko Alfa, Bayriton, Malito Malozo, Paolo Pimp","JARABE (feat. Chiko Alfa, Bayriton, Malito Malozo & Paolo Pimp)","CL","Urbano"
"oct-23","Spotify","19","iñigo quintero","Si No Estás","ES","Urbano"
"oct-23","Spotify","20","Julianno Sosa, Guelo Star","TRANQUILA","PR","Urbano"
"oct-23","Spotify","21","El Jordan 23, los patos feos inc, Nes","Cabaña","CL","Urbano"
"oct-23","Spotify","22","Gino Mella, Jairo Vera, Best","EL AMOR DE TU VIDA","CL","Urbano"
"oct-23","Spotify","23","Maluma, Carin Leon","Según Quién","CO, MX","Urbano"
"oct-23","Spotify","24","Grupo Frontera, Ke Personajes","OJITOS ROJOS","AR","Latino/Tropical"
"oct-23","Spotify","25","Feid, Young Miko","CLASSY 101","CO, PR","Urbano"
"oct-23","Spotify","26","Gino Mella, Ak4:20, Best","SOLO RESPIRA","CL","Urbano"
"oct-23","Spotify","27","Ak4:20, Gino Mella","ANDA SOLITA","CL","Urbano"
"oct-23","Spotify","28","Wolfine, Ñejo","Escápate Conmigo - Remix","CO, PR","Urbano"
"oct-23","Spotify","29","Jere Klein, Mateo on the Beatz","UNA EN UN MILLÓN","CL","Urbano"
"oct-23","Spotify","30","Cris Mj, Yan Block","333","CL","Urbano"
"oct-23","Spotify","31","KAROL G","MI EX TENÍA RAZÓN","CO","Urbano"
"oct-23","Spotify","32","Bad Gyal, Tokischa, Young Miko","Chulo pt.2","DO, PR","Urbano"
"oct-23","Spotify","33","Nickoog Clk, Jere Klein","XQ TAN SOLA?","CL","Urbano"
"oct-23","Spotify","34","Lucky Brown, Adan La Amenaza","Privado","CL","Urbano"
"oct-23","Spotify","35","KAROL G","AMARGURA","CO","Urbano"
"oct-23","Spotify","36","JHAYCO","Holanda","PR","Urbano"
"oct-23","Spotify","37","Anuel AA, Quevedo, Maluma, Mambo Kingz, DJ Luian","OA","PR, CO, PR, PR","Urbano"
"oct-23","Spotify","38","Pailita, Fran C","Venga Pa' Acá","CL","Urbano"
"oct-23","Spotify","39","Bad Bunny, Mora","HIBIKI","PR, SE","Urbano"
"oct-23","Spotify","40","Milo j, Taiu","Rara Vez","AR, AR","Urbano"
"oct-23","Spotify","41","Rauw Alejandro","DILUVIO","PR","Urbano"
"oct-23","Spotify","42","KAROL G, Cris Mj, Ryan Castro","UNA NOCHE EN MEDELLÍN - REMIX","CO, CL, CO","Urbano"
"oct-23","Spotify","43","Bad Bunny, Bryant Myers","SEDA","PR, PR","Urbano"
"oct-23","Spotify","44","Cris Mj","Ando Buscando","CL","Urbano"
"oct-23","Spotify","45","Bizarrap, Milo j","Toy en el Mic","AR, AR","Urbano"
"oct-23","Spotify","46","Sayian Jimmy, Nysix Music, CamiMusic","Bad Boy","CL","Urbano"
"oct-23","Spotify","47","KAROL G, Shakira","TQG","CO, CO","Urbano"
"oct-23","Spotify","48","Bizarrap, Milo j","No soy Eterno","AR, AR","Urbano"
"oct-23","Spotify","49","Grupo Frontera, Bad Bunny","un x100to","PR","Latino/Tropical"
"oct-23","Spotify","50","Carin Leon","Primera Cita","MX","Latino/Tropical"
"oct-23","Spotify","51","Plan B","Es un Secreto","GB","Urbano"
"oct-23","Spotify","52","Bad Bunny, Luar La L","TELEFONO NUEVO","PR","Urbano"
"oct-23","Spotify","53","Bad Bunny","WHERE SHE GOES","PR","Urbano"
"oct-23","Spotify","54","Ke Personajes, Onda Sabanera","Pobre Corazón - En Vivo","AR","Latino/Tropical"
"oct-23","Spotify","55","Jere Klein","Ya No Pienso en Ti","CL","Urbano"
"oct-23","Spotify","56","ITHAN NY, Jere Klein","Millonarios Juntos","CL, CL","Urbano"
"oct-23","Spotify","57","Manuel Turizo","La Bachata","CO","Urbano"
"oct-23","Spotify","58","Bad Bunny","BABY NUEVA","PR","Urbano"
"oct-23","Spotify","59","Feid, Young Cister, Pailita","el único tema del ferxxo","CO","Urbano"
"oct-23","Spotify","60","KAROL G","OKI DOKI","CO","Urbano"
"oct-23","Spotify","61","Gino Mella, Jairo Vera, Brytiago, Best","Mi polola <3 (feat. Best)","PR","Urbano"
"oct-23","Spotify","62","KAROL G","S91","CO","Urbano"
"oct-23","Spotify","63","Tony Dize, Plan B","Solos (feat. Plan B)","PR, GB","Pop"
"oct-23","Spotify","64","Yng Lvcas, Peso Pluma","La Bebe - Remix","MX","Urbano"
"oct-23","Spotify","65","Lucky Brown, Gino Mella, Valdi","Me Veo Rico","CL","Urbano"
"oct-23","Spotify","66","LIT killah, Tiago PZK, Maria Becerra, Duki, Emilia, Rusherking, Big One, FMK","Los del Espacio","AR, AR, SE, AR, AR, AR","Urbano"
"oct-23","Spotify","67","Brray, Anuel AA, Chencho Corleone, JHAYCO, Ryan Castro","Corazón Roto pt. 3","PR, PR, PR, PR, CO","Urbano"
"oct-23","Spotify","68","Mora, Feid","LA INOCENTE","SE, CO","Urbano"
"oct-23","Spotify","69","KAROL G, Romeo Santos","X SI VOLVEMOS","CO, US","Urbano"
"oct-23","Spotify","70","Eslabon Armado, Peso Pluma","Ella Baila Sola","US, MX","Latino/Tropical"
"oct-23","Spotify","71","Feid","Feliz Cumpleaños Ferxxo","CO","Urbano"
"oct-23","Spotify","72","Jere Klein, Lucky Brown","Mandame Tu Ubi","CL","Urbano"
"oct-23","Spotify","73","Bad Bunny, Chencho Corleone","Me Porto Bonito","PR, PR","Urbano"
"oct-23","Spotify","74","Luck Ra, La K'onga, Ke Personajes","Ya No Vuelvas (Versión Cuarteto)","AR, AR, AR","Latino/Tropical"
"oct-23","Spotify","75","El Jordan 23, Big Cvyu","BELLAKITA","CL","Urbano"
"oct-23","Spotify","76","Bad Bunny, Eladio Carrion","THUNDER Y LIGHTNING","PR, PR","Urbano"
"oct-23","Spotify","77","Gino Mella","+ Q LA XUXA","CL","Urbano"
"oct-23","Spotify","78","Bad Bunny, YOVNGCHIMI","MERCEDES CAROTA","PR","Urbano"
"oct-23","Spotify","79","Bad Bunny","NO ME QUIERO CASAR","PR","Urbano"
"oct-23","Spotify","80","Damas Gratis, Ke Personajes","Costumbres - Vivo","AR, AR","Latino/Tropical"
"oct-23","Spotify","81","Quevedo","PUNTO G","ES","Urbano"
"oct-23","Spotify","82","Ke Personajes","Adiós Amor / Oye Mujer","AR","Latino/Tropical"
"oct-23","Spotify","83","Lleflight, Gino Mella, Best","VÁMONOS PA LA EUROPA","CL","Urbano"
"oct-23","Spotify","84","Maria Becerra","CORAZÓN VACÍO","AR","Urbano"
"oct-23","Spotify","85","Mora","DONDE SE APRENDE A QUERER?","SE","Urbano"
"oct-23","Spotify","86","Feid","FERXXO 30","CO","Urbano"
"oct-23","Spotify","87","Bellakath, Dani Flow","Reggaeton Champagne","MX","Urbano"
"oct-23","Spotify","88","Ryan Castro, Peso Pluma, SOG","QUEMA","CO, MX","Urbano"
"oct-23","Spotify","89","KAROL G","PROVENZA","CO","Urbano"
"oct-23","Spotify","90","Cris Mj","Maullame","CL","Urbano"
"oct-23","Spotify","91","KAROL G","MIENTRAS ME CURO DEL CORA","CO","Urbano"
"oct-23","Spotify","92","Bizarrap, Milo j","Penas de Antaño","AR, AR","Urbano"
"oct-23","Spotify","93","Bizarrap, Quevedo","Quevedo: Bzrp Music Sessions, Vol. 52","AR","Urbano"
"oct-23","Spotify","94","Bad Bunny","GRACIAS POR NADA","PR","Urbano"
"oct-23","Spotify","95","Tainy, Bad Bunny","MOJABI GHOST","PR, PR","Urbano"
"oct-23","Spotify","96","Ozuna, Feid","Hey Mor","PR, CO","Urbano"
"oct-23","Spotify","97","Jere Klein, Fran C","Donde?","CL","Urbano"
"oct-23","Spotify","98","Lucky Brown, Fran C","Toda Guapa","CL","Urbano"
"oct-23","Spotify","99","KAROL G, Young Miko","DISPO","CO, PR","Urbano"
"oct-23","Spotify","100","Bad Bunny","MR. OCTOBER","PR","Urbano"
"nov-23","Spotify","1","Jere Klein, Gittobeatz","ANDO","CL","Urbano"
"nov-23","Spotify","2","Cris Mj","No Ando Weando","CL","Urbano"
"nov-23","Spotify","3","KAROL G, Peso Pluma","QLONA","CO, MX","Urbano"
"nov-23","Spotify","4","Lucky Brown, Jere Klein, Mateo on the Beatz","¿Cuál Es Su Nombre?","CL","Urbano"
"nov-23","Spotify","5","Katteyes, Kidd Voodoo","Tas Texteandome","CL","Urbano"
"nov-23","Spotify","6","Jere Klein, Nicki Nicole","X ESO BB","CL, AR","Urbano"
"nov-23","Spotify","7","Sayian Jimmy, Nysix Music, CamiMusic","Bad Boy","CL","Urbano"
"nov-23","Spotify","8","Bad Bunny, Feid","PERRO NEGRO","PR, CO","Urbano"
"nov-23","Spotify","9","Darell","Lollipop","PR","Urbano"
"nov-23","Spotify","10","Cris Mj","La Noche Está","CL","Urbano"
"nov-23","Spotify","11","Rauw Alejandro","DILUVIO","PR","Urbano"
"nov-23","Spotify","12","Myke Towers","LALA","PR","Urbano"
"nov-23","Spotify","13","Quevedo","Columbia","ES","Urbano"
"nov-23","Spotify","14","Big One, FMK, Ke Personajes","Un Finde | CROSSOVER #2","AR, AR, AR","Urbano"
"nov-23","Spotify","15","El Jordan 23, los patos feos inc, Nes","Cabaña","CL","Urbano"
"nov-23","Spotify","16","Cris Mj, Yan Block","333","CL","Urbano"
"nov-23","Spotify","17","Cris Mj","Partyson","CL","Urbano"
"nov-23","Spotify","18","Cris Mj","Daytona","CL","Urbano"
"nov-23","Spotify","19","Gino Mella, Jairo Vera, Best","EL AMOR DE TU VIDA","CL","Urbano"
"nov-23","Spotify","20","Pablo Chill-E, Pailita","Cora Roto","CL","Urbano"
"nov-23","Spotify","21","KAROL G","AMARGURA","CO","Urbano"
"nov-23","Spotify","22","Feid, Young Miko","CLASSY 101","CO, PR","Urbano"
"nov-23","Spotify","23","KAROL G","MI EX TENÍA RAZÓN","CO","Urbano"
"nov-23","Spotify","24","Lucky Brown, Adan La Amenaza","Privado","CL","Urbano"
"nov-23","Spotify","25","Jairo Vera, Gino Mella, King Savagge, Chiko Alfa, Bayriton, Malito Malozo, Paolo Pimp","JARABE (feat. Chiko Alfa, Bayriton, Malito Malozo & Paolo Pimp)","CL","Urbano"
"nov-23","Spotify","26","Julianno Sosa, Guelo Star","TRANQUILA","PR","Urbano"
"nov-23","Spotify","27","YSY A, Jere Klein, ONIRIA","24/7 6.5","AR, CL, ES","Urbano"
"nov-23","Spotify","28","Maluma, Carin Leon","Según Quién","CO, MX","Urbano"
"nov-23","Spotify","29","Anuel AA, Quevedo, Maluma, Mambo Kingz, DJ Luian","OA","PR, CO, PR, PR","Urbano"
"nov-23","Spotify","30","Wolfine, Ñejo","Escápate Conmigo - Remix","CO, PR","Urbano"
"nov-23","Spotify","31","Grupo Frontera, Ke Personajes","OJITOS ROJOS","AR","Latino/Tropical"
"nov-23","Spotify","32","iñigo quintero","Si No Estás","ES","Urbano"
"nov-23","Spotify","33","Nickoog Clk, Jere Klein","XQ TAN SOLA?","CL","Urbano"
"nov-23","Spotify","34","KAROL G, Shakira","TQG","CO, CO","Urbano"
"nov-23","Spotify","35","Ak4:20, Gino Mella","ANDA SOLITA","CL","Urbano"
"nov-23","Spotify","36","Bad Bunny","UN PREVIEW","PR","Urbano"
"nov-23","Spotify","37","Nickoog Clk, Gittobeatz","Somos Diferentes","CL","Urbano"
"nov-23","Spotify","38","Pailita, Fran C","Venga Pa' Acá","CL","Urbano"
"nov-23","Spotify","39","Bad Gyal, Tokischa, Young Miko","Chulo pt.2","DO, PR","Urbano"
"nov-23","Spotify","40","Lleflight, Ak4:20, Drakomafia, King Savagge, Best","TROMPETAS (feat. King Savagge & Best)","CL","Urbano"
"nov-23","Spotify","41","Plan B","Es un Secreto","GB","Urbano"
"nov-23","Spotify","42","Bad Bunny","MONACO","PR","Urbano"
"nov-23","Spotify","43","Jere Klein","Una en un Millón","CL","Urbano"
"nov-23","Spotify","44","Kali Uchis, KAROL G","Labios Mordidos (with KAROL G)","US, CO","Urbano"
"nov-23","Spotify","45","Gino Mella, Ak4:20, Best","SOLO RESPIRA","CL","Urbano"
"nov-23","Spotify","46","KAROL G, Cris Mj, Ryan Castro","UNA NOCHE EN MEDELLÍN - REMIX","CO, CL, CO","Urbano"
"nov-23","Spotify","47","KAROL G, Romeo Santos","X SI VOLVEMOS","CO, US","Urbano"
"nov-23","Spotify","48","Bizarrap, Milo j","Fruto","AR, AR","Urbano"
"nov-23","Spotify","49","KAROL G","PROVENZA","CO","Urbano"
"nov-23","Spotify","50","KAROL G","OKI DOKI","CO","Urbano"
"nov-23","Spotify","51","Manuel Turizo","La Bachata","CO","Urbano"
"nov-23","Spotify","52","Jere Klein, Lucky Brown","Mandame Tu Ubi","CL","Urbano"
"nov-23","Spotify","53","JHAYCO","Holanda","PR","Urbano"
"nov-23","Spotify","54","Milo j, Taiu","Rara Vez","AR, AR","Urbano"
"nov-23","Spotify","55","Feid","Feliz Cumpleaños Ferxxo","CO","Urbano"
"nov-23","Spotify","56","Ke Personajes, Onda Sabanera","Pobre Corazón - En Vivo","AR","Latino/Tropical"
"nov-23","Spotify","57","Carin Leon","Primera Cita","MX","Latino/Tropical"
"nov-23","Spotify","58","Tony Dize, Plan B","Solos (feat. Plan B)","PR, GB","Pop"
"nov-23","Spotify","59","Bizarrap, Milo j","Milo J: Bzrp Music Sessions, Vol. 57","AR, AR","Urbano"
"nov-23","Spotify","60","Grupo Frontera, Bad Bunny","un x100to","PR","Latino/Tropical"
"nov-23","Spotify","61","Gino Mella","+ Q LA XUXA","CL","Urbano"
"nov-23","Spotify","62","Bad Bunny, Young Miko","FINA","PR, PR","Urbano"
"nov-23","Spotify","63","Lleflight, Gino Mella, Best","VÁMONOS PA LA EUROPA","CL","Urbano"
"nov-23","Spotify","64","Jairo Vera, Abraham Wayne","Se Preparó","CL","Urbano"
"nov-23","Spotify","65","KAROL G","MIENTRAS ME CURO DEL CORA","CO","Urbano"
"nov-23","Spotify","66","Calle 24, Chino Pacas, Fuerza Regida","Que Onda","MX, MX","Latino/Tropical"
"nov-23","Spotify","67","Lucky Brown, Gino Mella, Valdi","Me Veo Rico","CL","Urbano"
"nov-23","Spotify","68","KAROL G","S91","CO","Urbano"
"nov-23","Spotify","69","Jere Klein","Ya No Pienso en Ti","CL","Urbano"
"nov-23","Spotify","70","Il Nene De Oro","Fetty","CL","Urbano"
"nov-23","Spotify","71","Mora, Feid","LA INOCENTE","SE, CO","Urbano"
"nov-23","Spotify","72","Bad Bunny, Chencho Corleone","Me Porto Bonito","PR, PR","Urbano"
"nov-23","Spotify","73","Yng Lvcas, Peso Pluma","La Bebe - Remix","MX","Urbano"
"nov-23","Spotify","74","Ozuna, Feid","Hey Mor","PR, CO","Urbano"
"nov-23","Spotify","75","Cris Mj, Luar La L","Mia Na' Mas","CL","Urbano"
"nov-23","Spotify","76","Quevedo","PUNTO G","ES","Urbano"
"nov-23","Spotify","77","Bellakath, Dani Flow","Reggaeton Champagne","MX","Urbano"
"nov-23","Spotify","78","El Jordan 23, Big Cvyu","BELLAKITA","CL","Urbano"
"nov-23","Spotify","79","Feid","Normal","CO","Urbano"
"nov-23","Spotify","80","El Jordan 23","En 4","CL","Urbano"
"nov-23","Spotify","81","ITHAN NY, Jere Klein","Millonarios Juntos","CL, CL","Urbano"
"nov-23","Spotify","82","Luck Ra, La K'onga, Ke Personajes","Ya No Vuelvas (Versión Cuarteto)","AR, AR, AR","Latino/Tropical"
"nov-23","Spotify","83","Bizarrap, Quevedo","Quevedo: Bzrp Music Sessions, Vol. 52","AR","Urbano"
"nov-23","Spotify","84","Eslabon Armado, Peso Pluma","Ella Baila Sola","US, MX","Latino/Tropical"
"nov-23","Spotify","85","LIT killah, Tiago PZK, Maria Becerra, Duki, Emilia, Rusherking, Big One, FMK","Los del Espacio","AR, AR, SE, AR, AR, AR","Urbano"
"nov-23","Spotify","86","Gino Mella, Jairo Vera, Brytiago, Best","Mi polola <3 (feat. Best)","PR","Urbano"
"nov-23","Spotify","87","Damas Gratis, Ke Personajes","Costumbres - Vivo","AR, AR","Latino/Tropical"
"nov-23","Spotify","88","Santaferia, Grupo Zúmbale Primo","Que Te Vaya Bien","CL","Latino/Tropical"
"nov-23","Spotify","89","Ryan Castro, Peso Pluma, SOG","QUEMA","CO, MX","Urbano"
"nov-23","Spotify","90","Emilia, TINI","La_Original.mp3","SE, AR","Urbano"
"nov-23","Spotify","91","FloyyMenor","pa la europa","CL","Urbano"
"nov-23","Spotify","92","Pailita, Marcianeke","Bikini","CL","Urbano"
"nov-23","Spotify","93","Brray, Anuel AA, Chencho Corleone, JHAYCO, Ryan Castro","Corazón Roto pt. 3","PR, PR, PR, PR, CO","Urbano"
"nov-23","Spotify","94","Yandel, Feid","Yandel 150","PR, CO","Urbano"
"nov-23","Spotify","95","Jere Klein, Fran C","Donde?","CL","Urbano"
"nov-23","Spotify","96","Jairo Vera","PA K TE ENAMORE","CL","Urbano"
"nov-23","Spotify","97","Bacilos","Caraluna","US","Pop"
"nov-23","Spotify","98","Cris Mj, Dei V","Diabólica","CL","Urbano"
"nov-23","Spotify","99","Piero 47, King Fly","Amiri Jeans","FR","Urbano"
"nov-23","Spotify","100","Becky G, KAROL G","MAMIII","US, CO","Urbano"
"dic-23","Spotify","1","Jere Klein, Nickoog Clk, Lucky Brown, El BAI","PRINCESITA DE ...","CL, CL","Urbano"
"dic-23","Spotify","2","Jere Klein, Gittobeatz","ANDO","CL","Urbano"
"dic-23","Spotify","3","Jere Klein, Nicki Nicole","X ESO BB","CL, AR","Urbano"
"dic-23","Spotify","4","Cris Mj","Daytona","CL","Urbano"
"dic-23","Spotify","5","Lucky Brown, Jere Klein, Mateo on the Beatz","¿Cuál Es Su Nombre?","CL","Urbano"
"dic-23","Spotify","6","Kidd Voodoo, Daiko 02","Minnie <3","CL","Urbano"
"dic-23","Spotify","7","Katteyes, Kidd Voodoo","Tas Texteandome","CL","Urbano"
"dic-23","Spotify","8","KAROL G, Peso Pluma","QLONA","CO, MX","Urbano"
"dic-23","Spotify","9","Jere Klein, Cris Mj","LOCA FARANDULERA","CL, CL","Urbano"
"dic-23","Spotify","10","Cris Mj","No Ando Weando","CL","Urbano"
"dic-23","Spotify","11","Jere Klein, Mateo on the Beatz, EL MURCIELAGO","KE MAL","CL","Urbano"
"dic-23","Spotify","12","Feid, ATL Jacob","LUNA","CO","Urbano"
"dic-23","Spotify","13","Sayian Jimmy, Nysix Music, CamiMusic","Bad Boy","CL","Urbano"
"dic-23","Spotify","14","Bad Bunny, Feid","PERRO NEGRO","PR, CO","Urbano"
"dic-23","Spotify","15","Lucky Brown, Nickoog Clk, Mateo on the Beatz","Ay Parcera","CL","Urbano"
"dic-23","Spotify","16","Jere Klein, Taiko, EL MURCIELAGO","NO SÉ AMAR","CL","Urbano"
"dic-23","Spotify","17","Big One, FMK, Ke Personajes","Un Finde | CROSSOVER #2","AR, AR, AR","Urbano"
"dic-23","Spotify","18","YSY A, Jere Klein, ONIRIA","24/7 6.5","AR, CL, ES","Urbano"
"dic-23","Spotify","19","Gino Mella, Jairo Vera, Best","EL AMOR DE TU VIDA","CL","Urbano"
"dic-23","Spotify","20","Cris Mj","Partyson","CL","Urbano"
"dic-23","Spotify","21","Myke Towers","LALA","PR","Urbano"
"dic-23","Spotify","22","Quevedo","Columbia","ES","Urbano"
"dic-23","Spotify","23","Cris Mj","La Noche Está","CL","Urbano"
"dic-23","Spotify","24","Rauw Alejandro","DILUVIO","PR","Urbano"
"dic-23","Spotify","25","Darell","Lollipop","PR","Urbano"
"dic-23","Spotify","26","El Jordan 23, los patos feos inc, Nes","Cabaña","CL","Urbano"
"dic-23","Spotify","27","Lucky Brown, Adan La Amenaza","Privado","CL","Urbano"
"dic-23","Spotify","28","Cris Mj, Yan Block","333","CL","Urbano"
"dic-23","Spotify","29","Nickoog Clk, Jere Klein","XQ TAN SOLA?","CL","Urbano"
"dic-23","Spotify","30","Pablo Chill-E, Pailita","Cora Roto","CL","Urbano"
"dic-23","Spotify","31","KAROL G","AMARGURA","CO","Urbano"
"dic-23","Spotify","32","Jere Klein, El BAI, Mateo on the Beatz","FINA","CL, CL","Urbano"
"dic-23","Spotify","33","Gino Mella, Jairo Vera","DE LA PXTA","CL","Urbano"
"dic-23","Spotify","34","Maluma, Carin Leon","Según Quién","CO, MX","Urbano"
"dic-23","Spotify","35","Grupo Frontera, Ke Personajes","OJITOS ROJOS","AR","Latino/Tropical"
"dic-23","Spotify","36","Jairo Vera, Gino Mella, King Savagge, Chiko Alfa, Bayriton, Malito Malozo, Paolo Pimp","JARABE (feat. Chiko Alfa, Bayriton, Malito Malozo & Paolo Pimp)","CL","Urbano"
"dic-23","Spotify","37","Mariah Carey","All I Want for Christmas Is You","US","Pop"
"dic-23","Spotify","38","Feid, Young Miko","CLASSY 101","CO, PR","Urbano"
"dic-23","Spotify","39","Uzielito Mix, Yeri Mua, El Jordan 23, Dj Kiire","Linea Del Perreo","CL","Urbano"
"dic-23","Spotify","40","KAROL G","MI EX TENÍA RAZÓN","CO","Urbano"
"dic-23","Spotify","41","Julianno Sosa, Guelo Star","TRANQUILA","PR","Urbano"
"dic-23","Spotify","42","Nickoog Clk, Gittobeatz","Somos Diferentes","CL","Urbano"
"dic-23","Spotify","43","Peso Pluma, Anitta","BELLAKEO","MX, BR","Latino/Tropical"
"dic-23","Spotify","44","Anuel AA, Quevedo, Maluma, Mambo Kingz, DJ Luian","OA","PR, CO, PR, PR","Urbano"
"dic-23","Spotify","45","Myke Towers","LA FALDA","PR","Urbano"
"dic-23","Spotify","46","Plan B","Es un Secreto","GB","Urbano"
"dic-23","Spotify","47","Pailita, Fran C","Venga Pa' Acá","CL","Urbano"
"dic-23","Spotify","48","KAROL G, Shakira","TQG","CO, CO","Urbano"
"dic-23","Spotify","49","Wham!","Last Christmas - Single Version","GB","Pop"
"dic-23","Spotify","50","Ak4:20, Gino Mella","ANDA SOLITA","CL","Urbano"
"dic-23","Spotify","51","Manuel Turizo","La Bachata","CO","Urbano"
"dic-23","Spotify","52","Jere Klein, Mateo on the Beatz","UNA EN UN MILLÓN","CL","Urbano"
"dic-23","Spotify","53","Jere Klein, Lucky Brown","Mandame Tu Ubi","CL","Urbano"
"dic-23","Spotify","54","Bad Gyal, Tokischa, Young Miko","Chulo pt.2","DO, PR","Urbano"
"dic-23","Spotify","55","José Feliciano","Feliz Navidad","US","Latino/Tropical"
"dic-23","Spotify","56","Milo j, Peso Pluma","UNA BALA","AR, MX","Urbano"
"dic-23","Spotify","57","iñigo quintero","Si No Estás","ES","Urbano"
"dic-23","Spotify","58","Jere Klein, Mateo on the Beatz","COMO PABLO","CL","Urbano"
"dic-23","Spotify","59","Carin Leon","Primera Cita","MX","Latino/Tropical"
"dic-23","Spotify","60","Grupo Frontera, Bad Bunny","un x100to","PR","Latino/Tropical"
"dic-23","Spotify","61","KAROL G","PROVENZA","CO","Urbano"
"dic-23","Spotify","62","Milo j, Taiu","Rara Vez","AR, AR","Urbano"
"dic-23","Spotify","63","Bad Bunny","UN PREVIEW","PR","Urbano"
"dic-23","Spotify","64","Santaferia, Grupo Zúmbale Primo","Que Te Vaya Bien","CL","Latino/Tropical"
"dic-23","Spotify","65","Wolfine, Ñejo","Escápate Conmigo - Remix","CO, PR","Urbano"
"dic-23","Spotify","66","Gaby Music, Lunay, Luar La L","No Te Quieren Conmigo","PR, PR","Urbano"
"dic-23","Spotify","67","Ke Personajes, Onda Sabanera","Pobre Corazón - En Vivo","AR","Latino/Tropical"
"dic-23","Spotify","68","KAROL G, Romeo Santos","X SI VOLVEMOS","CO, US","Urbano"
"dic-23","Spotify","69","LIT killah, Tiago PZK, Maria Becerra, Duki, Emilia, Rusherking, Big One, FMK","Los del Espacio","AR, AR, SE, AR, AR, AR","Urbano"
"dic-23","Spotify","70","JHAYCO","Holanda","PR","Urbano"
"dic-23","Spotify","71","KAROL G, Cris Mj, Ryan Castro","UNA NOCHE EN MEDELLÍN - REMIX","CO, CL, CO","Urbano"
"dic-23","Spotify","72","Gino Mella, Ak4:20, Best","SOLO RESPIRA","CL","Urbano"
"dic-23","Spotify","73","Brenda Lee","Rockin' Around The Christmas Tree","US","Pop"
"dic-23","Spotify","74","Bizarrap, Milo j","Fruto","AR, AR","Urbano"
"dic-23","Spotify","75","Don Omar","Dile","PR","Urbano"
"dic-23","Spotify","76","Eslabon Armado, Peso Pluma","Ella Baila Sola","US, MX","Latino/Tropical"
"dic-23","Spotify","77","Feid","Feliz Cumpleaños Ferxxo","CO","Urbano"
"dic-23","Spotify","78","Ozuna, Feid","Hey Mor","PR, CO","Urbano"
"dic-23","Spotify","79","Calle 24, Chino Pacas, Fuerza Regida","Que Onda","MX, MX","Latino/Tropical"
"dic-23","Spotify","80","Andy Williams","It's the Most Wonderful Time of the Year","US","Pop"
"dic-23","Spotify","81","Gino Mella","+ Q LA XUXA","CL","Urbano"
"dic-23","Spotify","82","Tony Dize, Plan B","Solos (feat. Plan B)","PR, GB","Pop"
"dic-23","Spotify","83","Lleflight, Ak4:20, Drakomafia, King Savagge, Best","TROMPETAS (feat. King Savagge & Best)","CL","Urbano"
"dic-23","Spotify","84","Yng Lvcas, Peso Pluma","La Bebe - Remix","MX","Urbano"
"dic-23","Spotify","85","Anuel AA","Luces Tenues","PR","Urbano"
"dic-23","Spotify","86","Lucky Brown, Gino Mella, Valdi","Me Veo Rico","CL","Urbano"
"dic-23","Spotify","87","Kidd Voodoo, Easykid","Mal Mal Mal","CL","Urbano"
"dic-23","Spotify","88","Bobby Helms","Jingle Bell Rock","US","Pop"
"dic-23","Spotify","89","Bad Bunny","MONACO","PR","Urbano"
"dic-23","Spotify","90","KAROL G","OKI DOKI","CO","Urbano"
"dic-23","Spotify","91","FloyyMenor","pa la europa","CL","Urbano"
"dic-23","Spotify","92","KAROL G","MIENTRAS ME CURO DEL CORA","CO","Urbano"
"dic-23","Spotify","93","Jere Klein, Fran C","Donde?","CL","Urbano"
"dic-23","Spotify","94","Luck Ra, La K'onga, Ke Personajes","Ya No Vuelvas (Versión Cuarteto)","AR, AR, AR","Latino/Tropical"
"dic-23","Spotify","95","Bizarrap, Quevedo","Quevedo: Bzrp Music Sessions, Vol. 52","AR","Urbano"
"dic-23","Spotify","96","Jairo Vera, Abraham Wayne","Se Preparó","CL","Urbano"
"dic-23","Spotify","97","El Joan, Celso El Potente","Le Gustan Lo' Flaites","CL","Urbano"
"dic-23","Spotify","98","Ozuna, Anuel AA, Chris Jedi","Pa Ti Estoy","PR, PR, PR","Urbano"
"dic-23","Spotify","99","The Weeknd, JENNIE, Lily-Rose Depp","One Of The Girls (with JENNIE, Lily Rose Depp)","CA, KR, US","Pop"
"dic-23","Spotify","100","Lucky Brown, Fran C","Toda Guapa","CL","Urbano"
