Fecha;Rank;Artísta;Canción;Género;País;streams;
ene-22;1;Cris Mj, Marcianeke, Simon la Letra, Stars Music Chile;Los Malvekes;;;1977673;
ene-22;2;Standly, El Barto;Mi Gata;;;1636458;
ene-22;3;Rauw Alejandro, Chencho Corleone;Desesperados;;;1606973;
ene-22;4;Tainy, Bad Bunny, Julieta Venegas;Lo Siento BB:/ (with Bad Bunny & Julieta Venegas);;;1430270;
ene-22;5;Marcianeke;Qué Pasa?;;;1346012;
ene-22;6;Bad Bunny;Yonaguni;;;1240229;
ene-22;7;Blessd, Justin Quiles, Lenny Tavárez;Medallo;;;1235969;
ene-22;8;Pailita, Marcianeke;Dimelo Ma;;;1109567;
ene-22;9;Boza, Lunay, Lenny Tavárez, Juhn, Beéle;Ella - Remix;;;1098992;
ene-22;10;Aventura, Bad Bunny;Volví;;;1057673;
ene-22;11;Bizarrap, Tiago PZK;Tiago PZK: Bzrp Music Sessions, Vol. 48;;;1052573;
ene-22;12;Elton John, Dua Lipa, PNAU;Cold Heart - PNAU Remix;;;1015884;
ene-22;13;Anuel AA, Myke Towers, JHAYCO;Súbelo;;;989307;
ene-22;14;JHAYCO, Anuel AA;Ley Seca;;;976413;
ene-22;15;Rvssian, Rauw Alejandro, Chris Brown;Nostálgico;;;969817;
ene-22;16;Polimá Westcoast, Pablo Chill-E, Harry Nach, Galee Galee, ITHAN NY;MONEYMAN (feat. Galee Galee & ITHAN NY);;;919447;
ene-22;17;Farruko;Pepas;;;873690;
ene-22;18;Mora, Bad Bunny, Sech;Volando - Remix;;;831874;
ene-22;19;ITHAN NY, Marcianeke;Las Naik;;;812210;
ene-22;20;Young Cister;Casi Amor De Verano;;;802024;
ene-22;21;zzoilo, Aitana;Mon Amour - Remix;;;796062;
ene-22;22;Harry Nach, Marcianeke;¿Por Qué Te Enojái?;;;777697;
ene-22;23;Adan La Amenaza, Yohancito, Marcianeke, El BAI, Pailita, Yordano El Menor, Balbi El Chamako, Jairo Vera, King Savagge;Dele Cotele 3;;;747041;
ene-22;24;Bad Bunny, JHAYCO;DÁKITI;;;738255;
ene-22;25;Arte Elegante, Marcianeke;En las Malas y Buenas;;;722054;
ene-22;26;Tiago PZK, Trueno;Salimo de Noche;;;721424;
ene-22;27;Randy, Ape Drums;23 (With Ape Drums);;;711608;
ene-22;28;Tiago PZK, LIT killah;Entre Nosotros;;;688544;
ene-22;29;Polimá Westcoast, Pablo Chill-E, Arón Piper;Cu4tro;;;681270;
ene-22;30;TINI, L-Gante;Bar;;;679882;
ene-22;31;Maluma;Sobrio;;;677377;
ene-22;32;Cris Mj;Locura y Maldad;;;668956;
ene-22;33;Rauw Alejandro;Todo De Ti;;;659978;
ene-22;34;Trueno;DANCE CRIP;;;641118;
ene-22;35;Myke Towers;ALMAS GEMELAS;;;628172;
ene-22;36;Dímelo Flow, Dalex, Sech, Justin Quiles, Arcángel, De La Ghetto, Lenny Tavárez;Se Le Ve;;;608996;
ene-22;37;Nio Garcia, J Balvin, Bad Bunny;AM Remix;;;606596;
ene-22;38;Duki, Ak4:20, Juhn, Juanka;BICI;;;605299;
ene-22;39;J Balvin, Sech;Una Nota;;;605114;
ene-22;40;Nickoog Clk, Izahn, Standly;Mi Waxita;;;546095;
ene-22;41;Rauw Alejandro;Cúrame;;;544490;
ene-22;42;TINI, Maria Becerra;Miénteme;;;538356;
ene-22;43;Sech, JHAYCO;911 (Remix);;;529322;
ene-22;44;Drago200, Ak4:20;TOTA;;;524830;
ene-22;45;CKay, Dj Yo!, AX'EL;love nwantiti (feat. Dj Yo! & AX'EL) - Remix;;;517734;
ene-22;46;Wisin, JHAYCO, Ozuna, Los Legendarios;Emojis de Corazones (feat. Los Legendarios);;;511784;
ene-22;47;J Balvin, Maria Becerra;Qué Más Pues?;;;507526;
ene-22;48;Galee Galee, Harry Nach, Pablo Chill-E;Big Cut;;;507419;
ene-22;49;Imagine Dragons, JID, Arcane, League of Legends;Enemy (with JID) - from the series Arcane League of Legends;;;493175;
ene-22;50;Sebastian Yatra, Myke Towers;Pareja Del Año;;;487285;
ene-22;51;Farruko, Victor Cardenas, Dj Adoni;El Incomprendido;;;479959;
ene-22;52;Rauw Alejandro;Sexo Virtual;;;465884;
ene-22;53;KAROL G;SEJODIOTO;;;463485;
ene-22;54;Balbi El Chamako, Marcianeke, El BAI;Ponle;;;452982;
ene-22;55;Don Omar, Nio Garcia;Se Menea;;;438345;
ene-22;56;Bad Bunny;120;;;434536;
ene-22;57;Justin Quiles;Colorín Colorado;;;426981;
ene-22;58;Bad Bunny;A Tu Merced;;;424725;
ene-22;59;Marcianeke, Cris Mj;Tussi Code Mari;;;403195;
ene-22;60;Santaferia;Algún Día Volverás;;;402417;
ene-22;61;Dua Lipa;Don't Start Now;;;399808;
ene-22;62;Justin Quiles, Chimbala, Zion & Lennox;Loco;;;399499;
ene-22;63;Sebastian Yatra;Tacones Rojos;;;396367;
ene-22;64;Tiësto, KAROL G;Don't Be Shy;;;390255;
ene-22;65;Anuel AA;Dictadura;;;388765;
ene-22;66;Marcianeke;No Se Piken;;;386074;
ene-22;67;Bad Bunny, Daddy Yankee;La Santa;;;383208;
ene-22;68;Santaferia;EL Gil De Tu Ex;;;383002;
ene-22;69;Dua Lipa, DaBaby;Levitating (feat. DaBaby);;;380446;
ene-22;70;Cris Mj, Marcianeke;Bichiyal;;;375347;
ene-22;71;Pablo Alborán;Saturno;;;374118;
ene-22;72;Alvaro Diaz, Rauw Alejandro;Problemón;;;368766;
ene-22;73;Adele;Easy On Me;;;365503;
ene-22;74;Bad Bunny, ROSALÍA;LA NOCHE DE ANOCHE;;;363257;
ene-22;75;Rauw Alejandro, Mr. Naisgai;2/Catorce;;;363203;
ene-22;76;Natalia Lafourcade;Hasta la Raíz;;;362078;
ene-22;77;Pablito Pesadilla, Harry Nach, Marcianeke, Pablo Chill-E;Bella;;;361867;
ene-22;78;The Kid LAROI, Justin Bieber;STAY (with Justin Bieber);;;360283;
ene-22;79;Rafaga;Una Cerveza;;;359583;
ene-22;80;Pailita, Big Cvyu;Hooka;;;357780;
ene-22;81;Jay Wheeler, DJ Nelson, Myke Towers;La Curiosidad;;;357685;
ene-22;82;Mora, JHAYCO;512;;;356866;
ene-22;83;Wisin, JHAYCO, Anuel AA, Los Legendarios, Myke Towers;Fiel - Remix;;;356367;
ene-22;84;Noche de Brujas;Me Gusta Todo De Ti;;;355915;
ene-22;85;Doja Cat;Woman;;;355727;
ene-22;86;ROSALÍA, The Weeknd;LA FAMA;;;351305;
ene-22;87;Bad Bunny;Si Veo a Tu Mamá;;;344757;
ene-22;88;Sech, DJ Khaled;Borracho;;;344016;
ene-22;89;Ingratax;París;;;342392;
ene-22;90;J Balvin, KAROL G, Nicky Jam, Crissin, Totoy El Frio, Natan & Shander;Poblado - Remix;;;340278;
ene-22;91;Standly;Pégate;;;340039;
ene-22;92;Trueno;FEEL ME??;;;335610;
ene-22;93;Feid, KAROL G;FRIKI;;;327533;
ene-22;94;Marc Seguí, Rauw Alejandro, Pol Granch;Tiroteo - Remix;;;326777;
ene-22;95;Bayron Fire, Amara Ignacia;Complices;;;317410;
ene-22;96;Rauw Alejandro;Aquel Nap ZzZz;;;315028;
ene-22;97;JOSEPE EL DEMENTE, Sayian Jimmy;Morena Cachetona;;;310894;
ene-22;98;ACRAZE, Cherish;Do It To It;;;309261;
ene-22;99;JC Reyes, Camin;34 Amor y Mafia;;;307642;
ene-22;100;Jossef, Jamby El Favo, Eix;Persia - Remix;;;306781;
feb-22;1;Standly;Pégate;;;2457968;
feb-22;2;Rauw Alejandro, Chencho Corleone;Desesperados;;;2264267;
feb-22;3;Standly, El Barto;Mi Gata;;;1802936;
feb-22;4;Cris Mj;Una Noche en Medellín;;;1622479;
feb-22;5;Cris Mj, Marcianeke, Simon la Letra, Stars Music Chile;Los Malvekes;;;1571907;
feb-22;6;Tainy, Bad Bunny, Julieta Venegas;Lo Siento BB:/ (with Bad Bunny & Julieta Venegas);;;1354479;
feb-22;7;JOSEPE EL DEMENTE, Sayian Jimmy;Morena Cachetona;;;1214319;
feb-22;8;Bad Bunny;Yonaguni;;;1209207;
feb-22;9;Blessd, Justin Quiles, Lenny Tavárez;Medallo;;;1134051;
feb-22;10;Boza, Lunay, Lenny Tavárez, Juhn, Beéle;Ella - Remix;;;1108567;
feb-22;11;Aventura, Bad Bunny;Volví;;;970267;
feb-22;12;Young Cister;Casi Amor De Verano;;;957034;
feb-22;13;Marcianeke;Qué Pasa?;;;945633;
feb-22;14;Polimá Westcoast, Pablo Chill-E, Harry Nach, Galee Galee, ITHAN NY;MONEYMAN (feat. Galee Galee & ITHAN NY);;;898217;
feb-22;15;Bizarrap, Tiago PZK;Tiago PZK: Bzrp Music Sessions, Vol. 48;;;887200;
feb-22;16;Anuel AA, Myke Towers, JHAYCO;Súbelo;;;884909;
feb-22;17;Rvssian, Rauw Alejandro, Chris Brown;Nostálgico;;;849953;
feb-22;18;Elton John, Dua Lipa, PNAU;Cold Heart - PNAU Remix;;;849281;
feb-22;19;Tiago PZK, LIT killah, Maria Becerra, Nicki Nicole;Entre Nosotros (Remix) [con Nicki Nicole];;;849266;
feb-22;20;El Barto, El Jordan 23, Standly, Drakomafia, Yong Bryel;Flaytiando;;;832219;
feb-22;21;El Jordan 23;Anti Rana;;;824218;
feb-22;22;JHAYCO, Anuel AA;Ley Seca;;;808282;
feb-22;23;Pailita, Marcianeke;Dimelo Ma;;;772878;
feb-22;24;Nickoog Clk, Izahn, Standly;Mi Waxita;;;761521;
feb-22;25;zzoilo, Aitana;Mon Amour - Remix;;;736125;
feb-22;26;Alvaro Diaz, Rauw Alejandro;Problemón;;;717144;
feb-22;27;Bad Bunny, JHAYCO;DÁKITI;;;710525;
feb-22;28;Mora, Bad Bunny, Sech;Volando - Remix;;;690582;
feb-22;29;Cris Mj;Locura y Maldad;;;663604;
feb-22;30;Tiago PZK, Trueno;Salimo de Noche;;;646222;
feb-22;31;TINI, L-Gante;Bar;;;632741;
feb-22;32;ITHAN NY, Marcianeke;Las Naik;;;620847;
feb-22;33;Adan La Amenaza, Yohancito, Marcianeke, El BAI, Pailita, Yordano El Menor, Balbi El Chamako, Jairo Vera, King Savagge;Dele Cotele 3;;;612389;
feb-22;34;Dímelo Flow, Dalex, Sech, Justin Quiles, Arcángel, De La Ghetto, Lenny Tavárez;Se Le Ve;;;596113;
feb-22;35;Arte Elegante, Marcianeke;En las Malas y Buenas;;;595506;
feb-22;36;Farruko;Pepas;;;594447;
feb-22;37;Drago200, Ak4:20;TOTA;;;570869;
feb-22;38;Bad Bunny;A Tu Merced;;;565582;
feb-22;39;Rauw Alejandro;Todo De Ti;;;560351;
feb-22;40;Harry Nach, Marcianeke;¿Por Qué Te Enojái?;;;560157;
feb-22;41;Nio Garcia, J Balvin, Bad Bunny;AM Remix;;;557352;
feb-22;42;Myke Towers;ALMAS GEMELAS;;;556234;
feb-22;43;Randy, Ape Drums;23 (With Ape Drums);;;554030;
feb-22;44;J Balvin, Sech;Una Nota;;;542366;
feb-22;45;Polimá Westcoast, Pablo Chill-E, Arón Piper;Cu4tro;;;539824;
feb-22;46;Pailita, Big Cvyu;Hooka;;;524825;
feb-22;47;Maluma;Sobrio;;;524495;
feb-22;48;Rauw Alejandro;Cúrame;;;486211;
feb-22;49;Sebastian Yatra;Tacones Rojos;;;480806;
feb-22;50;TINI, Maria Becerra;Miénteme;;;471786;
feb-22;51;Balbi El Chamako, Marcianeke, El BAI;Ponle;;;467655;
feb-22;52;Bad Bunny, Daddy Yankee;La Santa;;;453824;
feb-22;53;Bad Bunny;120;;;446154;
feb-22;54;KAROL G;SEJODIOTO;;;445643;
feb-22;55;Trueno;DANCE CRIP;;;428238;
feb-22;56;Imagine Dragons, JID, Arcane, League of Legends;Enemy (with JID) - from the series Arcane League of Legends;;;422666;
feb-22;57;Tiago PZK, LIT killah;Entre Nosotros;;;415505;
feb-22;58;J Balvin, Maria Becerra;Qué Más Pues?;;;412044;
feb-22;59;Sebastian Yatra, Myke Towers;Pareja Del Año;;;411599;
feb-22;60;Bad Bunny, Mora;Una Vez;;;406740;
feb-22;61;Galee Galee, Harry Nach, Pablo Chill-E;Big Cut;;;388314;
feb-22;62;Rauw Alejandro;Sexo Virtual;;;385320;
feb-22;63;Wisin, JHAYCO, Ozuna, Los Legendarios;Emojis de Corazones (feat. Los Legendarios);;;384077;
feb-22;64;Duki, Ak4:20, Juhn, Juanka;BICI;;;383566;
feb-22;65;Don Omar, Nio Garcia;Se Menea;;;380375;
feb-22;66;Bad Bunny, ROSALÍA;LA NOCHE DE ANOCHE;;;368790;
feb-22;67;Bad Bunny;Si Estuviésemos Juntos;;;362890;
feb-22;68;Justin Quiles;Colorín Colorado;;;361612;
feb-22;69;CKay, Dj Yo!, AX'EL;love nwantiti (feat. Dj Yo! & AX'EL) - Remix;;;361000;
feb-22;70;Bad Bunny;TE MUDASTE;;;358590;
feb-22;71;Pablo Alborán;Saturno;;;356947;
feb-22;72;Tiësto, KAROL G;Don't Be Shy;;;353813;
feb-22;73;Bad Bunny;Si Veo a Tu Mamá;;;352330;
feb-22;74;Bad Bunny;La Difícil;;;345964;
feb-22;75;Sech, JHAYCO;911 (Remix);;;344976;
feb-22;76;Cris Mj, Marcianeke;Bichiyal;;;342315;
feb-22;77;Bad Bunny;Vete;;;341217;
feb-22;78;Dua Lipa;Don't Start Now;;;341037;
feb-22;79;J Balvin, Bad Bunny;LA CANCIÓN;;;338839;
feb-22;80;Natalia Lafourcade;Hasta la Raíz;;;335392;
feb-22;81;Justin Quiles, Chimbala, Zion & Lennox;Loco;;;331934;
feb-22;82;Jay Wheeler, DJ Nelson, Myke Towers;La Curiosidad;;;331582;
feb-22;83;Rauw Alejandro, Mr. Naisgai;2/Catorce;;;327697;
feb-22;84;The Kid LAROI, Justin Bieber;STAY (with Justin Bieber);;;326431;
feb-22;85;El Jordan 23, Cris Mj;Ta' Soltera;;;321785;
feb-22;86;Farruko, Victor Cardenas, Dj Adoni;El Incomprendido;;;320670;
feb-22;87;JHAYCO, Bad Bunny;CÓMO SE SIENTE - Remix;;;319889;
feb-22;88;Santaferia;Algún Día Volverás;;;317961;
feb-22;89;Doja Cat;Woman;;;317022;
feb-22;90;Maluma;Cositas de la USA;;;314899;
feb-22;91;Dua Lipa, DaBaby;Levitating (feat. DaBaby);;;313416;
feb-22;92;Mora, JHAYCO;512;;;307259;
feb-22;93;J Balvin, KAROL G, Nicky Jam, Crissin, Totoy El Frio, Natan & Shander;Poblado - Remix;;;304331;
feb-22;94;Marcianeke, Cris Mj;Tussi Code Mari;;;303631;
feb-22;95;Sech, DJ Khaled;Borracho;;;303280;
feb-22;96;Carolina Gaitán - La Gaita, Mauro Castillo, Daniela Sierra, Juanse Diez, Isabel Garcés, Olga Lucía Vives, Encanto - Elenco;No se habla de Bruno;;;300544;
feb-22;97;Feid, KAROL G;FRIKI;;;299067;
feb-22;98;Duki;TOP 5;;;298581;
feb-22;99;Marc Seguí, Rauw Alejandro, Pol Granch;Tiroteo - Remix;;;298413;
feb-22;100;Adele;Easy On Me;;;296919;
mar-22;1;Cris Mj;Una Noche en Medellín;;;2546682;
mar-22;2;Standly;Pégate;;;2040237;
mar-22;3;Becky G, KAROL G;MAMIII;;;2012981;
mar-22;4;Rauw Alejandro, Chencho Corleone;Desesperados;;;1999549;
mar-22;5;Pailita, Cris Mj, Big Cvyu;Dime Tú;;;1832046;
mar-22;6;El Jordan 23, Standly;Bailando;;;1621963;
mar-22;7;"Balbi El Chamako, El BAI, Marcianeke, Pailita, Young Cister, Jairo Vera, Harry Nach, Forest, Julianno Sosa, Franco ""El Gorilla"", Cris Mj";Ponle - Remix;;;1476328;
mar-22;8;Standly, El Barto;Mi Gata;;;1379495;
mar-22;9;El Jordan 23;Anti Rana;;;1327345;
mar-22;10;Cris Mj, Marcianeke, Simon la Letra, Stars Music Chile;Los Malvekes;;;1306945;
mar-22;11;Tainy, Bad Bunny, Julieta Venegas;Lo Siento BB:/ (with Bad Bunny & Julieta Venegas);;;1232996;
mar-22;12;Polimá Westcoast, Pailita;ULTRA SOLO;;;1192120;
mar-22;13;La Pantera, Quevedo, Juseph, ABHIR, BEJO, Cruz Cafuné, EL IMA;Cayó La Noche (feat. Cruz Cafuné, Abhir Hathi, Bejo, EL IMA) [Remix];;;1136737;
mar-22;14;Bad Bunny;Yonaguni;;;1119240;
mar-22;15;JOSEPE EL DEMENTE, Sayian Jimmy;Morena Cachetona;;;1086102;
mar-22;16;El Barto, El Jordan 23, Standly, Drakomafia, Yong Bryel;Flaytiando;;;1052485;
mar-22;17;Blessd, Justin Quiles, Lenny Tavárez;Medallo;;;1006165;
mar-22;18;Boza, Lunay, Lenny Tavárez, Juhn, Beéle;Ella - Remix;;;894320;
mar-22;19;Nickoog Clk, Pailita, Simon la Letra, Standly;Phillie y Botella (Remix);;;890038;
mar-22;20;Aventura, Bad Bunny;Volví;;;871980;
mar-22;21;Young Cister;Casi Amor De Verano;;;861858;
mar-22;22;Bad Bunny;A Tu Merced;;;830548;
mar-22;23;Elton John, Dua Lipa, PNAU;Cold Heart - PNAU Remix;;;763611;
mar-22;24;Bizarrap, Tiago PZK;Tiago PZK: Bzrp Music Sessions, Vol. 48;;;756935;
mar-22;25;Bad Bunny, JHAYCO;DÁKITI;;;754860;
mar-22;26;Cris Mj;Locura y Maldad;;;714849;
mar-22;27;Alvaro Diaz, Rauw Alejandro;Problemón;;;711574;
mar-22;28;Dímelo Flow, Dalex, Sech, Justin Quiles, Arcángel, De La Ghetto, Lenny Tavárez;Se Le Ve;;;705601;
mar-22;29;Rvssian, Rauw Alejandro, Chris Brown;Nostálgico;;;700215;
mar-22;30;Marcianeke;Qué Pasa?;;;687126;
mar-22;31;Cris Mj;Como Te Va;;;682343;
mar-22;32;Young Cister, Duki;DOLCE;;;675376;
mar-22;33;Polimá Westcoast, Pablo Chill-E, Harry Nach, Galee Galee, ITHAN NY;MONEYMAN (feat. Galee Galee & ITHAN NY);;;669130;
mar-22;34;JHAYCO, Anuel AA;Ley Seca;;;665573;
mar-22;35;Nickoog Clk, Izahn, Standly;Mi Waxita;;;657133;
mar-22;36;Tiago PZK, LIT killah, Maria Becerra, Nicki Nicole;Entre Nosotros (Remix) [con Nicki Nicole];;;639134;
mar-22;37;Mora, Bad Bunny, Sech;Volando - Remix;;;626125;
mar-22;38;zzoilo, Aitana;Mon Amour - Remix;;;625896;
mar-22;39;Bad Bunny, Daddy Yankee;La Santa;;;617980;
mar-22;40;Anuel AA, Myke Towers, JHAYCO;Súbelo;;;617114;
mar-22;41;Marcianeke;Waka Waka;;;602726;
mar-22;42;Arte Elegante, Marcianeke;En las Malas y Buenas;;;558118;
mar-22;43;Pailita, Marcianeke;Dimelo Ma;;;549121;
mar-22;44;KAROL G;SEJODIOTO;;;544183;
mar-22;45;Tiago PZK, Trueno;Salimo de Noche;;;542629;
mar-22;46;TINI, L-Gante;Bar;;;530709;
mar-22;47;Drago200, Ak4:20;TOTA;;;522512;
mar-22;48;Bad Bunny, Mora;Una Vez;;;514166;
mar-22;49;ITHAN NY, Marcianeke;Las Naik;;;512381;
mar-22;50;Farruko;Pepas;;;493744;
mar-22;51;Pailita, Big Cvyu;Hooka;;;480197;
mar-22;52;Myke Towers;ALMAS GEMELAS;;;469642;
mar-22;53;Rauw Alejandro;Todo De Ti;;;464216;
mar-22;54;Adan La Amenaza, Yohancito, Marcianeke, El BAI, Pailita, Yordano El Menor, Balbi El Chamako, Jairo Vera, King Savagge;Dele Cotele 3;;;461050;
mar-22;55;Polimá Westcoast, Pablo Chill-E, Arón Piper;Cu4tro;;;440434;
mar-22;56;C. Tangana;Demasiadas Mujeres;;;439840;
mar-22;57;Maluma;Sobrio;;;437231;
mar-22;58;Nio Garcia, J Balvin, Bad Bunny;AM Remix;;;434643;
mar-22;59;Sebastian Yatra;Tacones Rojos;;;429058;
mar-22;60;Bad Bunny;La Zona;;;424713;
mar-22;61;J Balvin, Sech;Una Nota;;;415875;
mar-22;62;El Jordan 23, Pipo Beatz;Ando;;;406780;
mar-22;63;TINI, Maria Becerra;Miénteme;;;402416;
mar-22;64;Randy, Ape Drums;23 (With Ape Drums);;;394089;
mar-22;65;Harry Nach, Marcianeke;¿Por Qué Te Enojái?;;;386466;
mar-22;66;Rauw Alejandro;Cúrame;;;379760;
mar-22;67;Standly, Polimá Westcoast;Me Voy Contigo;;;378807;
mar-22;68;Imagine Dragons, JID, Arcane, League of Legends;Enemy (with JID) - from the series Arcane League of Legends;;;375634;
mar-22;69;Zion & Lennox;Yo Voy (feat. Daddy Yankee);;;372825;
mar-22;70;Bad Bunny;Si Estuviésemos Juntos;;;370663;
mar-22;71;Bad Bunny;La Difícil;;;369448;
mar-22;72;Bad Bunny;Vete;;;368016;
mar-22;73;Bad Bunny;Si Veo a Tu Mamá;;;361941;
mar-22;74;J Balvin, Bad Bunny;LA CANCIÓN;;;359339;
mar-22;75;Bad Bunny;TE MUDASTE;;;357465;
mar-22;76;Galee Galee, Harry Nach, Pablo Chill-E;Big Cut;;;354311;
mar-22;77;J Balvin, Maria Becerra;Qué Más Pues?;;;351546;
mar-22;78;Sebastian Yatra, Myke Towers;Pareja Del Año;;;345935;
mar-22;79;Rauw Alejandro, Mr. Naisgai;2/Catorce;;;345581;
mar-22;80;Tiago PZK, LIT killah;Entre Nosotros;;;332651;
mar-22;81;DEKKO;12x3;;;331834;
mar-22;82;El Jordan 23, Cris Mj;Ta' Soltera;;;331226;
mar-22;83;JHAYCO, Bad Bunny;CÓMO SE SIENTE - Remix;;;325767;
mar-22;84;Bad Bunny, ROSALÍA;LA NOCHE DE ANOCHE;;;325277;
mar-22;85;Cris Mj, Marcianeke;Bichiyal;;;321686;
mar-22;86;LIT killah;La Trampa es Ley;;;318708;
mar-22;87;ITHAN NY, Drakomafia, JulianoChieff;Piramide;;;313529;
mar-22;88;Pablo Alborán;Saturno;;;312903;
mar-22;89;Dua Lipa;Don't Start Now;;;312518;
mar-22;90;Bad Bunny;120;;;310242;
mar-22;91;Feid, KAROL G;FRIKI;;;307886;
mar-22;92;The Kid LAROI, Justin Bieber;STAY (with Justin Bieber);;;306542;
mar-22;93;Sech, JHAYCO;911 (Remix);;;306440;
mar-22;94;Justin Quiles;Colorín Colorado;;;303819;
mar-22;95;Bad Bunny, Ozuna, Farruko, Arcángel, Ñengo Flow, DJ Luian, Mambo Kingz;Diles;;;303396;
mar-22;96;Jay Wheeler, DJ Nelson, Myke Towers;La Curiosidad;;;302654;
mar-22;97;Don Omar, Nio Garcia;Se Menea;;;294803;
mar-22;98;JHAYCO, J Balvin, Bad Bunny;No Me Conoce - Remix;;;293517;
mar-22;99;Doja Cat;Woman;;;293501;
mar-22;100;Mora, JHAYCO;512;;;291240;
abr-22;1;Ak4:20, Pailita, Cris Mj;Me Arrepentí;;;6955503;
abr-22;2;Polimá Westcoast, Pailita;ULTRA SOLO;;;3874099;
abr-22;3;Cris Mj;Una Noche en Medellín;;;3102732;
abr-22;4;Pailita, Cris Mj, Big Cvyu;Dime Tú;;;2467245;
abr-22;5;El Jordan 23, Standly;Bailando;;;2110832;
abr-22;6;Paulo Londra;Plan A;;;1824068;
abr-22;7;Daddy Yankee, Bad Bunny;X ÚLTIMA VEZ;;;1808484;
abr-22;8;Standly;Pégate;;;1671788;
abr-22;9;Rauw Alejandro, Chencho Corleone;Desesperados;;;1594512;
abr-22;10;Becky G, KAROL G;MAMIII;;;1507691;
abr-22;11;Daddy Yankee;RUMBATÓN;;;1414057;
abr-22;12;Harry Styles;As It Was;;;1340886;
abr-22;13;"Balbi El Chamako, El BAI, Marcianeke, Pailita, Young Cister, Jairo Vera, Harry Nach, Forest, Julianno Sosa, Franco ""El Gorilla"", Cris Mj";Ponle - Remix;;;1320628;
abr-22;14;El Jordan 23;Anti Rana;;;1318483;
abr-22;15;Cris Mj, Marcianeke, Simon la Letra, Stars Music Chile;Los Malvekes;;;1286051;
abr-22;16;Polimá Westcoast, Young Cister, Cris Mj;SEXTIME;;;1285210;
abr-22;17;Standly, El Barto;Mi Gata;;;1168961;
abr-22;18;Alejo, Feid, ROBI;Pantysito;;;1072909;
abr-22;19;Anitta;Envolver;;;1057273;
abr-22;20;El Barto, El Jordan 23, Standly, Drakomafia, Yong Bryel;Flaytiando;;;1048062;
abr-22;21;Cris Mj;Como Te Va;;;1037201;
abr-22;22;Tainy, Bad Bunny, Julieta Venegas;Lo Siento BB:/ (with Bad Bunny & Julieta Venegas);;;1018214;
abr-22;23;La Pantera, Quevedo, Juseph, ABHIR, BEJO, Cruz Cafuné, EL IMA;Cayó La Noche (feat. Cruz Cafuné, Abhir Hathi, Bejo, EL IMA) [Remix];;;939732;
abr-22;24;Nickoog Clk, Pailita, Simon la Letra, Standly;Phillie y Botella (Remix);;;915725;
abr-22;25;Pailita, El Casti;Par de Veces;;;911271;
abr-22;26;Blessd, Justin Quiles, Lenny Tavárez;Medallo;;;908955;
abr-22;27;Danny Ocean;Fuera del mercado;;;905635;
abr-22;28;Standly;Bailemos Reggaeton;;;905248;
abr-22;29;JOSEPE EL DEMENTE, Sayian Jimmy;Morena Cachetona;;;900889;
abr-22;30;Lleflight, Pablo Chill-E, Gino Mella, Julianno Sosa, El Jordan 23, King Savagge, Polimá Westcoast, Drago200, Jairo Vera, Galee Galee, Best;FULL PIOLI 2.O (feat. Julianno Sosa, El Jordan 23, King Savagge, Polima West Coast, Drago200, Jairo Vera, Galee Galee, Best);;;855732;
abr-22;31;Daddy Yankee;REMIX;;;835994;
abr-22;32;Bizarrap, Tiago PZK;Tiago PZK: Bzrp Music Sessions, Vol. 48;;;801633;
abr-22;33;Bad Bunny;Yonaguni;;;775622;
abr-22;34;Cris Mj;Locura y Maldad;;;766289;
abr-22;35;Bad Bunny;A Tu Merced;;;699929;
abr-22;36;Aventura, Bad Bunny;Volví;;;697458;
abr-22;37;Polimá Westcoast, Pablo Chill-E, Harry Nach, Galee Galee, ITHAN NY;MONEYMAN (feat. Galee Galee & ITHAN NY);;;685410;
abr-22;38;Boza, Lunay, Lenny Tavárez, Juhn, Beéle;Ella - Remix;;;675070;
abr-22;39;Standly, Polimá Westcoast;Me Voy Contigo;;;656047;
abr-22;40;Harry Nach, ITHAN NY, Galee Galee, Julianno Sosa;Prende el Party;;;648806;
abr-22;41;Bad Bunny, Daddy Yankee;La Santa;;;640819;
abr-22;42;C. Tangana;Demasiadas Mujeres;;;632320;
abr-22;43;Pailita, Big Cvyu;Hooka;;;625999;
abr-22;44;Young Cister;Casi Amor De Verano;;;623516;
abr-22;45;Dímelo Flow, Dalex, Sech, Justin Quiles, Arcángel, De La Ghetto, Lenny Tavárez;Se Le Ve;;;604166;
abr-22;46;Nickoog Clk, Dainesitta;ESE CULITO;;;587413;
abr-22;47;Alvaro Diaz, Rauw Alejandro;Problemón;;;585347;
abr-22;48;Zion & Lennox;Yo Voy (feat. Daddy Yankee);;;575843;
abr-22;49;Elton John, Dua Lipa, PNAU;Cold Heart - PNAU Remix;;;568391;
abr-22;50;Daddy Yankee, Sech;PARA SIEMPRE;;;557439;
abr-22;51;Drago200, Ak4:20;TOTA;;;556044;
abr-22;52;El Jordan 23, Pipo Beatz;Ando;;;551683;
abr-22;53;Marcianeke;Qué Pasa?;;;527941;
abr-22;54;Bad Bunny, JHAYCO;DÁKITI;;;517152;
abr-22;55;Daddy Yankee, Myke Towers;PASATIEMPO;;;506948;
abr-22;56;Duki, De La Ghetto, Quevedo;Si Quieren Frontear;;;504012;
abr-22;57;Ryan Castro;Jordan;;;500998;
abr-22;58;Mora, Bad Bunny, Sech;Volando - Remix;;;489327;
abr-22;59;Tiago PZK, LIT killah, Maria Becerra, Nicki Nicole;Entre Nosotros (Remix) [con Nicki Nicole];;;475485;
abr-22;60;Rvssian, Rauw Alejandro, Chris Brown;Nostálgico;;;474775;
abr-22;61;Anuel AA, Myke Towers, JHAYCO;Súbelo;;;461728;
abr-22;62;Pailita, Marcianeke;Dimelo Ma;;;461395;
abr-22;63;Young Cister, Duki;DOLCE;;;448636;
abr-22;64;El Goldo De Las Conec, Marcianeke, King Savagge, Pablito Rolayork, Jairo Vera, Yong Bryel, Tunechikidd, El BAI, Sayian Jimmy, Benja el Menorcito, Benji Gramitos, Jhon Jairo, Lil Geremi, Yiordano Ignacio;Shikipla - Remix;;;425343;
abr-22;65;Tiago PZK, Trueno;Salimo de Noche;;;413051;
abr-22;66;Arte Elegante, Marcianeke;En las Malas y Buenas;;;407840;
abr-22;67;Blessd, Myke Towers, Ovy On The Drums;Tendencia Global;;;406756;
abr-22;68;JHAYCO, Anuel AA;Ley Seca;;;399866;
abr-22;69;zzoilo, Aitana;Mon Amour - Remix;;;386200;
abr-22;70;Mora, Feid;LA INOCENTE;;;385324;
abr-22;71;Marcianeke;Waka Waka;;;383878;
abr-22;72;Bad Bunny, Mora;Una Vez;;;379146;
abr-22;73;DrefQuila;Huella Letal;;;369401;
abr-22;74;Mora;2010;;;366397;
abr-22;75;Rauw Alejandro;Todo De Ti;;;362056;
abr-22;76;King Savagge;Pantano;;;359867;
abr-22;77;Polimá Westcoast, Pablo Chill-E, Arón Piper;Cu4tro;;;359535;
abr-22;78;Mora, JHAYCO;MEMORIAS;;;358803;
abr-22;79;J Balvin, Bad Bunny;LA CANCIÓN;;;353503;
abr-22;80;JHAYCO;Sensual Bebé;;;351985;
abr-22;81;El Jordan 23, Cris Mj;Ta' Soltera;;;350662;
abr-22;82;Farruko;Pepas;;;350520;
abr-22;83;Marcianeke;Colores;;;348742;
abr-22;84;Maluma;Sobrio;;;346950;
abr-22;85;ROSALÍA;SAOKO;;;340636;
abr-22;86;Mora, Zion;TU AMIGO;;;339296;
abr-22;87;TINI, Maria Becerra;Miénteme;;;335656;
abr-22;88;Ak4:20;Siempre Fine;;;330537;
abr-22;89;Sebastian Yatra;Tacones Rojos;;;328402;
abr-22;90;Adan La Amenaza, Yohancito, Marcianeke, El BAI, Pailita, Yordano El Menor, Balbi El Chamako, Jairo Vera, King Savagge;Dele Cotele 3;;;324416;
abr-22;91;Imagine Dragons, JID, Arcane, League of Legends;Enemy (with JID) - from the series Arcane League of Legends;;;323083;
abr-22;92;J Balvin, Ed Sheeran;Sigue;;;322602;
abr-22;93;Daddy Yankee, Pitbull;HOT;;;321456;
abr-22;94;Rauw Alejandro, Mr. Naisgai;2/Catorce;;;319602;
abr-22;95;Tiago PZK, LIT killah;Entre Nosotros;;;319513;
abr-22;96;Daddy Yankee, Rauw Alejandro, Nile Rodgers;AGUA;;;319228;
abr-22;97;Doja Cat;Woman;;;319123;
abr-22;98;Ak4:20;Skyline;;;318026;
abr-22;99;Myke Towers;ALMAS GEMELAS;;;317405;
abr-22;100;Cris Mj, Marcianeke;Bichiyal;;;310030;
may-22;1;Ak4:20, Pailita, Cris Mj;Me Arrepentí;;;3909088;
may-22;2;Polimá Westcoast, Pailita;ULTRA SOLO;;;3329216;
may-22;3;Julianno Sosa, King Savagge;Cochinae;;;3219716;
may-22;4;Cris Mj;Una Noche en Medellín;;;2533388;
may-22;5;Pailita, Cris Mj, Big Cvyu;Dime Tú;;;2149141;
may-22;6;Polimá Westcoast, Young Cister, Cris Mj;SEXTIME;;;1949802;
may-22;7;El Jordan 23, Standly;Bailando;;;1916026;
may-22;8;KAROL G;PROVENZA;;;1769091;
may-22;9;Nickoog Clk;En El Jacuzzi;;;1560632;
may-22;10;Daddy Yankee, Bad Bunny;X ÚLTIMA VEZ;;;1508313;
may-22;11;Bizarrap, Paulo Londra;Paulo Londra: Bzrp Music Sessions, Vol. 23;;;1458480;
may-22;12;Pailita, El Casti;Par de Veces;;;1418030;
may-22;13;Rauw Alejandro, Chencho Corleone;Desesperados;;;1377936;
may-22;14;Harry Styles;As It Was;;;1326726;
may-22;15;Becky G, KAROL G;MAMIII;;;1322279;
may-22;16;Standly;Pégate;;;1312157;
may-22;17;Cris Mj, Marcianeke, Simon la Letra, Stars Music Chile;Los Malvekes;;;1076195;
may-22;18;El Jordan 23;Anti Rana;;;1032209;
may-22;19;Standly, El Barto;Mi Gata;;;982006;
may-22;20;"Balbi El Chamako, El BAI, Marcianeke, Pailita, Young Cister, Jairo Vera, Harry Nach, Forest, Julianno Sosa, Franco ""El Gorilla"", Cris Mj";Ponle - Remix;;;949617;
may-22;21;Standly;Bailemos Reggaeton;;;935154;
may-22;22;Mora, Sech;TUS LÁGRIMAS;;;930597;
may-22;23;El Barto, El Jordan 23, Standly, Drakomafia, Yong Bryel;Flaytiando;;;922314;
may-22;24;Daddy Yankee;RUMBATÓN;;;905373;
may-22;25;Paulo Londra;Plan A;;;900246;
may-22;26;Alejo, Feid, ROBI;Pantysito;;;889614;
may-22;27;Danny Ocean;Fuera del mercado;;;878889;
may-22;28;Cris Mj;Como Te Va;;;848261;
may-22;29;Anitta;Envolver;;;842457;
may-22;30;Nickoog Clk, Pailita, Simon la Letra, Standly;Phillie y Botella (Remix);;;822493;
may-22;31;Tainy, Bad Bunny, Julieta Venegas;Lo Siento BB:/ (with Bad Bunny & Julieta Venegas);;;786955;
may-22;32;Blessd, Justin Quiles, Lenny Tavárez;Medallo;;;785425;
may-22;33;Ryan Castro;Jordan;;;764350;
may-22;34;Lleflight, Pablo Chill-E, Gino Mella, Julianno Sosa, El Jordan 23, King Savagge, Polimá Westcoast, Drago200, Jairo Vera, Galee Galee, Best;FULL PIOLI 2.O (feat. Julianno Sosa, El Jordan 23, King Savagge, Polima West Coast, Drago200, Jairo Vera, Galee Galee, Best);;;761476;
may-22;35;Bizarrap, Tiago PZK;Tiago PZK: Bzrp Music Sessions, Vol. 48;;;747735;
may-22;36;Mora, Feid;LA INOCENTE;;;708517;
may-22;37;La Pantera, Quevedo, Juseph, ABHIR, BEJO, Cruz Cafuné, EL IMA;Cayó La Noche (feat. Cruz Cafuné, Abhir Hathi, Bejo, EL IMA) [Remix];;;707484;
may-22;38;Bad Bunny;Yonaguni;;;685302;
may-22;39;El Jordan 23, Big Cvyu;Noche Loca;;;684122;
may-22;40;Cris Mj;Locura y Maldad;;;656702;
may-22;41;Bad Bunny;A Tu Merced;;;643761;
may-22;42;C. Tangana;Demasiadas Mujeres;;;640794;
may-22;43;Ak4:20, Brray;MARIMBA GRINGA;;;636024;
may-22;44;Standly;Panamera;;;625410;
may-22;45;Pailita, Big Cvyu;Hooka;;;614322;
may-22;46;Sayian Jimmy, Standly, Yishark, Nysix Music, Tobal Mj, Benji La Maldita Escritura De Oro;Flotao;;;605212;
may-22;47;Duki, De La Ghetto, Quevedo;Si Quieren Frontear;;;590816;
may-22;48;FK In The Beats, Cris Mj, El BAI;Pensandote;;;589724;
may-22;49;Paulo Londra;Chance;;;581842;
may-22;50;Polimá Westcoast, Pablo Chill-E, Harry Nach, Galee Galee, ITHAN NY;MONEYMAN (feat. Galee Galee & ITHAN NY);;;565699;
may-22;51;Standly, Polimá Westcoast;Me Voy Contigo;;;539412;
may-22;52;Young Cister;Casi Amor De Verano;;;526874;
may-22;53;Bad Bunny, Daddy Yankee;La Santa;;;521178;
may-22;54;Zion & Lennox;Yo Voy (feat. Daddy Yankee);;;491670;
may-22;55;El Jordan 23, Pipo Beatz;Ando;;;488960;
may-22;56;Elton John, Dua Lipa, PNAU;Cold Heart - PNAU Remix;;;487928;
may-22;57;JOSEPE EL DEMENTE, Sayian Jimmy;Morena Cachetona;;;482158;
may-22;58;Marcianeke, L-Gante;Toma;;;477623;
may-22;59;Dímelo Flow, Dalex, Sech, Justin Quiles, Arcángel, De La Ghetto, Lenny Tavárez;Se Le Ve;;;468152;
may-22;60;Bad Bunny, JHAYCO;DÁKITI;;;462979;
may-22;61;Harry Nach, ITHAN NY, Galee Galee, Julianno Sosa;Prende el Party;;;461527;
may-22;62;Boza, Lunay, Lenny Tavárez, Juhn, Beéle;Ella - Remix;;;454690;
may-22;63;Aventura, Bad Bunny;Volví;;;444700;
may-22;64;Tiago PZK, LIT killah, Maria Becerra, Nicki Nicole;Entre Nosotros (Remix) [con Nicki Nicole];;;438116;
may-22;65;"Cris Mj, Gotay ""El Autentiko""";Yo No Me Olvido;;;406132;
may-22;66;Jairo Vera, Vishoko;Buscandomela;;;404329;
may-22;67;Marcianeke;Qué Pasa?;;;401671;
may-22;68;Mora, Bad Bunny, Sech;Volando - Remix;;;400027;
may-22;69;Pailita, Marcianeke;Dimelo Ma;;;383427;
may-22;70;Rauw Alejandro;Todo De Ti;;;375567;
may-22;71;Blessd, Myke Towers, Ovy On The Drums;Tendencia Global;;;371291;
may-22;72;Young Cister, Duki;DOLCE;;;366530;
may-22;73;zzoilo, Aitana;Mon Amour - Remix;;;366278;
may-22;74;Anuel AA, Myke Towers, JHAYCO;Súbelo;;;364256;
may-22;75;Nickoog Clk, Dainesitta;ESE CULITO;;;358488;
may-22;76;Nickoog Clk, Izahn, Standly;Mi Waxita;;;353980;
may-22;77;Bad Bunny, Mora;Una Vez;;;342331;
may-22;78;El Goldo De Las Conec, Marcianeke, King Savagge, Pablito Rolayork, Jairo Vera, Yong Bryel, Tunechikidd, El BAI, Sayian Jimmy, Benja el Menorcito, Benji Gramitos, Jhon Jairo, Lil Geremi, Yiordano Ignacio;Shikipla - Remix;;;340605;
may-22;79;Maluma;Sobrio;;;338372;
may-22;80;Tiago PZK, Trueno;Salimo de Noche;;;337880;
may-22;81;J Balvin, Bad Bunny;LA CANCIÓN;;;337816;
may-22;82;Daddy Yankee;REMIX;;;336253;
may-22;83;JHAYCO, Anuel AA;Ley Seca;;;331159;
may-22;84;Pablito Pesadilla, Cris Mj, Harry Nach;Baby Doll;;;330336;
may-22;85;King Savagge;Pantano;;;329258;
may-22;86;Rvssian, Rauw Alejandro, Chris Brown;Nostálgico;;;328418;
may-22;87;Drago200, Ak4:20;TOTA;;;323228;
may-22;88;Shakira, Rauw Alejandro;Te Felicito;;;319075;
may-22;89;Camila Cabello, Ed Sheeran;Bam Bam (feat. Ed Sheeran);;;318695;
may-22;90;Harry Styles;Watermelon Sugar;;;315733;
may-22;91;TINI, Maria Becerra;Miénteme;;;313783;
may-22;92;Julianno Sosa, Pablo Chill-E;Positivo;;;307740;
may-22;93;Alvaro Diaz, Rauw Alejandro;Problemón;;;307181;
may-22;94;Kevin Kaarl;San Lucas;;;307044;
may-22;95;El Jordan 23, Cris Mj;Ta' Soltera;;;303305;
may-22;96;DrefQuila;Huella Letal;;;302151;
may-22;97;PSY, SUGA;That That (prod.&feat. SUGA of BTS);;;302104;
may-22;98;Farruko;Pepas;;;301671;
may-22;99;KAROL G;SEJODIOTO;;;300846;
may-22;100;Sebastian Yatra;Tacones Rojos;;;298415;
jun-22;1;Bad Bunny, Bomba Estéreo;Ojitos Lindos;;;3158830;
jun-22;2;Bad Bunny, Chencho Corleone;Me Porto Bonito;;;2999344;
jun-22;3;Bad Bunny;Moscow Mule;;;2566238;
jun-22;4;Polimá Westcoast, Pailita;ULTRA SOLO;;;2499369;
jun-22;5;Ak4:20, Pailita, Cris Mj;Me Arrepentí;;;2273832;
jun-22;6;Bad Bunny;Efecto;;;2162964;
jun-22;7;Bad Bunny, Rauw Alejandro;Party;;;2125763;
jun-22;8;Julianno Sosa, King Savagge;Cochinae;;;2112687;
jun-22;9;KAROL G;PROVENZA;;;1898877;
jun-22;10;Bad Bunny;Tití Me Preguntó;;;1835178;
jun-22;11;Cris Mj;Una Noche en Medellín;;;1751086;
jun-22;12;El Jordan 23, Standly;Bailando;;;1522487;
jun-22;13;Chris Jedi, Anuel AA, Chencho Corleone, Ñengo Flow;La Llevo Al Cielo (Ft. Ñengo Flow);;;1451699;
jun-22;14;Pailita, Cris Mj, Big Cvyu;Dime Tú;;;1431287;
jun-22;15;Bad Bunny;Un Ratito;;;1418821;
jun-22;16;Bad Bunny, JHAYCO;Tarot;;;1380520;
jun-22;17;Polimá Westcoast, Young Cister, Cris Mj;SEXTIME;;;1284846;
jun-22;18;Bad Bunny, Tony Dize;La Corriente;;;1184027;
jun-22;19;Bad Bunny;Después de la Playa;;;1159216;
jun-22;20;Becky G, KAROL G;MAMIII;;;1123221;
jun-22;21;Rauw Alejandro, Chencho Corleone;Desesperados;;;1107041;
jun-22;22;Harry Styles;As It Was;;;1064092;
jun-22;23;Daddy Yankee, Bad Bunny;X ÚLTIMA VEZ;;;1022611;
jun-22;24;El Jordan 23;Anti Rana;;;1016285;
jun-22;25;El Jordan 23, Big Cvyu;Noche Loca;;;1016142;
jun-22;26;Standly;Pégate;;;1012951;
jun-22;27;Bad Bunny;Me Fui de Vacaciones;;;982765;
jun-22;28;Bad Bunny;Yo No Soy Celoso;;;972071;
jun-22;29;Pailita, El Casti;Par de Veces;;;962283;
jun-22;30;Pailita, Nio Garcia;Yo Quiero;;;940334;
jun-22;31;Sayian Jimmy, Standly, Yishark, Nysix Music, Tobal Mj, Benji La Maldita Escritura De Oro;Flotao;;;926654;
jun-22;32;Bad Bunny;Aguacero;;;914500;
jun-22;33;Bad Bunny;Neverita;;;902453;
jun-22;34;Nickoog Clk;En El Jacuzzi;;;841747;
jun-22;35;El Jordan 23, Big Cvyu;Si Sako La 40;;;835875;
jun-22;36;Bad Bunny;Un Coco;;;817874;
jun-22;37;Ryan Castro;Jordan;;;794500;
jun-22;38;Bad Bunny, Buscabulla;Andrea;;;790757;
jun-22;39;Bad Bunny;Dos Mil 16;;;733898;
jun-22;40;Cris Mj, Marcianeke, Simon la Letra, Stars Music Chile;Los Malvekes;;;733603;
jun-22;41;Standly;Bailemos Reggaeton;;;726325;
jun-22;42;Shakira, Rauw Alejandro;Te Felicito;;;723838;
jun-22;43;Bad Bunny;Un Verano Sin Ti;;;721210;
jun-22;44;El Barto, El Jordan 23, Standly, Drakomafia, Yong Bryel;Flaytiando;;;705952;
jun-22;45;Mora, Sech;TUS LÁGRIMAS;;;689924;
jun-22;46;Bad Bunny;Enséñame a Bailar;;;689357;
jun-22;47;Bad Bunny, The Marías;Otro Atardecer;;;663239;
jun-22;48;Standly, El Barto;Mi Gata;;;657765;
jun-22;49;Daddy Yankee;RUMBATÓN;;;652466;
jun-22;50;Alejo, Feid, ROBI;Pantysito;;;646320;
jun-22;51;Standly;Panamera;;;579913;
jun-22;52;Chris Lebron, Jay Wheeler, Sech;Desde Mis Ojos - Remix;;;571874;
jun-22;53;Lleflight, Pablo Chill-E, Gino Mella, Julianno Sosa, El Jordan 23, King Savagge, Polimá Westcoast, Drago200, Jairo Vera, Galee Galee, Best;FULL PIOLI 2.O (feat. Julianno Sosa, El Jordan 23, King Savagge, Polima West Coast, Drago200, Jairo Vera, Galee Galee, Best);;;564612;
jun-22;54;Tainy, Bad Bunny, Julieta Venegas;Lo Siento BB:/ (with Bad Bunny & Julieta Venegas);;;562020;
jun-22;55;"Balbi El Chamako, El BAI, Marcianeke, Pailita, Young Cister, Jairo Vera, Harry Nach, Forest, Julianno Sosa, Franco ""El Gorilla"", Cris Mj";Ponle - Remix;;;561763;
jun-22;56;Nickoog Clk, Pailita, Simon la Letra, Standly;Phillie y Botella (Remix);;;556491;
jun-22;57;Bad Bunny;Agosto;;;555108;
jun-22;58;Bad Bunny;Yonaguni;;;535995;
jun-22;59;Cris Mj;Como Te Va;;;530763;
jun-22;60;Anitta;Envolver;;;521063;
jun-22;61;El Jordan 23, Pipo Beatz;Ando;;;520139;
jun-22;62;Danny Ocean;Fuera del mercado;;;519308;
jun-22;63;Bad Bunny, Tainy;Callaita;;;511223;
jun-22;64;Bad Bunny;El Apagón;;;500199;
jun-22;65;Mora, Feid;LA INOCENTE;;;499694;
jun-22;66;Kate Bush;Running Up That Hill (A Deal With God);;;496005;
jun-22;67;Bizarrap, Tiago PZK;Tiago PZK: Bzrp Music Sessions, Vol. 48;;;478226;
jun-22;68;Blessd, Justin Quiles, Lenny Tavárez;Medallo;;;470817;
jun-22;69;La Pantera, Quevedo, Juseph, ABHIR, BEJO, Cruz Cafuné, EL IMA;Cayó La Noche (feat. Cruz Cafuné, Abhir Hathi, Bejo, EL IMA) [Remix];;;464164;
jun-22;70;Paulo Londra;Plan A;;;454855;
jun-22;71;Bad Bunny;A Tu Merced;;;452150;
jun-22;72;Zion & Lennox;Yo Voy (feat. Daddy Yankee);;;434804;
jun-22;73;Morat, Duki;París;;;430081;
jun-22;74;Ak4:20, Brray;MARIMBA GRINGA;;;426825;
jun-22;75;Pailita, Big Cvyu;Hooka;;;413399;
jun-22;76;Marcianeke;Ponte Pa Mí;;;404840;
jun-22;77;Bizarrap, Paulo Londra;Paulo Londra: Bzrp Music Sessions, Vol. 23;;;404197;
jun-22;78;Harry Styles;Late Night Talking;;;399063;
jun-22;79;Elton John, Dua Lipa, PNAU;Cold Heart - PNAU Remix;;;397670;
jun-22;80;Standly, Polimá Westcoast;Me Voy Contigo;;;397637;
jun-22;81;Bad Bunny, Daddy Yankee;La Santa;;;396442;
jun-22;82;C. Tangana;Demasiadas Mujeres;;;393309;
jun-22;83;FK In The Beats, Cris Mj, El BAI;Pensandote;;;383801;
jun-22;84;Anuel AA;¿Qué Nos Pasó?;;;378189;
jun-22;85;JOSEPE EL DEMENTE, Sayian Jimmy;Morena Cachetona;;;376272;
jun-22;86;Cris Mj;Locura y Maldad;;;367771;
jun-22;87;Aventura, Bad Bunny;Volví;;;366671;
jun-22;88;Duki, De La Ghetto, Quevedo;Si Quieren Frontear;;;361349;
jun-22;89;Mora, Bad Bunny, Sech;Volando - Remix;;;352962;
jun-22;90;Tiago PZK, LIT killah, Maria Becerra, Nicki Nicole;Entre Nosotros (Remix) [con Nicki Nicole];;;349379;
jun-22;91;Kevin Kaarl;San Lucas;;;345995;
jun-22;92;Dímelo Flow, Dalex, Sech, Justin Quiles, Arcángel, De La Ghetto, Lenny Tavárez;Se Le Ve;;;335897;
jun-22;93;TINI;La Triple T;;;329046;
jun-22;94;KAROL G;200 COPAS;;;325714;
jun-22;95;KAROL G;SEJODIOTO;;;325357;
jun-22;96;Bad Bunny, JHAYCO;DÁKITI;;;324054;
jun-22;97;Boza, Lunay, Lenny Tavárez, Juhn, Beéle;Ella - Remix;;;323203;
jun-22;98;Young Cister;Casi Amor De Verano;;;310218;
jun-22;99;Blessd, Myke Towers, Ovy On The Drums;Tendencia Global;;;303256;
jun-22;100;Gino Mella, Jairo Vera, Big Cvyu;PALOMA;;;303155;
jul-22;1;Polimá Westcoast, Feid, Pailita, Paloma Mami, De La Ghetto;ULTRA SOLO REMIX;;;3366431;
jul-22;2;Young Cister;LA TERAPIA;;;3038465;
jul-22;3;Bad Bunny, Chencho Corleone;Me Porto Bonito;;;2827625;
jul-22;4;Bad Bunny;Efecto;;;2670532;
jul-22;5;Bad Bunny, Bomba Estéreo;Ojitos Lindos;;;2295509;
jul-22;6;Bad Bunny;Moscow Mule;;;2257803;
jul-22;7;Bad Bunny;Tití Me Preguntó;;;1894486;
jul-22;8;Ak4:20, Pailita, Cris Mj;Me Arrepentí;;;1754667;
jul-22;9;Polimá Westcoast, Pailita;ULTRA SOLO;;;1508615;
jul-22;10;Julianno Sosa, King Savagge;Cochinae;;;1431611;
jul-22;11;KAROL G;PROVENZA;;;1417585;
jul-22;12;Cris Mj;Una Noche en Medellín;;;1391779;
jul-22;13;Bad Bunny, JHAYCO;Tarot;;;1348067;
jul-22;14;Shakira, Rauw Alejandro;Te Felicito;;;1345774;
jul-22;15;Chris Jedi, Anuel AA, Chencho Corleone, Ñengo Flow;La Llevo Al Cielo (Ft. Ñengo Flow);;;1322893;
jul-22;16;El Jordan 23, Standly;Bailando;;;1292194;
jul-22;17;Bad Bunny, Rauw Alejandro;Party;;;1291495;
jul-22;18;Cris Mj;Paz Mental;;;1194276;
jul-22;19;Polimá Westcoast, Young Cister, Cris Mj;SEXTIME;;;1117110;
jul-22;20;Bad Bunny, Tony Dize;La Corriente;;;1111837;
jul-22;21;Pailita, Cris Mj, Big Cvyu;Dime Tú;;;1097264;
jul-22;22;Bad Bunny;Un Ratito;;;1019968;
jul-22;23;Standly;Panamera;;;993447;
jul-22;24;El Jordan 23, Big Cvyu;Si Sako La 40;;;959701;
jul-22;25;Nickoog Clk, Standly;Que Se Hace;;;937652;
jul-22;26;Kate Bush;Running Up That Hill (A Deal With God);;;927131;
jul-22;27;Rauw Alejandro, Chencho Corleone;Desesperados;;;921282;
jul-22;28;Standly;Pégate;;;883447;
jul-22;29;Becky G, KAROL G;MAMIII;;;861316;
jul-22;30;Sayian Jimmy, Standly, Yishark, Nysix Music, Tobal Mj, Benji La Maldita Escritura De Oro;Flotao;;;847065;
jul-22;31;El Jordan 23, Big Cvyu;Noche Loca;;;844140;
jul-22;32;El Jordan 23;Anti Rana;;;828732;
jul-22;33;Bad Bunny;Después de la Playa;;;815581;
jul-22;34;Harry Styles;As It Was;;;779367;
jul-22;35;Pailita, El Casti;Par de Veces;;;774999;
jul-22;36;Mora, Feid;LA INOCENTE;;;767069;
jul-22;37;Tunechikidd, Pailita, Marcianeke, Nickoog Clk, Criss J.;Sin Miedo;;;705958;
jul-22;38;Bad Bunny;Neverita;;;704718;
jul-22;39;Bad Bunny, Buscabulla;Andrea;;;695611;
jul-22;40;Pailita, Nio Garcia;Yo Quiero;;;686143;
jul-22;41;Daddy Yankee, Bad Bunny;X ÚLTIMA VEZ;;;675865;
jul-22;42;Tainy, Bad Bunny, Julieta Venegas;Lo Siento BB:/ (with Bad Bunny & Julieta Venegas);;;670219;
jul-22;43;Bad Bunny;Me Fui de Vacaciones;;;665374;
jul-22;44;Bad Bunny;Aguacero;;;658135;
jul-22;45;Bad Bunny;Yo No Soy Celoso;;;645505;
jul-22;46;El Jordan 23, Pipo Beatz;Ando;;;637508;
jul-22;47;Cris Mj, Marcianeke, Simon la Letra, Stars Music Chile;Los Malvekes;;;629718;
jul-22;48;Bad Bunny;Un Coco;;;622213;
jul-22;49;Nickoog Clk;En El Jacuzzi;;;610715;
jul-22;50;Nickoog Clk, Pailita, Simon la Letra, Standly;Phillie y Botella (Remix);;;590208;
jul-22;51;Standly;Bailemos Reggaeton;;;584340;
jul-22;52;El Barto, El Jordan 23, Standly, Drakomafia, Yong Bryel;Flaytiando;;;552750;
jul-22;53;Standly, El Barto;Mi Gata;;;552329;
jul-22;54;Bad Bunny;Yonaguni;;;551686;
jul-22;55;Bad Bunny;Dos Mil 16;;;548535;
jul-22;56;Bad Bunny;A Tu Merced;;;540968;
jul-22;57;Gino Mella, King Savagge, Best;TAY PAPO;;;529890;
jul-22;58;Pailita;Más de una Vez;;;498235;
jul-22;59;Joji;Glimpse of Us;;;497416;
jul-22;60;El Jordan 23, Endo;Los Dueños Del Malianteo;;;493811;
jul-22;61;Alejo, Feid, ROBI;Pantysito;;;485077;
jul-22;62;El Jordan 23, Big Cvyu;Metele Con Candela;;;479785;
jul-22;63;Cris Mj;Como Te Va;;;465814;
jul-22;64;Bad Bunny;Un Verano Sin Ti;;;459037;
jul-22;65;Mora, Sech;TUS LÁGRIMAS;;;453982;
jul-22;66;Bad Bunny;Enséñame a Bailar;;;447842;
jul-22;67;Zion & Lennox;Yo Voy (feat. Daddy Yankee);;;443212;
jul-22;68;"Balbi El Chamako, El BAI, Marcianeke, Pailita, Young Cister, Jairo Vera, Harry Nach, Forest, Julianno Sosa, Franco ""El Gorilla"", Cris Mj";Ponle - Remix;;;440962;
jul-22;69;Daddy Yankee;RUMBATÓN;;;437601;
jul-22;70;Bizarrap, Tiago PZK;Tiago PZK: Bzrp Music Sessions, Vol. 48;;;437127;
jul-22;71;NATTI NATASHA, Daddy Yankee, Wisin & Yandel;Mayor Que Usted;;;436316;
jul-22;72;Bad Bunny, The Marías;Otro Atardecer;;;430731;
jul-22;73;Lleflight, Pablo Chill-E, Gino Mella, Julianno Sosa, El Jordan 23, King Savagge, Polimá Westcoast, Drago200, Jairo Vera, Galee Galee, Best;FULL PIOLI 2.O (feat. Julianno Sosa, El Jordan 23, King Savagge, Polima West Coast, Drago200, Jairo Vera, Galee Galee, Best);;;430154;
jul-22;74;Bizarrap, Villano Antillano;Villano Antillano: Bzrp Music Sessions, Vol. 51;;;428339;
jul-22;75;Cris Mj;Locura y Maldad;;;413035;
jul-22;76;Ryan Castro;Jordan;;;411167;
jul-22;77;Bad Bunny, Tainy;Callaita;;;410240;
jul-22;78;Duki;Antes de Perderte;;;404272;
jul-22;79;Feid;Ferxxo 100;;;403706;
jul-22;80;La Pantera, Quevedo, Juseph, ABHIR, BEJO, Cruz Cafuné, EL IMA;Cayó La Noche (feat. Cruz Cafuné, Abhir Hathi, Bejo, EL IMA) [Remix];;;399454;
jul-22;81;Tiago PZK, Ozuna;Nos Comemos (feat. Ozuna);;;395077;
jul-22;82;Maluma, Chencho Corleone;Nos Comemos Vivos;;;390811;
jul-22;83;Anitta;Envolver;;;390492;
jul-22;84;Chris Lebron, Jay Wheeler, Sech;Desde Mis Ojos - Remix;;;389111;
jul-22;85;Bad Bunny;Agosto;;;388202;
jul-22;86;Danny Ocean;Fuera del mercado;;;386429;
jul-22;87;Pailita, Big Cvyu;Hooka;;;383957;
jul-22;88;Elton John, Dua Lipa, PNAU;Cold Heart - PNAU Remix;;;383046;
jul-22;89;Standly, Polimá Westcoast;Me Voy Contigo;;;382282;
jul-22;90;Young Cister;Casi Amor De Verano;;;377153;
jul-22;91;Lasso;Ojos Marrones;;;368149;
jul-22;92;Blessd, Justin Quiles, Lenny Tavárez;Medallo;;;363262;
jul-22;93;Metallica;Master Of Puppets;;;361130;
jul-22;94;Bad Bunny, Daddy Yankee;La Santa;;;356345;
jul-22;95;Ak4:20, Brray;MARIMBA GRINGA;;;356008;
jul-22;96;Charlie Puth, Jung Kook, BTS;Left and Right (Feat. Jung Kook of BTS);;;337237;
jul-22;97;C. Tangana;Demasiadas Mujeres;;;333214;
jul-22;98;JOSEPE EL DEMENTE, Sayian Jimmy;Morena Cachetona;;;329621;
jul-22;99;Bad Bunny, JHAYCO;DÁKITI;;;326089;
jul-22;100;Bad Bunny;El Apagón;;;321721;
ago-22;1;Bizarrap, Quevedo;Quevedo: Bzrp Music Sessions, Vol. 52;;;4458636;
ago-22;2;Stars Music Chile, Cris Mj, Standly;Marisola;;;3786784;
ago-22;3;Bad Bunny, Chencho Corleone;Me Porto Bonito;;;2608572;
ago-22;4;Bad Bunny;Efecto;;;2524230;
ago-22;5;Polimá Westcoast, Feid, Pailita, Paloma Mami, De La Ghetto;ULTRA SOLO REMIX;;;2427540;
ago-22;6;Young Cister;LA TERAPIA;;;2073219;
ago-22;7;Bad Bunny, Bomba Estéreo;Ojitos Lindos;;;2005774;
ago-22;8;Bad Bunny;Moscow Mule;;;1935823;
ago-22;9;Bad Bunny;Tití Me Preguntó;;;1823228;
ago-22;10;Ak4:20, Pailita, Cris Mj;Me Arrepentí;;;1557441;
ago-22;11;Chris Jedi, Anuel AA, Chencho Corleone, Ñengo Flow;La Llevo Al Cielo (Ft. Ñengo Flow);;;1452159;
ago-22;12;KAROL G;PROVENZA;;;1330151;
ago-22;13;ROSALÍA;DESPECHÁ;;;1316336;
ago-22;14;Cris Mj;Una Noche en Medellín;;;1228431;
ago-22;15;Bad Bunny, JHAYCO;Tarot;;;1225947;
ago-22;16;Julianno Sosa, King Savagge;Cochinae;;;1204762;
ago-22;17;Polimá Westcoast, Pailita;ULTRA SOLO;;;1161116;
ago-22;18;Bad Bunny, Tony Dize;La Corriente;;;1144175;
ago-22;19;Shakira, Rauw Alejandro;Te Felicito;;;1125950;
ago-22;20;Manuel Turizo;La Bachata;;;1114708;
ago-22;21;Standly;Panamera;;;1111035;
ago-22;22;Bad Bunny, Rauw Alejandro;Party;;;1056844;
ago-22;23;El Jordan 23, Standly;Bailando;;;1053952;
ago-22;24;Duki;GIVENCHY;;;1014972;
ago-22;25;Polimá Westcoast, Young Cister, Cris Mj;SEXTIME;;;1012122;
ago-22;26;Sayian Jimmy, Standly, Yishark, Nysix Music, Tobal Mj, Benji La Maldita Escritura De Oro;Flotao;;;967592;
ago-22;27;Brytiago, Polimá Westcoast;S.O.S.;;;964909;
ago-22;28;Pailita, Cris Mj, Big Cvyu;Dime Tú;;;953274;
ago-22;29;Nickoog Clk, Standly;Que Se Hace;;;928980;
ago-22;30;Standly, Yilberking;Tequila y Limón;;;924689;
ago-22;31;Pailita, Big Cvyu;Na Na Na;;;914487;
ago-22;32;Bad Bunny;Un Ratito;;;873126;
ago-22;33;Rauw Alejandro, Chencho Corleone;Desesperados;;;868834;
ago-22;34;Cris Mj;Paz Mental;;;852651;
ago-22;35;King Savagge, L-Gante, El Jordan 23, Cris Mj, Marcianeke, Drakomafia;Pantano - Remix;;;842647;
ago-22;36;Feid;Normal;;;830587;
ago-22;37;Mora, Feid;LA INOCENTE;;;797666;
ago-22;38;El Jordan 23, Big Cvyu;Si Sako La 40;;;793523;
ago-22;39;Standly;Pégate;;;756100;
ago-22;40;Becky G, KAROL G;MAMIII;;;754439;
ago-22;41;Gino Mella, King Savagge, Best;TAY PAPO;;;741026;
ago-22;42;El Jordan 23, Big Cvyu;Noche Loca;;;720417;
ago-22;43;Bad Bunny;Después de la Playa;;;713322;
ago-22;44;Harry Styles;As It Was;;;708477;
ago-22;45;Bizarrap, Villano Antillano;Villano Antillano: Bzrp Music Sessions, Vol. 51;;;692556;
ago-22;46;Pailita, El Casti;Par de Veces;;;686673;
ago-22;47;Tainy, Bad Bunny, Julieta Venegas;Lo Siento BB:/ (with Bad Bunny & Julieta Venegas);;;670330;
ago-22;48;El Jordan 23;Anti Rana;;;648429;
ago-22;49;Martinwhite, Erreflexx;V16;;;646747;
ago-22;50;Nickoog Clk;En El Jacuzzi;;;635672;
ago-22;51;Daddy Yankee, Bad Bunny;X ÚLTIMA VEZ;;;624900;
ago-22;52;Bad Bunny;Neverita;;;618441;
ago-22;53;Gino Mella, Balbi El Chamako, El Futuro Fuera De Orbita, Lleflight, Best;Olvidona (feat. Lleflight, Best);;;612207;
ago-22;54;Kate Bush;Running Up That Hill (A Deal With God);;;583885;
ago-22;55;Bad Bunny, Buscabulla;Andrea;;;564599;
ago-22;56;Tunechikidd, Pailita, Marcianeke, Nickoog Clk, Criss J.;Sin Miedo;;;564087;
ago-22;57;Pailita, Nio Garcia;Yo Quiero;;;552469;
ago-22;58;Bad Bunny;Un Coco;;;534136;
ago-22;59;El Jordan 23, Pipo Beatz;Ando;;;522056;
ago-22;60;Standly;Bailemos Reggaeton;;;521673;
ago-22;61;Bad Bunny;Me Fui de Vacaciones;;;515040;
ago-22;62;Bizarrap, Tiago PZK;Tiago PZK: Bzrp Music Sessions, Vol. 48;;;504553;
ago-22;63;Bad Bunny;Yonaguni;;;500656;
ago-22;64;Bad Bunny;Dos Mil 16;;;498523;
ago-22;65;Alejo, Feid, ROBI;Pantysito;;;473085;
ago-22;66;Bad Bunny;Yo No Soy Celoso;;;472686;
ago-22;67;Bad Bunny;Aguacero;;;468953;
ago-22;68;Standly, El Barto;Mi Gata;;;464962;
ago-22;69;Lasso;Ojos Marrones;;;447289;
ago-22;70;Nickoog Clk, Pailita, Simon la Letra, Standly;Phillie y Botella (Remix);;;444547;
ago-22;71;La Pantera, Quevedo, Juseph, ABHIR, BEJO, Cruz Cafuné, EL IMA;Cayó La Noche (feat. Cruz Cafuné, Abhir Hathi, Bejo, EL IMA) [Remix];;;440816;
ago-22;72;Cris Mj;Como Te Va;;;432351;
ago-22;73;Cris Mj, Marcianeke, Simon la Letra, Stars Music Chile;Los Malvekes;;;425971;
ago-22;74;Pailita;Más de una Vez;;;419269;
ago-22;75;NATTI NATASHA, Daddy Yankee, Wisin & Yandel;Mayor Que Usted;;;413238;
ago-22;76;"Balbi El Chamako, El BAI, Marcianeke, Pailita, Young Cister, Jairo Vera, Harry Nach, Forest, Julianno Sosa, Franco ""El Gorilla"", Cris Mj";Ponle - Remix;;;406460;
ago-22;77;Chris Lebron, Jay Wheeler, Sech;Desde Mis Ojos - Remix;;;399065;
ago-22;78;Bad Bunny;A Tu Merced;;;398295;
ago-22;79;Mora, Sech;TUS LÁGRIMAS;;;397986;
ago-22;80;Cris Mj;Locura y Maldad;;;394652;
ago-22;81;De La Ghetto, Rauw Alejandro;Loco Por Perrearte - Remix;;;394468;
ago-22;82;Zion & Lennox;Yo Voy (feat. Daddy Yankee);;;392049;
ago-22;83;Bad Bunny;Un Verano Sin Ti;;;389449;
ago-22;84;J Balvin, Bad Bunny;LA CANCIÓN;;;388536;
ago-22;85;El Jordan 23, Endo;Los Dueños Del Malianteo;;;384489;
ago-22;86;Elton John, Dua Lipa, PNAU;Cold Heart - PNAU Remix;;;380644;
ago-22;87;Maluma, Chencho Corleone;Nos Comemos Vivos;;;379797;
ago-22;88;KEVVO, Ak4:20;Tapate;;;379507;
ago-22;89;Bad Bunny, The Marías;Otro Atardecer;;;379382;
ago-22;90;Bad Bunny;Agosto;;;378357;
ago-22;91;Rauw Alejandro, Lyanno, Brray;LOKERA;;;377369;
ago-22;92;Standly, Polimá Westcoast;Me Voy Contigo;;;376645;
ago-22;93;Daddy Yankee;RUMBATÓN;;;374677;
ago-22;94;Jairo Vera;Tarima;;;372915;
ago-22;95;Joji;Glimpse of Us;;;370678;
ago-22;96;El Barto, El Jordan 23, Standly, Drakomafia, Yong Bryel;Flaytiando;;;369028;
ago-22;97;Bad Bunny, Tainy;Callaita;;;368565;
ago-22;98;Pailita, Big Cvyu;Hooka;;;368152;
ago-22;99;Nickoog Clk;Por Ella;;;365254;
ago-22;100;Plan B;Por Que Te Demoras?;;;364634;
sept-22;1;Bizarrap, Quevedo;Quevedo: Bzrp Music Sessions, Vol. 52;;;3292215;
sept-22;2;Stars Music Chile, Cris Mj, Standly;Marisola;;;3249336;
sept-22;3;Bad Bunny;Efecto;;;2314309;
sept-22;4;Manuel Turizo;La Bachata;;;2265820;
sept-22;5;Bad Bunny, Chencho Corleone;Me Porto Bonito;;;2261956;
sept-22;6;Julianno Sosa, Endo, El Jordan 23, Noiss;PERREA KTM;;;2061434;
sept-22;7;Pailita, Young Cister;Caminemos de la Mano;;;1989711;
sept-22;8;ROSALÍA;DESPECHÁ;;;1900634;
sept-22;9;Martinwhite, Erreflexx;V16;;;1846389;
sept-22;10;Bad Bunny;Moscow Mule;;;1822826;
sept-22;11;Bad Bunny, Bomba Estéreo;Ojitos Lindos;;;1729810;
sept-22;12;Polimá Westcoast, Feid, Pailita, Paloma Mami, De La Ghetto;ULTRA SOLO REMIX;;;1686154;
sept-22;13;Young Cister;LA TERAPIA;;;1677374;
sept-22;14;Bad Bunny;Tití Me Preguntó;;;1667796;
sept-22;15;Pablito Pesadilla, Polimá Westcoast, Nickoog Clk, Fran C;BABY OTAKU;;;1485215;
sept-22;16;KAROL G, Maldy;GATÚBELA;;;1419223;
sept-22;17;Luar La L;Caile;;;1378004;
sept-22;18;Ak4:20, Pailita, Cris Mj;Me Arrepentí;;;1306345;
sept-22;19;Standly;Panamera;;;1228304;
sept-22;20;KAROL G;PROVENZA;;;1218517;
sept-22;21;Rauw Alejandro, Lyanno, Brray;LOKERA;;;1215540;
sept-22;22;Chris Jedi, Anuel AA, Chencho Corleone, Ñengo Flow;La Llevo Al Cielo (Ft. Ñengo Flow);;;1213979;
sept-22;23;Julianno Sosa, Young Cister;GANAS;;;1200756;
sept-22;24;Cris Mj;Una Noche en Medellín;;;1122134;
sept-22;25;Bad Bunny, Tony Dize;La Corriente;;;1102555;
sept-22;26;Sayian Jimmy, Standly, Yishark, Nysix Music, Tobal Mj, Benji La Maldita Escritura De Oro;Flotao;;;1078128;
sept-22;27;Bad Bunny;Neverita;;;1058782;
sept-22;28;Bad Bunny, JHAYCO;Tarot;;;1033233;
sept-22;29;Brytiago, Polimá Westcoast;S.O.S.;;;1006584;
sept-22;30;El Jordan 23;Pato Feo Soy Yo;;;980615;
sept-22;31;Standly, Yilberking;Tequila y Limón;;;966638;
sept-22;32;Polimá Westcoast, Pailita;ULTRA SOLO;;;957892;
sept-22;33;Ak4:20, King Savagge, KEVVO;NO ERES SANTA;;;956001;
sept-22;34;Mora, Feid;LA INOCENTE;;;955804;
sept-22;35;King Savagge, Noriel;Tra Tra;;;950090;
sept-22;36;El Jordan 23, Standly;Bailando;;;944862;
sept-22;37;Bad Bunny, Rauw Alejandro;Party;;;935947;
sept-22;38;Julianno Sosa, King Savagge;Cochinae;;;929275;
sept-22;39;Rels B;cómo dormiste?;;;916485;
sept-22;40;Nickoog Clk, Standly;Que Se Hace;;;874926;
sept-22;41;Feid;Si Te La Encuentras Por Ahí;;;841300;
sept-22;42;Pailita, Cris Mj, Big Cvyu;Dime Tú;;;839297;
sept-22;43;Feid;Normal;;;824299;
sept-22;44;Pailita, Big Cvyu;Na Na Na;;;818269;
sept-22;45;Shakira, Rauw Alejandro;Te Felicito;;;812842;
sept-22;46;Polimá Westcoast, Young Cister, Cris Mj;SEXTIME;;;787444;
sept-22;47;Rauw Alejandro, Chencho Corleone;Desesperados;;;760829;
sept-22;48;Gino Mella, King Savagge, Best;TAY PAPO;;;758961;
sept-22;49;Bad Bunny;Un Ratito;;;755693;
sept-22;50;Anuel AA;Mercedes Tintia;;;698223;
sept-22;51;Harry Styles;As It Was;;;646987;
sept-22;52;Becky G, KAROL G;MAMIII;;;645264;
sept-22;53;Standly;Pégate;;;627829;
sept-22;54;Feid;Feliz Cumpleaños Ferxxo;;;627774;
sept-22;55;Cris Mj;Paz Mental;;;615142;
sept-22;56;BLACKPINK;Pink Venom;;;610098;
sept-22;57;King Savagge, L-Gante, El Jordan 23, Cris Mj, Marcianeke, Drakomafia;Pantano - Remix;;;577683;
sept-22;58;Gino Mella, Balbi El Chamako, El Futuro Fuera De Orbita, Lleflight, Best;Olvidona (feat. Lleflight, Best);;;571281;
sept-22;59;El Jordan 23, Big Cvyu;Si Sako La 40;;;570558;
sept-22;60;Bad Bunny;Después de la Playa;;;568015;
sept-22;61;Standly;Bailemos Reggaeton;;;565168;
sept-22;62;Tainy, Bad Bunny, Julieta Venegas;Lo Siento BB:/ (with Bad Bunny & Julieta Venegas);;;564502;
sept-22;63;El Jordan 23, Big Cvyu;Noche Loca;;;547167;
sept-22;64;Nickoog Clk;Callate Perro;;;546754;
sept-22;65;Standly;Baila para Mi;;;543667;
sept-22;66;Bad Bunny;Yonaguni;;;540937;
sept-22;67;Bad Bunny;Un Coco;;;518937;
sept-22;68;Pailita, El Casti;Par de Veces;;;489052;
sept-22;69;Nickoog Clk;En El Jacuzzi;;;487300;
sept-22;70;Pailita, Nio Garcia;Yo Quiero;;;485886;
sept-22;71;Jairo Vera;Tarima;;;461214;
sept-22;72;Duki;GIVENCHY;;;460647;
sept-22;73;Bizarrap, Villano Antillano;Villano Antillano: Bzrp Music Sessions, Vol. 51;;;452892;
sept-22;74;Zion & Lennox;Yo Voy (feat. Daddy Yankee);;;451548;
sept-22;75;Plan B;Por Que Te Demoras?;;;449796;
sept-22;76;Bad Bunny;Dos Mil 16;;;449463;
sept-22;77;De La Ghetto, Rauw Alejandro;Loco Por Perrearte - Remix;;;447856;
sept-22;78;Myke Towers, JHAYCO;Ande Con Quien Ande;;;446495;
sept-22;79;Bad Bunny, Buscabulla;Andrea;;;439666;
sept-22;80;Plan B;Es un Secreto;;;436112;
sept-22;81;Bad Bunny;Me Fui de Vacaciones;;;436093;
sept-22;82;El Jordan 23;Anti Rana;;;433625;
sept-22;83;Tunechikidd, Pailita, Marcianeke, Nickoog Clk, Criss J.;Sin Miedo;;;425227;
sept-22;84;Lasso;Ojos Marrones;;;421292;
sept-22;85;Nickoog Clk, Pailita, Simon la Letra, Standly;Phillie y Botella (Remix);;;416560;
sept-22;86;NATTI NATASHA, Daddy Yankee, Wisin & Yandel;Mayor Que Usted;;;415080;
sept-22;87;El Jordan 23, Pipo Beatz;Ando;;;413382;
sept-22;88;Alejo, Feid, ROBI;Pantysito;;;412081;
sept-22;89;Piso 21, Manuel Turizo;Los Cachos;;;409649;
sept-22;90;Bizarrap, Tiago PZK;Tiago PZK: Bzrp Music Sessions, Vol. 48;;;408789;
sept-22;91;Daddy Yankee, Bad Bunny;X ÚLTIMA VEZ;;;407349;
sept-22;92;Gino Mella, Sayian Jimmy, Best;Quiero Pelarme;;;402670;
sept-22;93;Elton John, Dua Lipa, PNAU;Cold Heart - PNAU Remix;;;400665;
sept-22;94;Bad Bunny;A Tu Merced;;;397519;
sept-22;95;J Balvin, Bad Bunny;LA CANCIÓN;;;396726;
sept-22;96;Chris Lebron, Jay Wheeler, Sech;Desde Mis Ojos - Remix;;;396572;
sept-22;97;Maluma, Chencho Corleone;Nos Comemos Vivos;;;396465;
sept-22;98;Bad Bunny;Aguacero;;;395525;
sept-22;99;Bad Bunny;Yo No Soy Celoso;;;394373;
sept-22;100;El Alfa, Noriel, Trueno;Los Aparatos;;;393751;
oct-22;1;Pablito Pesadilla, Polimá Westcoast, Nickoog Clk, Fran C;BABY OTAKU;;;2763479;
oct-22;2;Stars Music Chile, Cris Mj, Standly;Marisola;;;2686533;
oct-22;3;Manuel Turizo;La Bachata;;;2581760;
oct-22;4;Bizarrap, Quevedo;Quevedo: Bzrp Music Sessions, Vol. 52;;;2327252;
oct-22;5;Bad Bunny, Chencho Corleone;Me Porto Bonito;;;1799092;
oct-22;6;Bad Bunny;Efecto;;;1754893;
oct-22;7;Julianno Sosa, Young Cister;GANAS;;;1721064;
oct-22;8;Quevedo;VISTA AL MAR;;;1688017;
oct-22;9;Bad Bunny;Moscow Mule;;;1469927;
oct-22;10;Bad Bunny, Bomba Estéreo;Ojitos Lindos;;;1446719;
oct-22;11;Rauw Alejandro, Lyanno, Brray;LOKERA;;;1369464;
oct-22;12;Julianno Sosa, Endo, El Jordan 23, Noiss;PERREA KTM;;;1357876;
oct-22;13;Feid;Feliz Cumpleaños Ferxxo;;;1344814;
oct-22;14;Bad Bunny;Tití Me Preguntó;;;1336584;
oct-22;15;Young Cister;LA TERAPIA;;;1299185;
oct-22;16;ROSALÍA;DESPECHÁ;;;1280947;
oct-22;17;Polimá Westcoast, Feid, Pailita, Paloma Mami, De La Ghetto;ULTRA SOLO REMIX;;;1250516;
oct-22;18;Pailita, Young Cister;Caminemos de la Mano;;;1185434;
oct-22;19;Luar La L;Caile;;;1149867;
oct-22;20;Standly;Panamera;;;1143052;
oct-22;21;Ak4:20;SE ENDIABLA;;;1132219;
oct-22;22;Bad Bunny;Neverita;;;1110282;
oct-22;23;El Jordan 23;Bakanisimo;;;1097226;
oct-22;24;KAROL G, Maldy;GATÚBELA;;;1077913;
oct-22;25;Polimá Westcoast, J Balvin;KAWAII;;;1035816;
oct-22;26;Martinwhite, Erreflexx;V16;;;1019203;
oct-22;27;Wisin & Yandel, ROSALÍA;Besos Moja2;;;981543;
oct-22;28;Ak4:20, Pailita, Cris Mj;Me Arrepentí;;;962577;
oct-22;29;Bad Bunny, Tony Dize;La Corriente;;;932485;
oct-22;30;Cris Mj;Una Noche en Medellín;;;928205;
oct-22;31;KAROL G;PROVENZA;;;927277;
oct-22;32;Bad Bunny, JHAYCO;Tarot;;;874331;
oct-22;33;Mora, Feid;LA INOCENTE;;;868156;
oct-22;34;El BAI, Cris Mj, SowlBeatz;Pensándote;;;865134;
oct-22;35;El Jordan 23, Standly;Bailando;;;843630;
oct-22;36;Pailita;Parcera;;;834288;
oct-22;37;Feid;Normal;;;817365;
oct-22;38;Feid;Prohibidox;;;798483;
oct-22;39;Standly;Pégate;;;791160;
oct-22;40;Chris Jedi, Anuel AA, Chencho Corleone, Ñengo Flow;La Llevo Al Cielo (Ft. Ñengo Flow);;;782846;
oct-22;41;Cris Mj, Jory Boy;Suburban;;;767925;
oct-22;42;Bad Bunny, Rauw Alejandro;Party;;;760246;
oct-22;43;Brytiago, Polimá Westcoast;S.O.S.;;;755786;
oct-22;44;Pailita, Cris Mj, Big Cvyu;Dime Tú;;;749100;
oct-22;45;Sayian Jimmy, Standly, Yishark, Nysix Music, Tobal Mj, Benji La Maldita Escritura De Oro;Flotao;;;746738;
oct-22;46;El Jordan 23;Pato Feo Soy Yo;;;738349;
oct-22;47;Standly, Yilberking;Tequila y Limón;;;730329;
oct-22;48;Julianno Sosa, King Savagge;Cochinae;;;729022;
oct-22;49;Polimá Westcoast, Pailita;ULTRA SOLO;;;725678;
oct-22;50;Daddy Yankee, Bad Bunny;X ÚLTIMA VEZ;;;710861;
oct-22;51;Standly;Baila para Mi;;;695661;
oct-22;52;Polimá Westcoast, Young Cister, Cris Mj;SEXTIME;;;690748;
oct-22;53;King Savagge, Noriel;Tra Tra;;;659739;
oct-22;54;Pailita, Big Cvyu;Na Na Na;;;659155;
oct-22;55;Cris Mj, Fran C;Bellakera;;;650674;
oct-22;56;Nickoog Clk, Standly;Que Se Hace;;;643197;
oct-22;57;Sam Smith, Kim Petras;Unholy (feat. Kim Petras);;;630637;
oct-22;58;Daddy Yankee;RUMBATÓN;;;620231;
oct-22;59;Rels B;cómo dormiste?;;;617214;
oct-22;60;Rauw Alejandro, Chencho Corleone;Desesperados;;;605007;
oct-22;61;Shakira, Rauw Alejandro;Te Felicito;;;593069;
oct-22;62;Feid;Si Te La Encuentras Por Ahí;;;581785;
oct-22;63;Harry Styles;As It Was;;;572959;
oct-22;64;Becky G, KAROL G;MAMIII;;;559902;
oct-22;65;Jairo Vera;Tarima;;;556917;
oct-22;66;Bad Bunny;Un Ratito;;;553368;
oct-22;67;Rauw Alejandro, Baby Rasta;PUNTO 40;;;519565;
oct-22;68;Cris Mj;Paz Mental;;;519075;
oct-22;69;Bad Bunny;Yonaguni;;;500786;
oct-22;70;Gino Mella, King Savagge, Best;TAY PAPO;;;489804;
oct-22;71;Standly;Bailemos Reggaeton;;;486167;
oct-22;72;Coldplay;Yellow;;;474086;
oct-22;73;El Jordan 23, Big Cvyu;Noche Loca;;;469171;
oct-22;74;Ak4:20, King Savagge, KEVVO;NO ERES SANTA;;;468280;
oct-22;75;Anuel AA;Mercedes Tintia;;;458351;
oct-22;76;El Jordan 23, Big Cvyu;Si Sako La 40;;;451658;
oct-22;77;Plan B;Por Que Te Demoras?;;;450672;
oct-22;78;Jairo Vera, Darkiel, Gino Mella, Best, Bayriton;ADICTO (feat. Best, Bayriton);;;445641;
oct-22;79;Bad Bunny;Después de la Playa;;;443904;
oct-22;80;Bad Bunny, Daddy Yankee;La Santa;;;443471;
oct-22;81;Pailita, Nio Garcia;Yo Quiero;;;426813;
oct-22;82;Daddy Yankee;REMIX;;;422189;
oct-22;83;Pailita, El Casti;Par de Veces;;;419860;
oct-22;84;J Balvin, Bad Bunny;LA CANCIÓN;;;419564;
oct-22;85;Plan B;Es un Secreto;;;419421;
oct-22;86;Bad Bunny;Un Coco;;;417146;
oct-22;87;Piso 21, Manuel Turizo;Los Cachos;;;414632;
oct-22;88;Zion & Lennox;Yo Voy (feat. Daddy Yankee);;;412487;
oct-22;89;Feid;Ferxxo 100;;;410857;
oct-22;90;NATTI NATASHA, Daddy Yankee, Wisin & Yandel;Mayor Que Usted;;;404373;
oct-22;91;Tego Calderón;Pa' Que Retozen;;;404337;
oct-22;92;Nickoog Clk;Callate Perro;;;402333;
oct-22;93;Nickoog Clk;En El Jacuzzi;;;398529;
oct-22;94;Elton John, Dua Lipa, PNAU;Cold Heart - PNAU Remix;;;396853;
oct-22;95;De La Ghetto, Rauw Alejandro;Loco Por Perrearte - Remix;;;395975;
oct-22;96;BLACKPINK;Shut Down;;;394873;
oct-22;97;Daddy Yankee;Gasolina;;;393583;
oct-22;98;Tainy, Bad Bunny, Julieta Venegas;Lo Siento BB:/ (with Bad Bunny & Julieta Venegas);;;378664;
oct-22;99;Cris Mj;Locura y Maldad;;;375474;
oct-22;100;Bad Bunny;Dos Mil 16;;;375084;
nov-22;1;Cris Mj, Tiago PZK;Fiera;;;2570669;
nov-22;2;Manuel Turizo;La Bachata;;;2419239;
nov-22;3;Pailita, El Jordan 23, Noriel, Pablo Chill-E;Na Na Na - Remix;;;2354987;
nov-22;4;Stars Music Chile, Cris Mj, Standly;Marisola;;;2230132;
nov-22;5;Bad Bunny, Chencho Corleone;Me Porto Bonito;;;2027052;
nov-22;6;Pablito Pesadilla, Polimá Westcoast, Nickoog Clk, Fran C;BABY OTAKU;;;2007205;
nov-22;7;Ozuna, Feid;Hey Mor;;;1946764;
nov-22;8;Bizarrap, Quevedo;Quevedo: Bzrp Music Sessions, Vol. 52;;;1931581;
nov-22;9;Bad Bunny;Efecto;;;1917127;
nov-22;10;Shakira, Ozuna;Monotonía;;;1611932;
nov-22;11;Bad Bunny;Moscow Mule;;;1576329;
nov-22;12;Bad Bunny, Bomba Estéreo;Ojitos Lindos;;;1566634;
nov-22;13;Quevedo;VISTA AL MAR;;;1560399;
nov-22;14;Feid;Feliz Cumpleaños Ferxxo;;;1558545;
nov-22;15;Julianno Sosa, Young Cister;GANAS;;;1477044;
nov-22;16;Bad Bunny;Tití Me Preguntó;;;1420851;
nov-22;17;Rauw Alejandro, Lyanno, Brray;LOKERA;;;1402414;
nov-22;18;Bad Bunny;Neverita;;;1289697;
nov-22;19;ROSALÍA;DESPECHÁ;;;1286170;
nov-22;20;Rauw Alejandro, Baby Rasta;PUNTO 40;;;1265974;
nov-22;21;Young Cister;LA TERAPIA;;;1194593;
nov-22;22;Pailita;Parcera;;;1166118;
nov-22;23;Jairo Vera, Darkiel, Gino Mella, Best, Bayriton;ADICTO (feat. Best, Bayriton);;;1090902;
nov-22;24;Polimá Westcoast, Feid, Pailita, Paloma Mami, De La Ghetto;ULTRA SOLO REMIX;;;1062969;
nov-22;25;Bad Bunny, Tony Dize;La Corriente;;;1061621;
nov-22;26;Ak4:20;SE ENDIABLA;;;1034746;
nov-22;27;Wisin & Yandel, ROSALÍA;Besos Moja2;;;1023587;
nov-22;28;JC Reyes, Pablo Chill-E, ECKO;34 Amor y Mafia REMIX;;;1000411;
nov-22;29;Luar La L;Caile;;;964213;
nov-22;30;Nickoog Clk;Salimos Del Tarro;;;952538;
nov-22;31;Bad Bunny, JHAYCO;Tarot;;;938203;
nov-22;32;Julianno Sosa, Endo, El Jordan 23, Noiss;PERREA KTM;;;934117;
nov-22;33;Martinwhite, Erreflexx;V16;;;922476;
nov-22;34;Standly;Panamera;;;915294;
nov-22;35;Mora, Feid;LA INOCENTE;;;913691;
nov-22;36;Bad Bunny, Rauw Alejandro;Party;;;904001;
nov-22;37;KAROL G, Maldy;GATÚBELA;;;899488;
nov-22;38;Pailita, Young Cister;Caminemos de la Mano;;;894240;
nov-22;39;Cris Mj;Una Noche en Medellín;;;881212;
nov-22;40;Feid;Normal;;;865058;
nov-22;41;JHAYCO, Feid, Sech;En La De Ella;;;858092;
nov-22;42;El Jordan 23;Bakanisimo;;;829632;
nov-22;43;KAROL G;PROVENZA;;;826329;
nov-22;44;Ak4:20, Pailita, Cris Mj;Me Arrepentí;;;806617;
nov-22;45;Standly;Pégate;;;781535;
nov-22;46;El Jordan 23, Standly;Bailando;;;754024;
nov-22;47;Standly;Baila para Mi;;;753281;
nov-22;48;El BAI, Cris Mj, SowlBeatz;Pensándote;;;732207;
nov-22;49;Bad Bunny;Yonaguni;;;701619;
nov-22;50;Cris Mj, Fran C;Bellakera;;;694624;
nov-22;51;Shakira, Rauw Alejandro;Te Felicito;;;665731;
nov-22;52;Rauw Alejandro, Chencho Corleone;Desesperados;;;654004;
nov-22;53;Bad Bunny;Un Ratito;;;649878;
nov-22;54;Bad Bunny;Después de la Playa;;;642568;
nov-22;55;Polimá Westcoast, J Balvin;KAWAII;;;641887;
nov-22;56;J Balvin, Bad Bunny;LA CANCIÓN;;;590848;
nov-22;57;Chris Jedi, Anuel AA, Chencho Corleone, Ñengo Flow;La Llevo Al Cielo (Ft. Ñengo Flow);;;590059;
nov-22;58;Bad Bunny;Un Coco;;;582407;
nov-22;59;King Savagge, Noriel;Tra Tra;;;580332;
nov-22;60;Bayron Fire, Nickoog Clk, Balbi El Chamako, Jairo Vera, Bayriton, Tommy Boysen;Hay Amores Que Matan - Remix;;;555767;
nov-22;61;Polimá Westcoast, Young Cister, Cris Mj;SEXTIME;;;552335;
nov-22;62;Morat, Feid;Salir Con Vida;;;551301;
nov-22;63;Becky G, KAROL G;MAMIII;;;550654;
nov-22;64;Polimá Westcoast, Pailita;ULTRA SOLO;;;549941;
nov-22;65;Feid;Prohibidox;;;549532;
nov-22;66;Harry Styles;As It Was;;;543251;
nov-22;67;Bad Bunny, Daddy Yankee;La Santa;;;525372;
nov-22;68;Julianno Sosa, King Savagge;Cochinae;;;522105;
nov-22;69;Standly, Yilberking;Tequila y Limón;;;519714;
nov-22;70;Sayian Jimmy, Standly, Yishark, Nysix Music, Tobal Mj, Benji La Maldita Escritura De Oro;Flotao;;;509717;
nov-22;71;Cris Mj;Paz Mental;;;501167;
nov-22;72;Bad Bunny, JHAYCO;DÁKITI;;;499834;
nov-22;73;Nickoog Clk, Standly;Que Se Hace;;;499011;
nov-22;74;Pailita, Cris Mj, Big Cvyu;Dime Tú;;;495306;
nov-22;75;Cris Mj, Jory Boy;Suburban;;;491749;
nov-22;76;Sam Smith, Kim Petras;Unholy (feat. Kim Petras);;;491388;
nov-22;77;Brytiago, Polimá Westcoast;S.O.S.;;;485194;
nov-22;78;Daddy Yankee, Bad Bunny;X ÚLTIMA VEZ;;;463760;
nov-22;79;Taylor Swift;Anti-Hero;;;456067;
nov-22;80;Plan B;Por Que Te Demoras?;;;453298;
nov-22;81;Bad Bunny;A Tu Merced;;;449832;
nov-22;82;Rels B;cómo dormiste?;;;446193;
nov-22;83;Plan B;Es un Secreto;;;445145;
nov-22;84;Ak4:20;RELAX CON MAX - Spotify Singles;;;443101;
nov-22;85;El Jordan 23;Pato Feo Soy Yo;;;442133;
nov-22;86;Jairo Vera;Tarima;;;441964;
nov-22;87;Gino Mella, King Savagge, Best;TAY PAPO;;;441363;
nov-22;88;Bad Bunny;Dos Mil 16;;;439856;
nov-22;89;Bad Bunny;Un Verano Sin Ti;;;433705;
nov-22;90;Piso 21, Manuel Turizo;Los Cachos;;;426881;
nov-22;91;Bad Bunny, Tainy;Callaita;;;421862;
nov-22;92;Tainy, Bad Bunny, Julieta Venegas;Lo Siento BB:/ (with Bad Bunny & Julieta Venegas);;;420350;
nov-22;93;Morat;No Se Va;;;419159;
nov-22;94;Feid;Ferxxo 100;;;418275;
nov-22;95;Standly;Bailemos Reggaeton;;;408778;
nov-22;96;Tego Calderón;Pa' Que Retozen;;;408125;
nov-22;97;Pailita, Big Cvyu;Na Na Na;;;403163;
nov-22;98;Bad Bunny;Yo No Soy Celoso;;;402897;
nov-22;99;Zion & Lennox;Yo Voy (feat. Daddy Yankee);;;397269;
nov-22;100;Bad Bunny;Enséñame a Bailar;;;389293;
dic-22;1;Ozuna, Feid;Hey Mor;;;2604826;
dic-22;2;Manuel Turizo;La Bachata;;;2250665;
dic-22;3;Cris Mj, Pablo Chill-E;Como Tu Ninguna - Remix;;;1839842;
dic-22;4;Pailita, El Jordan 23, Noriel, Pablo Chill-E;Na Na Na - Remix;;;1748257;
dic-22;5;ITHAN NY, Tunechikidd, Nickoog Clk;TU DIABLO;;;1740750;
dic-22;6;Bizarrap, Quevedo;Quevedo: Bzrp Music Sessions, Vol. 52;;;1738597;
dic-22;7;Stars Music Chile, Cris Mj, Standly;Marisola;;;1694470;
dic-22;8;Feid;Feliz Cumpleaños Ferxxo;;;1601271;
dic-22;9;Bad Bunny, Chencho Corleone;Me Porto Bonito;;;1565184;
dic-22;10;Bad Bunny;Efecto;;;1518164;
dic-22;11;Quevedo;VISTA AL MAR;;;1508840;
dic-22;12;Cris Mj, Tiago PZK;Fiera;;;1494229;
dic-22;13;Polimá Westcoast, Quevedo, Mora;LACONE;;;1474892;
dic-22;14;Rauw Alejandro, Lyanno, Brray;LOKERA;;;1407133;
dic-22;15;Pablito Pesadilla, Polimá Westcoast, Nickoog Clk, Fran C;BABY OTAKU;;;1342624;
dic-22;16;Wisin & Yandel, ROSALÍA;Besos Moja2;;;1279507;
dic-22;17;El Punto40, Marcianeke;Mini Mini;;;1262294;
dic-22;18;Pailita;Parcera;;;1259423;
dic-22;19;Bad Bunny, Bomba Estéreo;Ojitos Lindos;;;1238737;
dic-22;20;Rauw Alejandro, Baby Rasta;PUNTO 40;;;1201544;
dic-22;21;Julianno Sosa, Young Cister;GANAS;;;1189218;
dic-22;22;KAROL G, Ovy On The Drums;CAIRO;;;1125927;
dic-22;23;Bad Bunny;Moscow Mule;;;1118063;
dic-22;24;Bad Bunny;Tití Me Preguntó;;;1106348;
dic-22;25;ROSALÍA;DESPECHÁ;;;1059503;
dic-22;26;Shakira, Ozuna;Monotonía;;;1048008;
dic-22;27;Jairo Vera, Darkiel, Gino Mella, Best, Bayriton;ADICTO (feat. Best, Bayriton);;;1031250;
dic-22;28;Bad Bunny;Neverita;;;1030768;
dic-22;29;Cris Mj, Ak4:20;Sin Seguro;;;1014051;
dic-22;30;Feid, Ak4:20, Taiko;Malibu;;;973764;
dic-22;31;Polimá Westcoast, Feid, Pailita, Paloma Mami, De La Ghetto;ULTRA SOLO REMIX;;;939260;
dic-22;32;Quevedo;PUNTO G;;;884585;
dic-22;33;Cris Mj, Fran C;Bellakera;;;871599;
dic-22;34;Mora, Feid;LA INOCENTE;;;868682;
dic-22;35;Cris Mj;Solita;;;861498;
dic-22;36;Bizarrap, Duki;Duki: Bzrp Music Sessions, Vol. 50;;;852769;
dic-22;37;Feid;Normal;;;848495;
dic-22;38;Cris Mj;Una Noche en Medellín;;;804352;
dic-22;39;Cris Mj, Blessd;Gucci en Paris;;;790887;
dic-22;40;Luar La L;Caile;;;781551;
dic-22;41;Bad Bunny, Tony Dize;La Corriente;;;781040;
dic-22;42;Young Cister;LA TERAPIA;;;775553;
dic-22;43;KAROL G, Maldy;GATÚBELA;;;766098;
dic-22;44;JHAYCO, Feid, Sech;En La De Ella;;;751582;
dic-22;45;Standly;Panamera;;;742351;
dic-22;46;KAROL G;PROVENZA;;;738705;
dic-22;47;Young Cister, Nicki Nicole, Alvaro Diaz;LA TERAPIA REMIX;;;737034;
dic-22;48;Ak4:20;SE ENDIABLA;;;734150;
dic-22;49;Ak4:20, Pailita, Cris Mj;Me Arrepentí;;;726751;
dic-22;50;Martinwhite, Erreflexx;V16;;;693164;
dic-22;51;Pailita, Young Cister;Caminemos de la Mano;;;660300;
dic-22;52;Cris Mj;Toma Toma;;;643711;
dic-22;53;Bad Bunny, JHAYCO;Tarot;;;642928;
dic-22;54;Nickoog Clk;Salimos Del Tarro;;;642840;
dic-22;55;Julianno Sosa, Endo, El Jordan 23, Noiss;PERREA KTM;;;641909;
dic-22;56;Harry Styles;As It Was;;;635062;
dic-22;57;JC Reyes, Pablo Chill-E, ECKO;34 Amor y Mafia REMIX;;;633037;
dic-22;58;Rauw Alejandro, Chencho Corleone;Desesperados;;;621613;
dic-22;59;El Jordan 23, Standly;Bailando;;;610847;
dic-22;60;Shakira, Rauw Alejandro;Te Felicito;;;582668;
dic-22;61;El Jordan 23;Bakanisimo;;;581040;
dic-22;62;Bad Bunny, Rauw Alejandro;Party;;;576436;
dic-22;63;El BAI, Cris Mj, SowlBeatz;Pensándote;;;575503;
dic-22;64;Bad Bunny;Yonaguni;;;563656;
dic-22;65;Cris Mj, Magicenelbeat;Perreo;;;563433;
dic-22;66;Standly;Pégate;;;545855;
dic-22;67;Standly;Baila para Mi;;;545608;
dic-22;68;Cris Mj, Magicenelbeat;Famoso;;;540150;
dic-22;69;Cris Mj, Jory Boy;Suburban;;;538774;
dic-22;70;Chris Jedi, Anuel AA, Chencho Corleone, Ñengo Flow;La Llevo Al Cielo (Ft. Ñengo Flow);;;536897;
dic-22;71;Polimá Westcoast, Pailita;ULTRA SOLO;;;509812;
dic-22;72;Cris Mj;Paz Mental;;;507216;
dic-22;73;Paulo Londra, Feid;A Veces (feat. Feid);;;505816;
dic-22;74;Cris Mj;Las Jordan;;;495797;
dic-22;75;Piso 21, Manuel Turizo;Los Cachos;;;491126;
dic-22;76;Pailita, Magicenelbeat;Vuelve;;;489076;
dic-22;77;Feid;Prohibidox;;;483752;
dic-22;78;Becky G, KAROL G;MAMIII;;;482330;
dic-22;79;Pailita, Cris Mj, Big Cvyu;Dime Tú;;;466190;
dic-22;80;Bad Bunny;Un Ratito;;;464300;
dic-22;81;J Balvin, Bad Bunny;LA CANCIÓN;;;453082;
dic-22;82;Rels B;cómo dormiste?;;;444787;
dic-22;83;Cris Mj;Envuelto;;;430510;
dic-22;84;Bad Bunny;Un Coco;;;429177;
dic-22;85;Standly;Reggaetón;;;419253;
dic-22;86;Arcángel;JS4E;;;412581;
dic-22;87;Cris Mj;Matemos las Ganas;;;412528;
dic-22;88;Standly, Yilberking;Tequila y Limón;;;409416;
dic-22;89;Plan B;Es un Secreto;;;407755;
dic-22;90;Morat;No Se Va;;;406789;
dic-22;91;El Jordan 23;Prendiendo Blones;;;405166;
dic-22;92;Sam Smith, Kim Petras;Unholy (feat. Kim Petras);;;403110;
dic-22;93;Lucky Brown, King Savagge, ITHAN NY, Balbi El Chamako, Giuliano Yankees;Bambini;;;401830;
dic-22;94;Bayron Fire, Nickoog Clk, Balbi El Chamako, Jairo Vera, Bayriton, Tommy Boysen;Hay Amores Que Matan - Remix;;;401000;
dic-22;95;King Savagge, Noriel;Tra Tra;;;399812;
dic-22;96;Feid;Ferxxo 100;;;399636;
dic-22;97;Bad Bunny;Después de la Playa;;;391796;
dic-22;98;Bad Bunny, Daddy Yankee;La Santa;;;389801;
dic-22;99;Jairo Vera;Tarima;;;387068;
dic-22;100;Sayian Jimmy, Standly, Yishark, Nysix Music, Tobal Mj, Benji La Maldita Escritura De Oro;Flotao;;;386218;
