Fecha;Medio;Año;Posición;Artista;Canción;Nacionalidad;Genero
Enero;Spotify;2022;1;Standly;Pégate;CL;Urbano
Enero;Spotify;2022;2;Rauw Alejandro, Chencho Corleone;Desesperados;PR, PR;Urbano
Enero;Spotify;2022;3;Standly, El Barto;Mi Gata;CL, CL;Urbano
Enero;Spotify;2022;4;Cris Mj, Marcianeke, Simon la Letra, Stars Music Chile;Los Malvekes;CL, CL;Urbano
Enero;Spotify;2022;5;Tainy, Bad Bunny, Julieta Venegas;Lo Siento BB:/ (with Bad Bunny & Julieta Venegas);PR, PR, MX;Urbano
Enero;Spotify;2022;6;Bad Bunny;Yonaguni;PR;Urbano
Enero;Spotify;2022;7;Blessd, Justin Quiles, Lenny Tavárez;Medallo;CO, PR, PR;Urbano
Enero;Spotify;2022;8;Boza, Lunay, Lenny Tavárez, Juhn, Beéle;Ella - Remix;PA, PR, PR, PR, CO;Urbano
Enero;Spotify;2022;9;JOSEPE EL DEMENTE, Sayian Jimmy;Morena Cachetona;CL, CL;Urbano
Enero;Spotify;2022;10;Marcianeke;Qué Pasa?;CL;Urbano
Enero;Spotify;2022;11;Cris Mj;Una Noche en Medellín;CL;Urbano
Enero;Spotify;2022;12;Aventura, Bad Bunny;Volví;US, PR;Latino/Tropical
Enero;Spotify;2022;13;Polimá Westcoast, Pablo Chill-E, Harry Nach, Galee Galee, ITHAN NY;MONEYMAN (feat. Galee Galee & ITHAN NY);CL, CL, CL, CL;Urbano
Enero;Spotify;2022;14;Anuel AA, Myke Towers, JHAYCO;Súbelo;PR, PR, PR;Urbano
Enero;Spotify;2022;15;Young Cister;Casi Amor De Verano;CL;Urbano
Enero;Spotify;2022;16;JHAYCO, Anuel AA;Ley Seca;PR, PR;Urbano
Enero;Spotify;2022;17;Tiago PZK, LIT killah, Maria Becerra, Nicki Nicole;Entre Nosotros (Remix) [con Nicki Nicole];AR, AR, AR;Urbano
Enero;Spotify;2022;18;Pailita, Marcianeke;Dimelo Ma;CL;Urbano
Enero;Spotify;2022;19;Bizarrap, Tiago PZK;Tiago PZK: Bzrp Music Sessions, Vol. 48;AR, AR;Urbano
Enero;Spotify;2022;20;Rvssian, Rauw Alejandro, Chris Brown;Nostálgico;JM, PR, US;Urbano
Enero;Spotify;2022;21;Elton John, Dua Lipa, PNAU;Cold Heart - PNAU Remix;GB, GB, AU;Pop
Enero;Spotify;2022;22;zzoilo, Aitana;Mon Amour - Remix;ES, ES;Pop
Enero;Spotify;2022;23;Alvaro Diaz, Rauw Alejandro;Problemón;PR, PR;Urbano
Enero;Spotify;2022;24;Nickoog Clk, Izahn, Standly;Mi Waxita;CL, CL;Urbano
Enero;Spotify;2022;25;ITHAN NY, Marcianeke;Las Naik;CL, CL;Urbano
Enero;Spotify;2022;26;Mora, Bad Bunny, Sech;Volando - Remix;SE, PR, PA;Urbano
Enero;Spotify;2022;27;Cris Mj;Locura y Maldad;CL;Urbano
Enero;Spotify;2022;28;Bad Bunny, JHAYCO;DÁKITI;PR, PR;Urbano
Enero;Spotify;2022;29;El Barto, El Jordan 23, Standly, Drakomafia, Yong Bryel;Flaytiando;CL, CL, CL, CL. CL;Urbano
Enero;Spotify;2022;30;Tiago PZK, Trueno;Salimo de Noche;AR, AR;Urbano
Enero;Spotify;2022;31;Adan La Amenaza, Yohancito, Marcianeke, El BAI, Pailita, Yordano El Menor, Balbi El Chamako, Jairo Vera, King Savagge;Dele Cotele 3;CL, CL, CL;Urbano
Enero;Spotify;2022;32;TINI, L-Gante;Bar;AR;Urbano
Enero;Spotify;2022;33;Arte Elegante, Marcianeke;En las Malas y Buenas;CL;Urbano
Enero;Spotify;2022;34;Harry Nach, Marcianeke;¿Por Qué Te Enojái?;CL;Urbano
Enero;Spotify;2022;35;Randy, Ape Drums;23 (With Ape Drums);US, US;Urbano
Enero;Spotify;2022;36;Farruko;Pepas;PR;Urbano
Enero;Spotify;2022;37;Polimá Westcoast, Pablo Chill-E, Arón Piper;Cu4tro;CL, CL;Urbano
Enero;Spotify;2022;38;Dímelo Flow, Dalex, Sech, Justin Quiles, Arcángel, De La Ghetto, Lenny Tavárez;Se Le Ve;PA, PR, PA, PR, PR, PR, PR;Urbano
Enero;Spotify;2022;39;Myke Towers;ALMAS GEMELAS;PR;Urbano
Enero;Spotify;2022;40;J Balvin, Sech;Una Nota;CO, PA;Urbano
Enero;Spotify;2022;41;Nio Garcia, J Balvin, Bad Bunny;AM Remix;PR, CO, PR;Urbano
Enero;Spotify;2022;42;Rauw Alejandro;Todo De Ti;PR;Urbano
Enero;Spotify;2022;43;Drago200, Ak4:20;TOTA;CL;Urbano
Enero;Spotify;2022;44;Maluma;Sobrio;CO;Urbano
Enero;Spotify;2022;45;Trueno;DANCE CRIP;AR;Urbano
Enero;Spotify;2022;46;Balbi El Chamako, Marcianeke, El BAI;Ponle;CL, CL, CL;Urbano
Enero;Spotify;2022;47;Rauw Alejandro;Cúrame;PR;Urbano
Enero;Spotify;2022;48;TINI, Maria Becerra;Miénteme;AR, AR;Pop
Enero;Spotify;2022;49;Bad Bunny;A Tu Merced;PR;Urbano
Enero;Spotify;2022;50;Tiago PZK, LIT killah;Entre Nosotros;AR;Urbano
Enero;Spotify;2022;51;Pailita, Big Cvyu;Hooka;CL, CL, CL;Urbano
Enero;Spotify;2022;52;Galee Galee, Harry Nach, Pablo Chill-E;Big Cut;CL, CL;Urbano
Enero;Spotify;2022;53;KAROL G;SEJODIOTO;CO;Urbano
Enero;Spotify;2022;54;Sebastian Yatra, Myke Towers;Pareja Del Año;CO, PR;Urbano
Enero;Spotify;2022;55;Sebastian Yatra;Tacones Rojos;CO;Urbano
Enero;Spotify;2022;56;Bad Bunny;120;PR;Urbano
Enero;Spotify;2022;57;CKay, Dj Yo!, AX'EL;love nwantiti (feat. Dj Yo! & AX'EL) - Remix;NG, MU;Latino/Tropical
Enero;Spotify;2022;58;Imagine Dragons, JID, Arcane, League of Legends;Enemy (with JID) - from the series Arcane League of Legends;US, US, GB;Pop
Enero;Spotify;2022;59;J Balvin, Maria Becerra;Qué Más Pues?;CO, AR;Urbano
Enero;Spotify;2022;60;Duki, Ak4:20, Juhn, Juanka;BICI;PR, PR;Urbano
Enero;Spotify;2022;61;El Jordan 23;Anti Rana;CL;Urbano
Enero;Spotify;2022;62;Wisin, JHAYCO, Ozuna, Los Legendarios;Emojis de Corazones (feat. Los Legendarios);PR, PR, PR, PR;Urbano
Enero;Spotify;2022;63;Rauw Alejandro;Sexo Virtual;PR;Urbano
Enero;Spotify;2022;64;Bad Bunny, Daddy Yankee;La Santa;PR, PR;Urbano
Enero;Spotify;2022;65;Don Omar, Nio Garcia;Se Menea;PR, PR;Urbano
Enero;Spotify;2022;66;Justin Quiles;Colorín Colorado;PR;Urbano
Enero;Spotify;2022;67;Tiësto, KAROL G;Don't Be Shy;NL, CO;Urbano
Enero;Spotify;2022;68;Bad Bunny, ROSALÍA;LA NOCHE DE ANOCHE;PR, ES;Urbano
Enero;Spotify;2022;69;Pablo Alborán;Saturno;ES;Pop
Enero;Spotify;2022;70;Bad Bunny, Mora;Una Vez;PR, SE;Urbano
Enero;Spotify;2022;71;Sech, JHAYCO;911 (Remix);PA, PR;Urbano
Enero;Spotify;2022;72;Justin Quiles, Chimbala, Zion & Lennox;Loco;PR, DO, US;Urbano
Enero;Spotify;2022;73;Dua Lipa;Don't Start Now;GB;Pop
Enero;Spotify;2022;74;Jay Wheeler, DJ Nelson, Myke Towers;La Curiosidad;PR, PR, PR;Urbano
Enero;Spotify;2022;75;Duki;TOP 5;AR;Urbano
Enero;Spotify;2022;76;Anuel AA;Dictadura;PR;Urbano
Enero;Spotify;2022;77;Cris Mj, Marcianeke;Bichiyal;CL, CL;Urbano
Enero;Spotify;2022;78;Natalia Lafourcade;Hasta la Raíz;MX;Urbano
Enero;Spotify;2022;79;Farruko, Victor Cardenas, Dj Adoni;El Incomprendido;PR, CO;Urbano
Enero;Spotify;2022;80;Bad Bunny;TE MUDASTE;PR;Urbano
Enero;Spotify;2022;81;Rauw Alejandro, Mr. Naisgai;2/Catorce;PR;Urbano
Enero;Spotify;2022;82;Santaferia;Algún Día Volverás;CL;Latino/Tropical
Enero;Spotify;2022;83;Bad Bunny;Si Veo a Tu Mamá;PR;Urbano
Enero;Spotify;2022;84;Sech, DJ Khaled;Borracho;PA, US;Urbano
Enero;Spotify;2022;85;Mora, JHAYCO;512;SE, PR;Urbano
Enero;Spotify;2022;86;Marcianeke, Cris Mj;Tussi Code Mari;CL, CL;Urbano
Enero;Spotify;2022;87;The Kid LAROI, Justin Bieber;STAY (with Justin Bieber);AU, CA;Pop
Enero;Spotify;2022;88;Dua Lipa, DaBaby;Levitating (feat. DaBaby);GB, US;Pop
Enero;Spotify;2022;89;Bad Bunny;Vete;PR;Urbano
Enero;Spotify;2022;90;Bad Bunny;Si Estuviésemos Juntos;PR;Urbano
Enero;Spotify;2022;91;Marc Seguí, Rauw Alejandro, Pol Granch;Tiroteo - Remix;ES, PR, ES;Urbano
Enero;Spotify;2022;92;Santaferia;EL Gil De Tu Ex;CL;Latino/Tropical
Enero;Spotify;2022;93;J Balvin, Bad Bunny;LA CANCIÓN;CO, PR;Urbano
Enero;Spotify;2022;94;Pablito Pesadilla, Harry Nach, Marcianeke, Pablo Chill-E;Bella;CL, CL;Urbano
Enero;Spotify;2022;95;J Balvin, KAROL G, Nicky Jam, Crissin, Totoy El Frio, Natan & Shander;Poblado - Remix;CO, CO, PR, CO, CO, BE;Urbano
Enero;Spotify;2022;96;JHAYCO, Bad Bunny;CÓMO SE SIENTE - Remix;PR, PR;Urbano
Enero;Spotify;2022;97;Bayron Fire, Amara Ignacia;Complices;CL;Urbano
Enero;Spotify;2022;98;Doja Cat;Woman;US;Pop
Enero;Spotify;2022;99;El Jordan 23, Cris Mj;Ta' Soltera;CL;Urbano
Enero;Spotify;2022;100;Wisin, Camilo, Los Legendarios;Buenos Días;PR, ES, PR;Urbano
Febrero;Spotify;2022;1;Cris Mj;Una Noche en Medellín;CL;Urbano
Febrero;Spotify;2022;2;Becky G, KAROL G;MAMIII;US, CO;Urbano
Febrero;Spotify;2022;3;Standly;Pégate;CL;Urbano
Febrero;Spotify;2022;4;Rauw Alejandro, Chencho Corleone;Desesperados;PR, PR;Urbano
Febrero;Spotify;2022;5;Pailita, Cris Mj, Big Cvyu;Dime Tú;CL;Urbano
Febrero;Spotify;2022;6;Standly, El Barto;Mi Gata;CL, CL;Urbano
Febrero;Spotify;2022;7;"Balbi El Chamako, El BAI, Marcianeke, Pailita, Young Cister, Jairo Vera, Harry Nach, Forest, Julianno Sosa, Franco ""El Gorilla"", Cris Mj";Ponle - Remix;CL, CL, CL, FR, PR, CL;Urbano
Febrero;Spotify;2022;8;El Jordan 23, Standly;Bailando;CL, CL;Urbano
Febrero;Spotify;2022;9;Tainy, Bad Bunny, Julieta Venegas;Lo Siento BB:/ (with Bad Bunny & Julieta Venegas);PR, PR, MX;Urbano
Febrero;Spotify;2022;10;Cris Mj, Marcianeke, Simon la Letra, Stars Music Chile;Los Malvekes;CL, CL;Urbano
Febrero;Spotify;2022;11;Bad Bunny;Yonaguni;PR;Urbano
Febrero;Spotify;2022;12;El Jordan 23;Anti Rana;CL, CL;Urbano
Febrero;Spotify;2022;13;La Pantera, Quevedo, Juseph, ABHIR, BEJO, Cruz Cafuné, EL IMA;Cayó La Noche (feat. Cruz Cafuné, Abhir Hathi, Bejo, EL IMA) [Remix];ES, ES, ES, ES, ES;Urbano
Febrero;Spotify;2022;14;JOSEPE EL DEMENTE, Sayian Jimmy;Morena Cachetona;CL, CL;Urbano
Febrero;Spotify;2022;15;Polimá Westcoast, Pailita;ULTRA SOLO;CL;Urbano
Febrero;Spotify;2022;16;Blessd, Justin Quiles, Lenny Tavárez;Medallo;CO, PR, PR;Urbano
Febrero;Spotify;2022;17;El Barto, El Jordan 23, Standly, Drakomafia, Yong Bryel;Flaytiando;CL, CL, CL, CL, CL;Urbano
Febrero;Spotify;2022;18;Aventura, Bad Bunny;Volví;US, PR;Latino/Tropical
Febrero;Spotify;2022;19;Boza, Lunay, Lenny Tavárez, Juhn, Beéle;Ella - Remix;PA, PR, PR, PR, CO;Urbano
Febrero;Spotify;2022;20;Bad Bunny;A Tu Merced;PR;Urbano
Febrero;Spotify;2022;21;Bad Bunny, JHAYCO;DÁKITI;PR, PR;Urbano
Febrero;Spotify;2022;22;Bizarrap, Tiago PZK;Tiago PZK: Bzrp Music Sessions, Vol. 48;AR, AR;Urbano
Febrero;Spotify;2022;23;Young Cister;Casi Amor De Verano;CL;Urbano
Febrero;Spotify;2022;24;Elton John, Dua Lipa, PNAU;Cold Heart - PNAU Remix;GB, GB, AU;Pop
Febrero;Spotify;2022;25;Alvaro Diaz, Rauw Alejandro;Problemón;PR, PR;Urbano
Febrero;Spotify;2022;26;Rvssian, Rauw Alejandro, Chris Brown;Nostálgico;JM, PR, US;Urbano
Febrero;Spotify;2022;27;Dímelo Flow, Dalex, Sech, Justin Quiles, Arcángel, De La Ghetto, Lenny Tavárez;Se Le Ve;PA, PR, PA, PR, PR, PR, PR;Urbano
Febrero;Spotify;2022;28;Marcianeke;Qué Pasa?;CL;Urbano
Febrero;Spotify;2022;29;Bad Bunny, Daddy Yankee;La Santa;PR, PR;Urbano
Febrero;Spotify;2022;30;Nickoog Clk, Pailita, Simon la Letra, Standly;Phillie y Botella (Remix);CL, CL, CL;Urbano
Febrero;Spotify;2022;31;Polimá Westcoast, Pablo Chill-E, Harry Nach, Galee Galee, ITHAN NY;MONEYMAN (feat. Galee Galee & ITHAN NY);CL, CL, CL, CL;Urbano
Febrero;Spotify;2022;32;Mora, Bad Bunny, Sech;Volando - Remix;SE, PR, PA;Urbano
Febrero;Spotify;2022;33;Cris Mj;Locura y Maldad;CL;Urbano
Febrero;Spotify;2022;34;JHAYCO, Anuel AA;Ley Seca;PR, PR;Urbano
Febrero;Spotify;2022;35;Marcianeke;Waka Waka;CL;Urbano
Febrero;Spotify;2022;36;zzoilo, Aitana;Mon Amour - Remix;ES, ES;Pop
Febrero;Spotify;2022;37;Tiago PZK, LIT killah, Maria Becerra, Nicki Nicole;Entre Nosotros (Remix) [con Nicki Nicole];AR, AR, AR;Urbano
Febrero;Spotify;2022;38;Nickoog Clk, Izahn, Standly;Mi Waxita;CL, CL, CL;Urbano
Febrero;Spotify;2022;39;Anuel AA, Myke Towers, JHAYCO;Súbelo;PR,PR,PR;Urbano
Febrero;Spotify;2022;40;Pailita, Marcianeke;Dimelo Ma;CL;Urbano
Febrero;Spotify;2022;41;TINI, L-Gante;Bar;AR;Pop
Febrero;Spotify;2022;42;Tiago PZK, Trueno;Salimo de Noche;AR, AR;Urbano
Febrero;Spotify;2022;43;Arte Elegante, Marcianeke;En las Malas y Buenas;CL;Urbano
Febrero;Spotify;2022;44;Young Cister, Duki;DOLCE;CL, AR;Urbano
Febrero;Spotify;2022;45;Bad Bunny, Mora;Una Vez;PR, PR;Urbano
Febrero;Spotify;2022;46;Nio Garcia, J Balvin, Bad Bunny;AM Remix;PR, CO, PR;Urbano
Febrero;Spotify;2022;47;Farruko;Pepas;PR;Urbano
Febrero;Spotify;2022;48;KAROL G;SEJODIOTO;CO;Urbano
Febrero;Spotify;2022;49;ITHAN NY, Marcianeke;Las Naik;CL, CL;Urbano
Febrero;Spotify;2022;50;Rauw Alejandro;Todo De Ti;PR;Urbano
Febrero;Spotify;2022;51;Drago200, Ak4:20;TOTA;CL;Urbano
Febrero;Spotify;2022;52;Adan La Amenaza, Yohancito, Marcianeke, El BAI, Pailita, Yordano El Menor, Balbi El Chamako, Jairo Vera, King Savagge;Dele Cotele 3;CL, CL, CL;Urbano
Febrero;Spotify;2022;53;Myke Towers;ALMAS GEMELAS;PR;Urbano
Febrero;Spotify;2022;54;Maluma;Sobrio;CO;Urbano
Febrero;Spotify;2022;55;Bad Bunny;Vete;PR;Urbano
Febrero;Spotify;2022;56;Polimá Westcoast, Pablo Chill-E, Arón Piper;Cu4tro;CL, CL;Urbano
Febrero;Spotify;2022;57;Bad Bunny;TE MUDASTE;PR;Urbano
Febrero;Spotify;2022;58;Bad Bunny;Si Estuviésemos Juntos;PR;Urbano
Febrero;Spotify;2022;59;Pailita, Big Cvyu;Hooka;CL, CL;Urbano
Febrero;Spotify;2022;60;Bad Bunny;La Difícil;PR;Urbano
Febrero;Spotify;2022;61;Bad Bunny;Si Veo a Tu Mamá;PR;Urbano
Febrero;Spotify;2022;62;Bad Bunny;La Zona;PR;Urbano
Febrero;Spotify;2022;63;J Balvin, Sech;Una Nota;CO, PA;Urbano
Febrero;Spotify;2022;64;Sebastian Yatra;Tacones Rojos;CO;Urbano
Febrero;Spotify;2022;65;J Balvin, Bad Bunny;LA CANCIÓN;CO, PR;Urbano
Febrero;Spotify;2022;66;TINI, Maria Becerra;Miénteme;AR, AR;Pop
Febrero;Spotify;2022;67;Randy, Ape Drums;23 (With Ape Drums);US, US;Urbano
Febrero;Spotify;2022;68;C. Tangana;Demasiadas Mujeres;ES;Urbano
Febrero;Spotify;2022;69;Harry Nach, Marcianeke;¿Por Qué Te Enojái?;CL;Urbano
Febrero;Spotify;2022;70;Bad Bunny, ROSALÍA;LA NOCHE DE ANOCHE;PR, ES;Urbano
Febrero;Spotify;2022;71;Rauw Alejandro;Cúrame;PR;Urbano
Febrero;Spotify;2022;72;JHAYCO, Bad Bunny;CÓMO SE SIENTE - Remix;PR, PR;Urbano
Febrero;Spotify;2022;73;Imagine Dragons, JID, Arcane, League of Legends;Enemy (with JID) - from the series Arcane League of Legends;US, US, GB;Urbano
Febrero;Spotify;2022;74;J Balvin, Maria Becerra;Qué Más Pues?;CO, AR;Urbano
Febrero;Spotify;2022;75;Galee Galee, Harry Nach, Pablo Chill-E;Big Cut;CL, CL;Urbano
Febrero;Spotify;2022;76;Rauw Alejandro, Mr. Naisgai;2/Catorce;PR;Urbano
Febrero;Spotify;2022;77;Sebastian Yatra, Myke Towers;Pareja Del Año;CO, PR;Urbano
Febrero;Spotify;2022;78;Bad Bunny;120;PR;Urbano
Febrero;Spotify;2022;79;Tiago PZK, LIT killah;Entre Nosotros;AR;Urbano
Febrero;Spotify;2022;80;Bad Bunny;HACIENDO QUE ME AMAS;PR;Urbano
Febrero;Spotify;2022;81;Cris Mj, Marcianeke;Bichiyal;CL, CL;Urbano
Febrero;Spotify;2022;82;LIT killah;La Trampa es Ley;AR;Urbano
Febrero;Spotify;2022;83;JHAYCO, J Balvin, Bad Bunny;No Me Conoce - Remix;PR, CO, PR;Urbano
Febrero;Spotify;2022;84;DEKKO;12x3;CO;Urbano
Febrero;Spotify;2022;85;Pablo Alborán;Saturno;ES;Pop
Febrero;Spotify;2022;86;Bad Bunny, Jowell & Randy, Ñengo Flow;Safaera;PR, PR, PR;Urbano
Febrero;Spotify;2022;87;Dua Lipa;Don't Start Now;GB;Pop
Febrero;Spotify;2022;88;Bad Bunny, Ozuna, Farruko, Arcángel, Ñengo Flow, DJ Luian, Mambo Kingz;Diles;PR, PR, PR, PR, PR, PR, PR;Urbano
Febrero;Spotify;2022;89;Don Omar, Nio Garcia;Se Menea;PR, PR;Urbano
Febrero;Spotify;2022;90;Bad Bunny, Sech;Ignorantes;PR, PA;Urbano
Febrero;Spotify;2022;91;Nicky Jam;Ojos Rojos;PR;Urbano
Febrero;Spotify;2022;92;El Jordan 23, Cris Mj;Ta' Soltera;CL;Urbano
Febrero;Spotify;2022;93;Bad Bunny, Yaviah;Bichiyal;PR, PR;Urbano
Febrero;Spotify;2022;94;Jay Wheeler, DJ Nelson, Myke Towers;La Curiosidad;PR, PR, PR;Urbano
Febrero;Spotify;2022;95;ITHAN NY, Drakomafia, JulianoChieff;Piramide;CL;Urbano
Febrero;Spotify;2022;96;Sech, JHAYCO;911 (Remix);PA, PR;Urbano
Febrero;Spotify;2022;97;Justin Quiles;Colorín Colorado;PR;Urbano
Febrero;Spotify;2022;98;Santaferia;Algún Día Volverás;CL;Latino/Tropical
Febrero;Spotify;2022;99;Feid, KAROL G;FRIKI;CO, CO;Urbano
Febrero;Spotify;2022;100;Trueno;DANCE CRIP;AR;Urbano
Marzo;Spotify;2022;1;Polimá Westcoast, Pailita;ULTRA SOLO;CL;Urbano
Marzo;Spotify;2022;2;Cris Mj;Una Noche en Medellín;CL;Urbano
Marzo;Spotify;2022;3;Paulo Londra;Plan A;AR;Urbano
Marzo;Spotify;2022;4;Pailita, Cris Mj, Big Cvyu;Dime Tú;CL;Urbano
Marzo;Spotify;2022;5;Daddy Yankee, Bad Bunny;X ÚLTIMA VEZ;PR, PR;Urbano
Marzo;Spotify;2022;6;El Jordan 23, Standly;Bailando;CL, CL;Urbano
Marzo;Spotify;2022;7;Standly;Pégate;CL;Urbano
Marzo;Spotify;2022;8;Ak4:20, Pailita, Cris Mj;Me Arrepentí;CL;Urbano
Marzo;Spotify;2022;9;Daddy Yankee;RUMBATÓN;PR;Urbano
Marzo;Spotify;2022;10;Rauw Alejandro, Chencho Corleone;Desesperados;PR, PR;Urbano
Marzo;Spotify;2022;11;Becky G, KAROL G;MAMIII;US, CO;Urbano
Marzo;Spotify;2022;12;Daddy Yankee;REMIX;PR;Urbano
Marzo;Spotify;2022;13;El Jordan 23;Anti Rana;CL;Urbano
Marzo;Spotify;2022;14;Cris Mj, Marcianeke, Simon la Letra, Stars Music Chile;Los Malvekes;CL, CL;Urbano
Marzo;Spotify;2022;15;"Balbi El Chamako, El BAI, Marcianeke, Pailita, Young Cister, Jairo Vera, Harry Nach, Forest, Julianno Sosa, Franco ""El Gorilla"", Cris Mj";Ponle - Remix;CL, CL, CL, FR, PR, CL;Urbano
Marzo;Spotify;2022;16;Standly, El Barto;Mi Gata;CL, CL;Urbano
Marzo;Spotify;2022;17;Daddy Yankee, Sech;PARA SIEMPRE;PR, PA;Urbano
Marzo;Spotify;2022;18;Anitta;Envolver;BR;Urbano
Marzo;Spotify;2022;19;Alejo, Feid, ROBI;Pantysito;CO, BG;Urbano
Marzo;Spotify;2022;20;Daddy Yankee, Myke Towers;PASATIEMPO;PR, PR;Urbano
Marzo;Spotify;2022;21;Tainy, Bad Bunny, Julieta Venegas;Lo Siento BB:/ (with Bad Bunny & Julieta Venegas);PR, PR, MX;Urbano
Marzo;Spotify;2022;22;El Barto, El Jordan 23, Standly, Drakomafia, Yong Bryel;Flaytiando;CL, CL, CL, CL, CL;Urbano
Marzo;Spotify;2022;23;Cris Mj;Como Te Va;CL;Urbano
Marzo;Spotify;2022;24;La Pantera, Quevedo, Juseph, ABHIR, BEJO, Cruz Cafuné, EL IMA;Cayó La Noche (feat. Cruz Cafuné, Abhir Hathi, Bejo, EL IMA) [Remix];ES, ES, ES, ES, ES;Urbano
Marzo;Spotify;2022;25;JOSEPE EL DEMENTE, Sayian Jimmy;Morena Cachetona;CL, CL;Urbano
Marzo;Spotify;2022;26;Blessd, Justin Quiles, Lenny Tavárez;Medallo;CO, PR, PR;Urbano
Marzo;Spotify;2022;27;Lleflight, Pablo Chill-E, Gino Mella, Julianno Sosa, El Jordan 23, King Savagge, Polimá Westcoast, Drago200, Jairo Vera, Galee Galee, Best;FULL PIOLI 2.O (feat. Julianno Sosa, El Jordan 23, King Savagge, Polima West Coast, Drago200, Jairo Vera, Galee Galee, Best);CL, CL, CL, CL,CL,CL,CL,CL,CL;Urbano
Marzo;Spotify;2022;28;Nickoog Clk, Pailita, Simon la Letra, Standly;Phillie y Botella (Remix);CL, CL, CL, CL;Urbano
Marzo;Spotify;2022;29;Bizarrap, Tiago PZK;Tiago PZK: Bzrp Music Sessions, Vol. 48;AR, AR;Urbano
Marzo;Spotify;2022;30;Bad Bunny;Yonaguni;PR;Urbano
Marzo;Spotify;2022;31;Daddy Yankee;UNO QUITAO Y OTRO PUESTO;PR;Urbano
Marzo;Spotify;2022;32;Cris Mj;Locura y Maldad;CL;Urbano
Marzo;Spotify;2022;33;Daddy Yankee, Rauw Alejandro, Nile Rodgers;AGUA;PR, PR, US;Urbano
Marzo;Spotify;2022;34;Bad Bunny, Daddy Yankee;La Santa;PR, PR;Urbano
Marzo;Spotify;2022;35;Aventura, Bad Bunny;Volví;US, PR;Latino/Tropical
Marzo;Spotify;2022;36;Bad Bunny;A Tu Merced;PR;Urbano
Marzo;Spotify;2022;37;Daddy Yankee, Pitbull;HOT;PR, US;Urbano
Marzo;Spotify;2022;38;Boza, Lunay, Lenny Tavárez, Juhn, Beéle;Ella - Remix;PA, PR, PR, PR, CO;Urbano
Marzo;Spotify;2022;39;Daddy Yankee;CAMPEÓN;PR;Urbano
Marzo;Spotify;2022;40;Polimá Westcoast, Pablo Chill-E, Harry Nach, Galee Galee, ITHAN NY;MONEYMAN (feat. Galee Galee & ITHAN NY);CL, CL, CL, CL;Urbano
Marzo;Spotify;2022;41;Daddy Yankee;EL ABUSADOR DEL ABUSADOR;PR;Urbano
Marzo;Spotify;2022;42;Elton John, Dua Lipa, PNAU;Cold Heart - PNAU Remix;GB, GB, AU;Pop
Marzo;Spotify;2022;43;Harry Nach, ITHAN NY, Galee Galee, Julianno Sosa;Prende el Party;CL, CL;Urbano
Marzo;Spotify;2022;44;Daddy Yankee, NATTI NATASHA, Becky G;ZONA DEL PERREO;PR, DO, US;Urbano
Marzo;Spotify;2022;45;C. Tangana;Demasiadas Mujeres;ES;Urbano
Marzo;Spotify;2022;46;Young Cister;Casi Amor De Verano;CL;Urbano
Marzo;Spotify;2022;47;Standly, Polimá Westcoast;Me Voy Contigo;CL;Urbano
Marzo;Spotify;2022;48;Dímelo Flow, Dalex, Sech, Justin Quiles, Arcángel, De La Ghetto, Lenny Tavárez;Se Le Ve;PA, PR, PA, PR, PR, PR, PR;Urbano
Marzo;Spotify;2022;49;Pailita, Big Cvyu;Hooka;CL,CL;Urbano
Marzo;Spotify;2022;50;Daddy Yankee, El Alfa, Lil Jon;BOMBÓN;PR, DO, US;Urbano
Marzo;Spotify;2022;51;Alvaro Diaz, Rauw Alejandro;Problemón;PR, PR;Urbano
Marzo;Spotify;2022;52;Marcianeke;Qué Pasa?;CL;Urbano
Marzo;Spotify;2022;53;Nickoog Clk, Dainesitta;ESE CULITO;CL;Urbano
Marzo;Spotify;2022;54;Standly;Bailemos Reggaeton;CL;Urbano
Marzo;Spotify;2022;55;El Jordan 23, Pipo Beatz;Ando;CL,CL;Urbano
Marzo;Spotify;2022;56;Danny Ocean;Fuera del mercado;US;Urbano
Marzo;Spotify;2022;57;Bad Bunny, JHAYCO;DÁKITI;PR, PR;Urbano
Marzo;Spotify;2022;58;Daddy Yankee;LA OLA;PR;Urbano
Marzo;Spotify;2022;59;Tiago PZK, LIT killah, Maria Becerra, Nicki Nicole;Entre Nosotros (Remix) [con Nicki Nicole];AR, AR, AR;Urbano
Marzo;Spotify;2022;60;Daddy Yankee;ENCHULETIAO;PR;Urbano
Marzo;Spotify;2022;61;JHAYCO, Anuel AA;Ley Seca;PR, PR;Urbano
Marzo;Spotify;2022;62;Zion & Lennox;Yo Voy (feat. Daddy Yankee);US;Urbano
Marzo;Spotify;2022;63;Daddy Yankee;LEGENDADDY;PR;Urbano
Marzo;Spotify;2022;64;Rvssian, Rauw Alejandro, Chris Brown;Nostálgico;JM, PR, US;Urbano
Marzo;Spotify;2022;65;Mora, Bad Bunny, Sech;Volando - Remix;SE, PR, PA;Urbano
Marzo;Spotify;2022;66;Drago200, Ak4:20;TOTA;CL;Urbano
Marzo;Spotify;2022;67;Daddy Yankee;EL REY DE LO IMPERFECTO;PR;Urbano
Marzo;Spotify;2022;68;Ryan Castro;Jordan;CO;Urbano
Marzo;Spotify;2022;69;Daddy Yankee;IMPARES;PR;Urbano
Marzo;Spotify;2022;70;Anuel AA, Myke Towers, JHAYCO;Súbelo;PR, PR, PR;Urbano
Marzo;Spotify;2022;71;Young Cister, Duki;DOLCE;CL, AR;Urbano
Marzo;Spotify;2022;72;J Balvin, Ed Sheeran;Sigue;CO, GB;Urbano
Marzo;Spotify;2022;73;Pailita, Marcianeke;Dimelo Ma;CL;Urbano
Marzo;Spotify;2022;74;El Goldo De Las Conec, Marcianeke, King Savagge, Pablito Rolayork, Jairo Vera, Yong Bryel, Tunechikidd, El BAI, Sayian Jimmy, Benja el Menorcito, Benji Gramitos, Jhon Jairo, Lil Geremi, Yiordano Ignacio;Shikipla - Remix;CL, CL, CO, CL;Urbano
Marzo;Spotify;2022;75;Tiago PZK, Trueno;Salimo de Noche;AR, AR;Urbano
Marzo;Spotify;2022;76;Arte Elegante, Marcianeke;En las Malas y Buenas;CL;Urbano
Marzo;Spotify;2022;77;Daddy Yankee;BLOKE;PR;Urbano
Marzo;Spotify;2022;78;Myke Towers;ALMAS GEMELAS;PR;Urbano
Marzo;Spotify;2022;79;ITHAN NY, Marcianeke;Las Naik;CL, CL;Urbano
Marzo;Spotify;2022;80;Marcianeke;Waka Waka;CL;Urbano
Marzo;Spotify;2022;81;zzoilo, Aitana;Mon Amour - Remix;ES, ES;Pop
Marzo;Spotify;2022;82;Adan La Amenaza, Yohancito, Marcianeke, El BAI, Pailita, Yordano El Menor, Balbi El Chamako, Jairo Vera, King Savagge;Dele Cotele 3;CL, CL, CL;Urbano
Marzo;Spotify;2022;83;Bad Bunny, Mora;Una Vez;PR, SE;Urbano
Marzo;Spotify;2022;84;Blessd, Myke Towers, Ovy On The Drums;Tendencia Global;CO, PR, CO;Urbano
Marzo;Spotify;2022;85;JHAYCO;Sensual Bebé;PR;Urbano
Marzo;Spotify;2022;86;TINI, L-Gante;Bar;AR;Pop
Marzo;Spotify;2022;87;Rauw Alejandro;Todo De Ti;PR;Urbano
Marzo;Spotify;2022;88;Farruko;Pepas;PR;Urbano
Marzo;Spotify;2022;89;Polimá Westcoast, Pablo Chill-E, Arón Piper;Cu4tro;CL, CL;Urbano
Marzo;Spotify;2022;90;Maluma;Sobrio;CO;Urbano
Marzo;Spotify;2022;91;Doja Cat;Woman;US;Pop
Marzo;Spotify;2022;92;Tiago PZK, LIT killah;Entre Nosotros;AR;Urbano
Marzo;Spotify;2022;93;KAROL G;SEJODIOTO;CO;Urbano
Marzo;Spotify;2022;94;El Jordan 23, Cris Mj;Ta' Soltera;CL;Urbano
Marzo;Spotify;2022;95;Marcianeke;Colores;CL;Urbano
Marzo;Spotify;2022;96;TINI, Maria Becerra;Miénteme;AR, AR;Pop
Marzo;Spotify;2022;97;Sebastian Yatra;Tacones Rojos;CO;Urbano
Marzo;Spotify;2022;98;King Savagge;Pantano;CL;Urbano
Marzo;Spotify;2022;99;Rauw Alejandro, Mr. Naisgai;2/Catorce;PR;Urbano
Marzo;Spotify;2022;100;Imagine Dragons, JID, Arcane, League of Legends;Enemy (with JID) - from the series Arcane League of Legends;US, US, GB;Urbano
Abril;Spotify;2022;1;Ak4:20, Pailita, Cris Mj;Me Arrepentí;CL;Urbano
Abril;Spotify;2022;2;Polimá Westcoast, Pailita;ULTRA SOLO;CL;Urbano
Abril;Spotify;2022;3;Cris Mj;Una Noche en Medellín;CL;Urbano
Abril;Spotify;2022;4;Pailita, Cris Mj, Big Cvyu;Dime Tú;CL;Urbano
Abril;Spotify;2022;5;El Jordan 23, Standly;Bailando;CL, CL;Urbano
Abril;Spotify;2022;6;Polimá Westcoast, Young Cister, Cris Mj;SEXTIME;CL, CL;Urbano
Abril;Spotify;2022;7;Julianno Sosa, King Savagge;Cochinae;CL, CL;Urbano
Abril;Spotify;2022;8;Daddy Yankee, Bad Bunny;X ÚLTIMA VEZ;PR, PR;Urbano
Abril;Spotify;2022;9;Nickoog Clk;En El Jacuzzi;CL;Urbano
Abril;Spotify;2022;10;Pailita, El Casti;Par de Veces;CL, CL;Urbano
Abril;Spotify;2022;11;Harry Styles;As It Was;GB;Pop
Abril;Spotify;2022;12;Rauw Alejandro, Chencho Corleone;Desesperados;PR, PR;Urbano
Abril;Spotify;2022;13;Bizarrap, Paulo Londra;Paulo Londra: Bzrp Music Sessions, Vol. 23;AR, AR;Urbano
Abril;Spotify;2022;14;Standly;Pégate;CL;Urbano
Abril;Spotify;2022;15;Becky G, KAROL G;MAMIII;US, CO;Urbano
Abril;Spotify;2022;16;Cris Mj, Marcianeke, Simon la Letra, Stars Music Chile;Los Malvekes;CL, CL;Urbano
Abril;Spotify;2022;17;El Jordan 23;Anti Rana;CL;Urbano
Abril;Spotify;2022;18;Paulo Londra;Plan A;AR;Urbano
Abril;Spotify;2022;19;"Balbi El Chamako, El BAI, Marcianeke, Pailita, Young Cister, Jairo Vera, Harry Nach, Forest, Julianno Sosa, Franco ""El Gorilla"", Cris Mj";Ponle - Remix;CL, CL, CL, FR, PR, CL;Urbano
Abril;Spotify;2022;20;KAROL G;PROVENZA;CO;Urbano
Abril;Spotify;2022;21;Daddy Yankee;RUMBATÓN;PR;Urbano
Abril;Spotify;2022;22;El Barto, El Jordan 23, Standly, Drakomafia, Yong Bryel;Flaytiando;CL, CL, CL, CL, CL;Urbano
Abril;Spotify;2022;23;Standly, El Barto;Mi Gata;CL, CL;Urbano
Abril;Spotify;2022;24;Standly;Bailemos Reggaeton;CL;Urbano
Abril;Spotify;2022;25;Alejo, Feid, ROBI;Pantysito;CO, BG;Urbano
Abril;Spotify;2022;26;Danny Ocean;Fuera del mercado;US;Urbano
Abril;Spotify;2022;27;Cris Mj;Como Te Va;CL;Urbano
Abril;Spotify;2022;28;Anitta;Envolver;BR;Latino/Tropical
Abril;Spotify;2022;29;Mora, Sech;TUS LÁGRIMAS;SE, PA;Urbano
Abril;Spotify;2022;30;Nickoog Clk, Pailita, Simon la Letra, Standly;Phillie y Botella (Remix);CL, CL, CL, CL;Urbano
Abril;Spotify;2022;31;Tainy, Bad Bunny, Julieta Venegas;Lo Siento BB:/ (with Bad Bunny & Julieta Venegas);PR, PR, MX;Urbano
Abril;Spotify;2022;32;Lleflight, Pablo Chill-E, Gino Mella, Julianno Sosa, El Jordan 23, King Savagge, Polimá Westcoast, Drago200, Jairo Vera, Galee Galee, Best;FULL PIOLI 2.O (feat. Julianno Sosa, El Jordan 23, King Savagge, Polima West Coast, Drago200, Jairo Vera, Galee Galee, Best);CL, CL, CL, CL;Urbano
Abril;Spotify;2022;33;Blessd, Justin Quiles, Lenny Tavárez;Medallo;CO, PR, PR;Urbano
Abril;Spotify;2022;34;La Pantera, Quevedo, Juseph, ABHIR, BEJO, Cruz Cafuné, EL IMA;Cayó La Noche (feat. Cruz Cafuné, Abhir Hathi, Bejo, EL IMA) [Remix];ES, ES, ES, ES, ES;Urbano
Abril;Spotify;2022;35;Bizarrap, Tiago PZK;Tiago PZK: Bzrp Music Sessions, Vol. 48;AR, AR;Urbano
Abril;Spotify;2022;36;Ryan Castro;Jordan;CO;Urbano
Abril;Spotify;2022;37;Marcianeke, L-Gante;Toma;CL;Urbano
Abril;Spotify;2022;38;Mora, Feid;LA INOCENTE;SE, CO;Urbano
Abril;Spotify;2022;39;Bad Bunny;Yonaguni;PR;Urbano
Abril;Spotify;2022;40;Cris Mj;Locura y Maldad;CL;Urbano
Abril;Spotify;2022;41;C. Tangana;Demasiadas Mujeres;ES;Urbano
Abril;Spotify;2022;42;Ak4:20, Brray;MARIMBA GRINGA;PR;Urbano
Abril;Spotify;2022;43;Paulo Londra;Chance;AR;Urbano
Abril;Spotify;2022;44;Pailita, Big Cvyu;Hooka;CL,CL;Urbano
Abril;Spotify;2022;45;Bad Bunny;A Tu Merced;PR;Urbano
Abril;Spotify;2022;46;Duki, De La Ghetto, Quevedo;Si Quieren Frontear;PR;Urbano
Abril;Spotify;2022;47;Polimá Westcoast, Pablo Chill-E, Harry Nach, Galee Galee, ITHAN NY;MONEYMAN (feat. Galee Galee & ITHAN NY);CL, CL, CL, CL;Urbano
Abril;Spotify;2022;48;Young Cister;Casi Amor De Verano;CL;Urbano
Abril;Spotify;2022;49;Standly, Polimá Westcoast;Me Voy Contigo;CL;Urbano
Abril;Spotify;2022;50;Bad Bunny, Daddy Yankee;La Santa;PR, PR;Urbano
Abril;Spotify;2022;51;FK In The Beats, Cris Mj, El BAI;Pensandote;CL, CL;Urbano
Abril;Spotify;2022;52;JOSEPE EL DEMENTE, Sayian Jimmy;Morena Cachetona;CL, CL;Urbano
Abril;Spotify;2022;53;El Jordan 23, Pipo Beatz;Ando;CL;Urbano
Abril;Spotify;2022;54;Elton John, Dua Lipa, PNAU;Cold Heart - PNAU Remix;GB, GB, AU;Pop
Abril;Spotify;2022;55;Nickoog Clk, Dainesitta;ESE CULITO;CL;Urbano
Abril;Spotify;2022;56;Dímelo Flow, Dalex, Sech, Justin Quiles, Arcángel, De La Ghetto, Lenny Tavárez;Se Le Ve;PA, PR, PA, PR, PR, PR, PR;Urbano
Abril;Spotify;2022;57;Harry Nach, ITHAN NY, Galee Galee, Julianno Sosa;Prende el Party;CL, CL;Urbano
Abril;Spotify;2022;58;Zion & Lennox;Yo Voy (feat. Daddy Yankee);US;Urbano
Abril;Spotify;2022;59;Boza, Lunay, Lenny Tavárez, Juhn, Beéle;Ella - Remix;PA, PR, PR, PR, CO;Urbano
Abril;Spotify;2022;60;"Cris Mj, Gotay ""El Autentiko""";Yo No Me Olvido;CL, PR;Urbano
Abril;Spotify;2022;61;Bad Bunny, JHAYCO;DÁKITI;PR, PR;Urbano
Abril;Spotify;2022;62;Tiago PZK, LIT killah, Maria Becerra, Nicki Nicole;Entre Nosotros (Remix) [con Nicki Nicole];AR, AR, AR;Urbano
Abril;Spotify;2022;63;Aventura, Bad Bunny;Volví;US, PR;Latino/Tropical
Abril;Spotify;2022;64;Marcianeke;Qué Pasa?;CL;Urbano
Abril;Spotify;2022;65;Rvssian, Rauw Alejandro, Chris Brown;Nostálgico;JM, PR, US;Urbano
Abril;Spotify;2022;66;Standly;Panamera;CL;Urbano
Abril;Spotify;2022;67;Pailita, Marcianeke;Dimelo Ma;CL;Urbano
Abril;Spotify;2022;68;Mora, Bad Bunny, Sech;Volando - Remix;SE, PR, PA;Urbano
Abril;Spotify;2022;69;Alvaro Diaz, Rauw Alejandro;Problemón;PR, PR;Urbano
Abril;Spotify;2022;70;Daddy Yankee;REMIX;PR;Urbano
Abril;Spotify;2022;71;Young Cister, Duki;DOLCE;CL, AR;Urbano
Abril;Spotify;2022;72;Anuel AA, Myke Towers, JHAYCO;Súbelo;PR, PR, PR;Urbano
Abril;Spotify;2022;73;Blessd, Myke Towers, Ovy On The Drums;Tendencia Global;CO, PR, CO;Urbano
Abril;Spotify;2022;74;Nickoog Clk, Izahn, Standly;Mi Waxita;CL, CL, CL;Urbano
Abril;Spotify;2022;75;El Goldo De Las Conec, Marcianeke, King Savagge, Pablito Rolayork, Jairo Vera, Yong Bryel, Tunechikidd, El BAI, Sayian Jimmy, Benja el Menorcito, Benji Gramitos, Jhon Jairo, Lil Geremi, Yiordano Ignacio;Shikipla - Remix;CL, CL, CO, CL;Urbano
Abril;Spotify;2022;76;zzoilo, Aitana;Mon Amour - Remix;ES, ES;Pop
Abril;Spotify;2022;77;Tiago PZK, Trueno;Salimo de Noche;AR, AR;Urbano
Abril;Spotify;2022;78;Rauw Alejandro;Todo De Ti;PR;Urbano
Abril;Spotify;2022;79;Bad Bunny, Mora;Una Vez;PR, SE;Urbano
Abril;Spotify;2022;80;Drago200, Ak4:20;TOTA;CL;Urbano
Abril;Spotify;2022;81;Julianno Sosa, Pablo Chill-E;Positivo;CL;Urbano
Abril;Spotify;2022;82;J Balvin, Bad Bunny;LA CANCIÓN;CO, PR;Urbano
Abril;Spotify;2022;83;JHAYCO, Anuel AA;Ley Seca;PR, PR;Urbano
Abril;Spotify;2022;84;King Savagge;Pantano;CL;Urbano
Abril;Spotify;2022;85;Maluma;Sobrio;CO;Urbano
Abril;Spotify;2022;86;Harry Styles;Watermelon Sugar;GB;Pop
Abril;Spotify;2022;87;El Jordan 23, Cris Mj;Ta' Soltera;CL;Urbano
Abril;Spotify;2022;88;TINI, Maria Becerra;Miénteme;AR, AR;Pop
Abril;Spotify;2022;89;Farruko;Pepas;PR;Urbano
Abril;Spotify;2022;90;DrefQuila;Huella Letal;CL;Urbano
Abril;Spotify;2022;91;Tiago PZK, LIT killah;Entre Nosotros;AR;Urbano
Abril;Spotify;2022;92;ROSALÍA;SAOKO;ES;Urbano
Abril;Spotify;2022;93;Camila Cabello, Ed Sheeran;Bam Bam (feat. Ed Sheeran);US, GB;Pop
Abril;Spotify;2022;94;Imagine Dragons, JID, Arcane, League of Legends;Enemy (with JID) - from the series Arcane League of Legends;US, US, GB;Urbano
Abril;Spotify;2022;95;Doja Cat;Woman;US;Pop
Abril;Spotify;2022;96;Polimá Westcoast, Pablo Chill-E, Arón Piper;Cu4tro;CL, CL;Urbano
Abril;Spotify;2022;97;Shakira, Rauw Alejandro;Te Felicito;CO, PR;Pop
Abril;Spotify;2022;98;Sebastian Yatra;Tacones Rojos;CO;Pop
Abril;Spotify;2022;99;Jairo Vera, Vishoko;Buscandomela;CL, CL;Urbano
Abril;Spotify;2022;100;DEKKO;12x3;CO;Urbano
Mayo;Spotify;2022;1;Bad Bunny, Bomba Estéreo;Ojitos Lindos;PR, CO;Urbano
Mayo;Spotify;2022;2;Bad Bunny, Chencho Corleone;Me Porto Bonito;PR, PR;Urbano
Mayo;Spotify;2022;3;Bad Bunny;Moscow Mule;PR;Urbano
Mayo;Spotify;2022;4;Polimá Westcoast, Pailita;ULTRA SOLO;CL;Urbano
Mayo;Spotify;2022;5;Ak4:20, Pailita, Cris Mj;Me Arrepentí;CL;Urbano
Mayo;Spotify;2022;6;Julianno Sosa, King Savagge;Cochinae;CL, CL;Urbano
Mayo;Spotify;2022;7;Bad Bunny, Rauw Alejandro;Party;PR, PR;Urbano
Mayo;Spotify;2022;8;Cris Mj;Una Noche en Medellín;CL;Urbano
Mayo;Spotify;2022;9;KAROL G;PROVENZA;CO;Urbano
Mayo;Spotify;2022;10;Bad Bunny;Tití Me Preguntó;PR;Urbano
Mayo;Spotify;2022;11;Pailita, Cris Mj, Big Cvyu;Dime Tú;CL;Urbano
Mayo;Spotify;2022;12;Chris Jedi, Anuel AA, Chencho Corleone, Ñengo Flow;La Llevo Al Cielo (Ft. Ñengo Flow);PR, PR, PR, PR;Urbano
Mayo;Spotify;2022;13;Bad Bunny;Efecto;PR;Urbano
Mayo;Spotify;2022;14;Bad Bunny;Un Ratito;PR;Urbano
Mayo;Spotify;2022;15;Bad Bunny, JHAYCO;Tarot;PR, PR;Urbano
Mayo;Spotify;2022;16;El Jordan 23, Standly;Bailando;CL, CL;Urbano
Mayo;Spotify;2022;17;Polimá Westcoast, Young Cister, Cris Mj;SEXTIME;CL, CL;Urbano
Mayo;Spotify;2022;18;Harry Styles;As It Was;GB;Pop
Mayo;Spotify;2022;19;Bad Bunny, Tony Dize;La Corriente;PR, PR;Urbano
Mayo;Spotify;2022;20;Bad Bunny;Después de la Playa;PR;Urbano
Mayo;Spotify;2022;21;Daddy Yankee, Bad Bunny;X ÚLTIMA VEZ;PR, PR;Urbano
Mayo;Spotify;2022;22;Rauw Alejandro, Chencho Corleone;Desesperados;PR, PR;Urbano
Mayo;Spotify;2022;23;Bad Bunny;Me Fui de Vacaciones;PR;Urbano
Mayo;Spotify;2022;24;Becky G, KAROL G;MAMIII;US, CO;Urbano
Mayo;Spotify;2022;25;Bad Bunny;Yo No Soy Celoso;PR;Urbano
Mayo;Spotify;2022;26;Pailita, Nio Garcia;Yo Quiero;PR;Urbano
Mayo;Spotify;2022;27;Standly;Pégate;CL;Urbano
Mayo;Spotify;2022;28;Pailita, El Casti;Par de Veces;CL;Urbano
Mayo;Spotify;2022;29;Bad Bunny;Neverita;PR;Urbano
Mayo;Spotify;2022;30;Nickoog Clk;En El Jacuzzi;CL;Urbano
Mayo;Spotify;2022;31;Bad Bunny;Un Coco;PR;Urbano
Mayo;Spotify;2022;32;El Jordan 23, Big Cvyu;Noche Loca;CL, CL;Urbano
Mayo;Spotify;2022;33;Sayian Jimmy, Standly, Yishark, Nysix Music, Tobal Mj, Benji La Maldita Escritura De Oro;Flotao;CL, CL, CL, CL, CL;Urbano
Mayo;Spotify;2022;34;Bad Bunny;Aguacero;PR;Urbano
Mayo;Spotify;2022;35;Bad Bunny, Buscabulla;Andrea;PR;Urbano
Mayo;Spotify;2022;36;Bad Bunny;Dos Mil 16;PR;Urbano
Mayo;Spotify;2022;37;Cris Mj, Marcianeke, Simon la Letra, Stars Music Chile;Los Malvekes;CL, CL;Urbano
Mayo;Spotify;2022;38;Bad Bunny;Un Verano Sin Ti;PR;Urbano
Mayo;Spotify;2022;39;El Jordan 23;Anti Rana;CL;Urbano
Mayo;Spotify;2022;40;Daddy Yankee;RUMBATÓN;PR;Urbano
Mayo;Spotify;2022;41;Mora, Sech;TUS LÁGRIMAS;SE, PA;Urbano
Mayo;Spotify;2022;42;Bad Bunny;Enséñame a Bailar;PR;Urbano
Mayo;Spotify;2022;43;Bad Bunny, The Marías;Otro Atardecer;PR;Urbano
Mayo;Spotify;2022;44;Standly;Bailemos Reggaeton;CL;Urbano
Mayo;Spotify;2022;45;Alejo, Feid, ROBI;Pantysito;CO, BG;Urbano
Mayo;Spotify;2022;46;Standly, El Barto;Mi Gata;CL, CL;Urbano
Mayo;Spotify;2022;47;El Barto, El Jordan 23, Standly, Drakomafia, Yong Bryel;Flaytiando;CL, CL, CL, CL, CL;Urbano
Mayo;Spotify;2022;48;Ryan Castro;Jordan;CO;Urbano
Mayo;Spotify;2022;49;"Balbi El Chamako, El BAI, Marcianeke, Pailita, Young Cister, Jairo Vera, Harry Nach, Forest, Julianno Sosa, Franco ""El Gorilla"", Cris Mj";Ponle - Remix;CL, CL, CL, FR, PR, CL;Urbano
Mayo;Spotify;2022;50;Chris Lebron, Jay Wheeler, Sech;Desde Mis Ojos - Remix;PR, PA;Urbano
Mayo;Spotify;2022;51;Bad Bunny;Agosto;PR;Urbano
Mayo;Spotify;2022;52;Harry Styles;Late Night Talking;GB;Pop
Mayo;Spotify;2022;53;Shakira, Rauw Alejandro;Te Felicito;CO, PR;Pop
Mayo;Spotify;2022;54;Morat, Duki;París;CO;Pop
Mayo;Spotify;2022;55;Tainy, Bad Bunny, Julieta Venegas;Lo Siento BB:/ (with Bad Bunny & Julieta Venegas);PR, PR, MX;Urbano
Mayo;Spotify;2022;56;Bad Bunny;El Apagón;PR;Urbano
Mayo;Spotify;2022;57;Lleflight, Pablo Chill-E, Gino Mella, Julianno Sosa, El Jordan 23, King Savagge, Polimá Westcoast, Drago200, Jairo Vera, Galee Galee, Best;FULL PIOLI 2.O (feat. Julianno Sosa, El Jordan 23, King Savagge, Polima West Coast, Drago200, Jairo Vera, Galee Galee, Best);CL, CL, CL, CL;Urbano
Mayo;Spotify;2022;58;Cris Mj;Como Te Va;CL;Urbano
Mayo;Spotify;2022;59;Bad Bunny, Tainy;Callaita;PR, PR;Urbano
Mayo;Spotify;2022;60;Bad Bunny;Yonaguni;PR;Urbano
Mayo;Spotify;2022;61;Anitta;Envolver;BR;Urbano
Mayo;Spotify;2022;62;Mora, Feid;LA INOCENTE;SE, CO;Urbano
Mayo;Spotify;2022;63;Danny Ocean;Fuera del mercado;US;Urbano
Mayo;Spotify;2022;64;Standly;Panamera;CL;Urbano
Mayo;Spotify;2022;65;Paulo Londra;Plan A;AR;Urbano
Mayo;Spotify;2022;66;Nickoog Clk, Pailita, Simon la Letra, Standly;Phillie y Botella (Remix);CL, CL, CL;Urbano
Mayo;Spotify;2022;67;Blessd, Justin Quiles, Lenny Tavárez;Medallo;CO, PR, PR;Urbano
Mayo;Spotify;2022;68;Bizarrap, Paulo Londra;Paulo Londra: Bzrp Music Sessions, Vol. 23;AR, AR;Urbano
Mayo;Spotify;2022;69;Bizarrap, Tiago PZK;Tiago PZK: Bzrp Music Sessions, Vol. 48;AR, AR;Urbano
Mayo;Spotify;2022;70;La Pantera, Quevedo, Juseph, ABHIR, BEJO, Cruz Cafuné, EL IMA;Cayó La Noche (feat. Cruz Cafuné, Abhir Hathi, Bejo, EL IMA) [Remix];ES, ES, ES, ES, ES;Urbano
Mayo;Spotify;2022;71;Zion & Lennox;Yo Voy (feat. Daddy Yankee);US;Urbano
Mayo;Spotify;2022;72;Harry Styles;Matilda;GB;Pop
Mayo;Spotify;2022;73;Ak4:20, Brray;MARIMBA GRINGA;PR;Urbano
Mayo;Spotify;2022;74;Bad Bunny;A Tu Merced;PR;Urbano
Mayo;Spotify;2022;75;Harry Styles;Music For a Sushi Restaurant;GB;Pop
Mayo;Spotify;2022;76;FK In The Beats, Cris Mj, El BAI;Pensandote;CL, CL;Urbano
Mayo;Spotify;2022;77;Bad Bunny, Daddy Yankee;La Santa;PR, PR;Urbano
Mayo;Spotify;2022;78;C. Tangana;Demasiadas Mujeres;ES;Urbano
Mayo;Spotify;2022;79;El Jordan 23, Pipo Beatz;Ando;CL;Urbano
Mayo;Spotify;2022;80;Harry Styles;Little Freak;GB;Pop
Mayo;Spotify;2022;81;Pailita, Big Cvyu;Hooka;CL;Urbano
Mayo;Spotify;2022;82;Harry Styles;Daylight;GB;Pop
Mayo;Spotify;2022;83;Marcianeke;Ponte Pa Mí;CL;Urbano
Mayo;Spotify;2022;84;Elton John, Dua Lipa, PNAU;Cold Heart - PNAU Remix;GB, GB, AU;Pop
Mayo;Spotify;2022;85;Standly, Polimá Westcoast;Me Voy Contigo;CL;Urbano
Mayo;Spotify;2022;86;Bad Bunny, JHAYCO;DÁKITI;PR, PR;Urbano
Mayo;Spotify;2022;87;Duki, De La Ghetto, Quevedo;Si Quieren Frontear;PR;Urbano
Mayo;Spotify;2022;88;Harry Styles;Grapejuice;GB;Pop
Mayo;Spotify;2022;89;Cris Mj;Locura y Maldad;CL;Urbano
Mayo;Spotify;2022;90;JOSEPE EL DEMENTE, Sayian Jimmy;Morena Cachetona;CL;Urbano
Mayo;Spotify;2022;91;Harry Styles;Love Of My Life;GB;Pop
Mayo;Spotify;2022;92;Harry Styles;Cinema;GB;Pop
Mayo;Spotify;2022;93;Mora, Bad Bunny, Sech;Volando - Remix;SE, PR, PA;Urbano
Mayo;Spotify;2022;94;Tiago PZK, LIT killah, Maria Becerra, Nicki Nicole;Entre Nosotros (Remix) [con Nicki Nicole];AR, AR, AR;Urbano
Mayo;Spotify;2022;95;Harry Styles;Satellite;GB;Pop
Mayo;Spotify;2022;96;Dímelo Flow, Dalex, Sech, Justin Quiles, Arcángel, De La Ghetto, Lenny Tavárez;Se Le Ve;PA, PR, PA, PR, PR, PR, PR;Urbano
Mayo;Spotify;2022;97;Aventura, Bad Bunny;Volví;US, PR;Latino/Tropical
Mayo;Spotify;2022;98;Harry Styles;Daydreaming;GB;Pop
Mayo;Spotify;2022;99;Kevin Kaarl;San Lucas;MX;Folk/Indie
Mayo;Spotify;2022;100;Boza, Lunay, Lenny Tavárez, Juhn, Beéle;Ella - Remix;PA, PR, PR, PR, CO;Urbano
Junio;Spotify;2022;1;Polimá Westcoast, Feid, Pailita, Paloma Mami, De La Ghetto;ULTRA SOLO REMIX;CL, CO, US, PR;Urbano
Junio;Spotify;2022;2;Bad Bunny, Chencho Corleone;Me Porto Bonito;PR, PR;Urbano
Junio;Spotify;2022;3;Bad Bunny;Efecto;PR;Urbano
Junio;Spotify;2022;4;Bad Bunny, Bomba Estéreo;Ojitos Lindos;PR, CO;Urbano
Junio;Spotify;2022;5;Bad Bunny;Moscow Mule;PR;Urbano
Junio;Spotify;2022;6;Bad Bunny;Tití Me Preguntó;PR;Urbano
Junio;Spotify;2022;7;Ak4:20, Pailita, Cris Mj;Me Arrepentí;CL;Urbano
Junio;Spotify;2022;8;Polimá Westcoast, Pailita;ULTRA SOLO;CL;Urbano
Junio;Spotify;2022;9;Julianno Sosa, King Savagge;Cochinae;CL, CL;Urbano
Junio;Spotify;2022;10;KAROL G;PROVENZA;CO;Urbano
Junio;Spotify;2022;11;Cris Mj;Una Noche en Medellín;CL;Urbano
Junio;Spotify;2022;12;Shakira, Rauw Alejandro;Te Felicito;CO, PR;Pop
Junio;Spotify;2022;13;Cris Mj;Paz Mental;CL;Urbano
Junio;Spotify;2022;14;Bad Bunny, Rauw Alejandro;Party;PR, PR;Urbano
Junio;Spotify;2022;15;Chris Jedi, Anuel AA, Chencho Corleone, Ñengo Flow;La Llevo Al Cielo (Ft. Ñengo Flow);PR, PR, PR, PR;Urbano
Junio;Spotify;2022;16;Bad Bunny, JHAYCO;Tarot;PR, PR;Urbano
Junio;Spotify;2022;17;El Jordan 23, Standly;Bailando;CL, CL;Urbano
Junio;Spotify;2022;18;Pailita, Cris Mj, Big Cvyu;Dime Tú;CL;Urbano
Junio;Spotify;2022;19;Polimá Westcoast, Young Cister, Cris Mj;SEXTIME;CL, CL;Urbano
Junio;Spotify;2022;20;Bad Bunny, Tony Dize;La Corriente;PR, PR;Urbano
Junio;Spotify;2022;21;Bad Bunny;Un Ratito;PR;Urbano
Junio;Spotify;2022;22;El Jordan 23, Big Cvyu;Si Sako La 40;CL, CL;Urbano
Junio;Spotify;2022;23;Rauw Alejandro, Chencho Corleone;Desesperados;PR, PR;Urbano
Junio;Spotify;2022;24;Nickoog Clk, Standly;Que Se Hace;CL, CL;Urbano
Junio;Spotify;2022;25;Standly;Pégate;CL;Urbano
Junio;Spotify;2022;26;Standly;Panamera;CL;Urbano
Junio;Spotify;2022;27;Sayian Jimmy, Standly, Yishark, Nysix Music, Tobal Mj, Benji La Maldita Escritura De Oro;Flotao;CL, CL, CL, CL;Urbano
Junio;Spotify;2022;28;El Jordan 23, Big Cvyu;Noche Loca;CL, CL,;Urbano
Junio;Spotify;2022;29;Becky G, KAROL G;MAMIII;US, CO;Urbano
Junio;Spotify;2022;30;El Jordan 23;Anti Rana;CL;Urbano
Junio;Spotify;2022;31;Bad Bunny;Después de la Playa;PR;Urbano
Junio;Spotify;2022;32;Pailita, El Casti;Par de Veces;CL;Urbano
Junio;Spotify;2022;33;Harry Styles;As It Was;GB;Pop
Junio;Spotify;2022;34;Pailita, Nio Garcia;Yo Quiero;PR;Urbano
Junio;Spotify;2022;35;Mora, Feid;LA INOCENTE;SE, CO;Urbano
Junio;Spotify;2022;36;Daddy Yankee, Bad Bunny;X ÚLTIMA VEZ;PR, PR;Urbano
Junio;Spotify;2022;37;Bad Bunny, Buscabulla;Andrea;PR;Urbano
Junio;Spotify;2022;38;Bad Bunny;Neverita;PR;Urbano
Junio;Spotify;2022;39;Kate Bush;Running Up That Hill (A Deal With God);GB;Urbano
Junio;Spotify;2022;40;Bad Bunny;Yo No Soy Celoso;PR;Urbano
Junio;Spotify;2022;41;Bad Bunny;Me Fui de Vacaciones;PR;Urbano
Junio;Spotify;2022;42;Bad Bunny;Aguacero;PR;Urbano
Junio;Spotify;2022;43;Nickoog Clk;En El Jacuzzi;CL, CL;Urbano
Junio;Spotify;2022;44;Cris Mj, Marcianeke, Simon la Letra, Stars Music Chile;Los Malvekes;CL, CL;Urbano
Junio;Spotify;2022;45;Bad Bunny;Un Coco;PR;Urbano
Junio;Spotify;2022;46;Joji;Glimpse of Us;US;Pop
Junio;Spotify;2022;47;Standly;Bailemos Reggaeton;CL;Urbano
Junio;Spotify;2022;48;Nickoog Clk, Pailita, Simon la Letra, Standly;Phillie y Botella (Remix);CL;Urbano
Junio;Spotify;2022;49;Standly, El Barto;Mi Gata;CL;Urbano
Junio;Spotify;2022;50;El Jordan 23, Pipo Beatz;Ando;CL;Urbano
Junio;Spotify;2022;51;Pailita;Más de una Vez;CL;Urbano
Junio;Spotify;2022;52;El Barto, El Jordan 23, Standly, Drakomafia, Yong Bryel;Flaytiando;CL;Urbano
Junio;Spotify;2022;53;Tunechikidd, Pailita, Marcianeke, Nickoog Clk, Criss J.;Sin Miedo;CL;Urbano
Junio;Spotify;2022;54;El Jordan 23, Endo;Los Dueños Del Malianteo;CL;Urbano
Junio;Spotify;2022;55;Bad Bunny;Dos Mil 16;PR;Urbano
Junio;Spotify;2022;56;Bad Bunny;Yonaguni;PR;Urbano
Junio;Spotify;2022;57;Alejo, Feid, ROBI;Pantysito;CO, BG;Urbano
Junio;Spotify;2022;58;Duki;Antes de Perderte;AR;Urbano
Junio;Spotify;2022;59;Tainy, Bad Bunny, Julieta Venegas;Lo Siento BB:/ (with Bad Bunny & Julieta Venegas);PR, PR, MX;Urbano
Junio;Spotify;2022;60;Cris Mj;Como Te Va;CL;Urbano
Junio;Spotify;2022;61;Gino Mella, King Savagge, Best;TAY PAPO;CL, CL, CL;Urbano
Junio;Spotify;2022;62;Mora, Sech;TUS LÁGRIMAS;SE, PA;Urbano
Junio;Spotify;2022;63;Bad Bunny;Un Verano Sin Ti;PR;Urbano
Junio;Spotify;2022;64;Daddy Yankee;RUMBATÓN;PR;Urbano
Junio;Spotify;2022;65;"Balbi El Chamako, El BAI, Marcianeke, Pailita, Young Cister, Jairo Vera, Harry Nach, Forest, Julianno Sosa, Franco ""El Gorilla"", Cris Mj";Ponle - Remix;CL, CL, CL, FR, PR, CL;Urbano
Junio;Spotify;2022;66;Lleflight, Pablo Chill-E, Gino Mella, Julianno Sosa, El Jordan 23, King Savagge, Polimá Westcoast, Drago200, Jairo Vera, Galee Galee, Best;FULL PIOLI 2.O (feat. Julianno Sosa, El Jordan 23, King Savagge, Polima West Coast, Drago200, Jairo Vera, Galee Galee, Best);CL, CL, CL, CL;Urbano
Junio;Spotify;2022;67;Zion & Lennox;Yo Voy (feat. Daddy Yankee);US;Urbano
Junio;Spotify;2022;68;NATTI NATASHA, Daddy Yankee, Wisin & Yandel;Mayor Que Usted;DO, PR, PR;Urbano
Junio;Spotify;2022;69;Bad Bunny;Enséñame a Bailar;PR;Urbano
Junio;Spotify;2022;70;Bad Bunny;A Tu Merced;PR;Urbano
Junio;Spotify;2022;71;El Jordan 23, Big Cvyu;Metele Con Candela;CL, CL;Urbano
Junio;Spotify;2022;72;Bizarrap, Tiago PZK;Tiago PZK: Bzrp Music Sessions, Vol. 48;AR, AR;Urbano
Junio;Spotify;2022;73;Bad Bunny, The Marías;Otro Atardecer;PR;Urbano
Junio;Spotify;2022;74;Bizarrap, Villano Antillano;Villano Antillano: Bzrp Music Sessions, Vol. 51;AR, PR;Urbano
Junio;Spotify;2022;75;Ryan Castro;Jordan;CO;Urbano
Junio;Spotify;2022;76;Tiago PZK, Ozuna;Nos Comemos (feat. Ozuna);AR, PR;Urbano
Junio;Spotify;2022;77;Cris Mj;Locura y Maldad;CL;Urbano
Junio;Spotify;2022;78;Chris Lebron, Jay Wheeler, Sech;Desde Mis Ojos - Remix;PR, PA;Urbano
Junio;Spotify;2022;79;Anitta;Envolver;BR;Latino/Tropical
Junio;Spotify;2022;80;Danny Ocean;Fuera del mercado;VE;Pop
Junio;Spotify;2022;81;Standly, Polimá Westcoast;Me Voy Contigo;CL;Urbano
Junio;Spotify;2022;82;La Pantera, Quevedo, Juseph, ABHIR, BEJO, Cruz Cafuné, EL IMA;Cayó La Noche (feat. Cruz Cafuné, Abhir Hathi, Bejo, EL IMA) [Remix];ES, ES, ES, ES, ES;Urbano
Junio;Spotify;2022;83;Bad Bunny, Tainy;Callaita;PR, PR;Urbano
Junio;Spotify;2022;84;Bad Bunny;Agosto;PR;Urbano
Junio;Spotify;2022;85;Maluma, Chencho Corleone;Nos Comemos Vivos;CO, PR;Urbano
Junio;Spotify;2022;86;Pailita, Big Cvyu;Hooka;CL;Urbano
Junio;Spotify;2022;87;Ak4:20, Brray;MARIMBA GRINGA;PR;Urbano
Junio;Spotify;2022;88;Blessd, Justin Quiles, Lenny Tavárez;Medallo;CO, PR, PR;Urbano
Junio;Spotify;2022;89;Feid;Ferxxo 100;CO;Urbano
Junio;Spotify;2022;90;Elton John, Dua Lipa, PNAU;Cold Heart - PNAU Remix;GB, GB, AU;Pop
Junio;Spotify;2022;91;Charlie Puth, Jung Kook, BTS;Left and Right (Feat. Jung Kook of BTS);US, KR, KR;Pop
Junio;Spotify;2022;92;Duki, De La Ghetto, Quevedo;Si Quieren Frontear;PR;Urbano
Junio;Spotify;2022;93;Standly, Jon Z;Tarzan de la Selva;PR;Urbano
Junio;Spotify;2022;94;Bad Bunny, Daddy Yankee;La Santa;PR, PR;Urbano
Junio;Spotify;2022;95;C. Tangana;Demasiadas Mujeres;ES;Urbano
Junio;Spotify;2022;96;JOSEPE EL DEMENTE, Sayian Jimmy;Morena Cachetona;CL;Urbano
Junio;Spotify;2022;97;De La Ghetto, Rauw Alejandro;Loco Por Perrearte - Remix;PR, PR;Urbano
Junio;Spotify;2022;98;Bad Bunny;El Apagón;PR;Urbano
Junio;Spotify;2022;99;Tiago PZK, LIT killah, Maria Becerra, Nicki Nicole;Entre Nosotros (Remix) [con Nicki Nicole];AR, AR, AR;Urbano
Junio;Spotify;2022;100;Aventura, Bad Bunny;Volví;US, PR;Urbano
Julio;Spotify;2022;1;Bizarrap, Quevedo;Quevedo: Bzrp Music Sessions, Vol. 52;AR;Urbano
Julio;Spotify;2022;2;Bad Bunny, Chencho Corleone;Me Porto Bonito;PR, PR;Urbano
Julio;Spotify;2022;3;Polimá Westcoast, Feid, Pailita, Paloma Mami, De La Ghetto;ULTRA SOLO REMIX;CL, CO, US, PR;Urbano
Julio;Spotify;2022;4;Bad Bunny;Efecto;PR;Urbano
Julio;Spotify;2022;5;Stars Music Chile, Cris Mj, Standly;Marisola;CL;Urbano
Julio;Spotify;2022;6;Young Cister;LA TERAPIA;CL;Urbano
Julio;Spotify;2022;7;Bad Bunny;Moscow Mule;PR;Urbano
Julio;Spotify;2022;8;Bad Bunny, Bomba Estéreo;Ojitos Lindos;PR, CO;Urbano
Julio;Spotify;2022;9;Bad Bunny;Tití Me Preguntó;PR;Urbano
Julio;Spotify;2022;10;Ak4:20, Pailita, Cris Mj;Me Arrepentí;CL;Urbano
Julio;Spotify;2022;11;Chris Jedi, Anuel AA, Chencho Corleone, Ñengo Flow;La Llevo Al Cielo (Ft. Ñengo Flow);PR, PR, PR, PR;Urbano
Julio;Spotify;2022;12;KAROL G;PROVENZA;CO;Urbano
Julio;Spotify;2022;13;Duki;GIVENCHY;CL;Urbano
Julio;Spotify;2022;14;Cris Mj;Una Noche en Medellín;CL;Urbano
Julio;Spotify;2022;15;Julianno Sosa, King Savagge;Cochinae;CL;Urbano
Julio;Spotify;2022;16;Bad Bunny, JHAYCO;Tarot;PR, PR;Urbano
Julio;Spotify;2022;17;Polimá Westcoast, Pailita;ULTRA SOLO;CL;Urbano
Julio;Spotify;2022;18;Shakira, Rauw Alejandro;Te Felicito;CO, PR;Pop
Julio;Spotify;2022;19;El Jordan 23, Standly;Bailando;CL;Urbano
Julio;Spotify;2022;20;Bad Bunny, Rauw Alejandro;Party;PR, PR;Urbano
Julio;Spotify;2022;21;Bad Bunny, Tony Dize;La Corriente;PR, PR;Urbano
Julio;Spotify;2022;22;Polimá Westcoast, Young Cister, Cris Mj;SEXTIME;CL, CL;Urbano
Julio;Spotify;2022;23;Standly;Panamera;CL;Urbano
Julio;Spotify;2022;24;Pailita, Cris Mj, Big Cvyu;Dime Tú;CL;Urbano
Julio;Spotify;2022;25;Standly, Yilberking;Tequila y Limón;CL;Urbano
Julio;Spotify;2022;26;Pailita, Big Cvyu;Na Na Na;CL;Urbano
Julio;Spotify;2022;27;Rauw Alejandro, Chencho Corleone;Desesperados;PR, PR;Urbano
Julio;Spotify;2022;28;Cris Mj;Paz Mental;CL;Urbano
Julio;Spotify;2022;29;Bad Bunny;Un Ratito;PR;Urbano
Julio;Spotify;2022;30;Manuel Turizo;La Bachata;CO;Urbano
Julio;Spotify;2022;31;Feid;Normal;CO;Urbano
Julio;Spotify;2022;32;Sayian Jimmy, Standly, Yishark, Nysix Music, Tobal Mj, Benji La Maldita Escritura De Oro;Flotao;CL;Urbano
Julio;Spotify;2022;33;Nickoog Clk, Standly;Que Se Hace;CL;Urbano
Julio;Spotify;2022;34;El Jordan 23, Big Cvyu;Si Sako La 40;CL;Urbano
Julio;Spotify;2022;35;Mora, Feid;LA INOCENTE;SE, CO;Urbano
Julio;Spotify;2022;36;Becky G, KAROL G;MAMIII;US, CO;Urbano
Julio;Spotify;2022;37;Standly;Pégate;CL;Urbano
Julio;Spotify;2022;38;El Jordan 23, Big Cvyu;Noche Loca;CL;Urbano
Julio;Spotify;2022;39;Harry Styles;As It Was;GB;Pop
Julio;Spotify;2022;40;Bizarrap, Villano Antillano;Villano Antillano: Bzrp Music Sessions, Vol. 51;AR, PR;Urbano
Julio;Spotify;2022;41;Bad Bunny;Después de la Playa;PR;Urbano
Julio;Spotify;2022;42;Kate Bush;Running Up That Hill (A Deal With God);GB;Urbano
Julio;Spotify;2022;43;El Jordan 23;Anti Rana;CL;Urbano
Julio;Spotify;2022;44;Pailita, El Casti;Par de Veces;CL;Urbano
Julio;Spotify;2022;45;Gino Mella, King Savagge, Best;TAY PAPO;CL;Urbano
Julio;Spotify;2022;46;Tainy, Bad Bunny, Julieta Venegas;Lo Siento BB:/ (with Bad Bunny & Julieta Venegas);PR, PR, MX;Urbano
Julio;Spotify;2022;47;Daddy Yankee, Bad Bunny;X ÚLTIMA VEZ;PR, PR;Urbano
Julio;Spotify;2022;48;Bad Bunny;Neverita;PR;Urbano
Julio;Spotify;2022;49;Bad Bunny, Buscabulla;Andrea;PR;Urbano
Julio;Spotify;2022;50;Pailita, Nio Garcia;Yo Quiero;PR;Urbano
Julio;Spotify;2022;51;Tunechikidd, Pailita, Marcianeke, Nickoog Clk, Criss J.;Sin Miedo;CL;Urbano
Julio;Spotify;2022;52;Bad Bunny;Me Fui de Vacaciones;PR;Urbano
Julio;Spotify;2022;53;Bad Bunny;Un Coco;PR;Urbano
Julio;Spotify;2022;54;El Jordan 23, Pipo Beatz;Ando;CL;Urbano
Julio;Spotify;2022;55;Bizarrap, Tiago PZK;Tiago PZK: Bzrp Music Sessions, Vol. 48;AR, AR;Urbano
Julio;Spotify;2022;56;Bad Bunny;Yonaguni;PR;Urbano
Julio;Spotify;2022;57;Bad Bunny;Dos Mil 16;PR;Urbano
Julio;Spotify;2022;58;Nickoog Clk;En El Jacuzzi;CL;Urbano
Julio;Spotify;2022;59;Standly;Bailemos Reggaeton;CL;Urbano
Julio;Spotify;2022;60;Nickoog Clk, Pailita, Simon la Letra, Standly;Phillie y Botella (Remix);CL;Urbano
Julio;Spotify;2022;61;Bad Bunny;Yo No Soy Celoso;PR;Urbano
Julio;Spotify;2022;62;Bad Bunny;Aguacero;PR;Urbano
Julio;Spotify;2022;63;Standly, El Barto;Mi Gata;CL;Urbano
Julio;Spotify;2022;64;Alejo, Feid, ROBI;Pantysito;CO, BG;Urbano
Julio;Spotify;2022;65;La Pantera, Quevedo, Juseph, ABHIR, BEJO, Cruz Cafuné, EL IMA;Cayó La Noche (feat. Cruz Cafuné, Abhir Hathi, Bejo, EL IMA) [Remix];ES, ES, ES, ES, ES;Urbano
Julio;Spotify;2022;66;Lasso;Ojos Marrones;VE;Urbano
Julio;Spotify;2022;67;Pailita;Más de una Vez;CL;Urbano
Julio;Spotify;2022;68;Cris Mj, Marcianeke, Simon la Letra, Stars Music Chile;Los Malvekes;CL, CL;Urbano
Julio;Spotify;2022;69;"Balbi El Chamako, El BAI, Marcianeke, Pailita, Young Cister, Jairo Vera, Harry Nach, Forest, Julianno Sosa, Franco ""El Gorilla"", Cris Mj";Ponle - Remix;CL, CL, CL, FR, PR, CL;Urbano
Julio;Spotify;2022;70;NATTI NATASHA, Daddy Yankee, Wisin & Yandel;Mayor Que Usted;DO, PR, PR;Urbano
Julio;Spotify;2022;71;Cris Mj;Como Te Va;CL;Urbano
Julio;Spotify;2022;72;Mora, Sech;TUS LÁGRIMAS;SE, PA;Urbano
Julio;Spotify;2022;73;Chris Lebron, Jay Wheeler, Sech;Desde Mis Ojos - Remix;PR, PA;Urbano
Julio;Spotify;2022;74;Zion & Lennox;Yo Voy (feat. Daddy Yankee);US;Urbano
Julio;Spotify;2022;75;Lleflight, Pablo Chill-E, Gino Mella, Julianno Sosa, El Jordan 23, King Savagge, Polimá Westcoast, Drago200, Jairo Vera, Galee Galee, Best;FULL PIOLI 2.O (feat. Julianno Sosa, El Jordan 23, King Savagge, Polima West Coast, Drago200, Jairo Vera, Galee Galee, Best);CL, CL, CL, CL;Urbano
Julio;Spotify;2022;76;El Jordan 23, Endo;Los Dueños Del Malianteo;US;Urbano
Julio;Spotify;2022;77;Bad Bunny;Un Verano Sin Ti;PR;Urbano
Julio;Spotify;2022;78;Bad Bunny;A Tu Merced;PR;Urbano
Julio;Spotify;2022;79;Joji;Glimpse of Us;US;Pop
Julio;Spotify;2022;80;Ryan Castro;Jordan;CO;Urbano
Julio;Spotify;2022;81;Cris Mj;Locura y Maldad;CL;Urbano
Julio;Spotify;2022;82;El Barto, El Jordan 23, Standly, Drakomafia, Yong Bryel;Flaytiando;CL;Urbano
Julio;Spotify;2022;83;Elton John, Dua Lipa, PNAU;Cold Heart - PNAU Remix;GB, GB, AU;Pop
Julio;Spotify;2022;84;Feid;Ferxxo 100;CO;Urbano
Julio;Spotify;2022;85;Bad Bunny, The Marías;Otro Atardecer;PR;Urbano
Julio;Spotify;2022;86;Maluma, Chencho Corleone;Nos Comemos Vivos;CO, PR;Urbano
Julio;Spotify;2022;87;Anuel AA, Zion, Randy;Malo;PR, US, US;Urbano
Julio;Spotify;2022;88;Standly, Polimá Westcoast;Me Voy Contigo;CL;Urbano
Julio;Spotify;2022;89;Bad Bunny;Enséñame a Bailar;PR;Urbano
Julio;Spotify;2022;90;Duki;Antes de Perderte;AR;Urbano
Julio;Spotify;2022;91;Bad Bunny, Tainy;Callaita;PR, PR;Urbano
Julio;Spotify;2022;92;J Balvin, Bad Bunny;LA CANCIÓN;CO, PR;Urbano
Julio;Spotify;2022;93;Pailita, Big Cvyu;Hooka;CL;Urbano
Julio;Spotify;2022;94;Daddy Yankee;RUMBATÓN;PR;Urbano
Julio;Spotify;2022;95;Anitta;Envolver;BR;Urbano
Julio;Spotify;2022;96;Morat;No Se Va;CO;Pop
Julio;Spotify;2022;97;Plan B;Es un Secreto;GB;Urbano
Julio;Spotify;2022;98;Tiago PZK, Ozuna;Nos Comemos (feat. Ozuna);AR, PR;Urbano
Julio;Spotify;2022;99;De La Ghetto, Rauw Alejandro;Loco Por Perrearte - Remix;PR, PR;Urbano
Julio;Spotify;2022;100;Bad Bunny, Daddy Yankee;La Santa;PR, PR;Urbano
Agosto;Spotify;2022;1;Bizarrap, Quevedo;Quevedo: Bzrp Music Sessions, Vol. 52;AR;Urbano
Agosto;Spotify;2022;2;Stars Music Chile, Cris Mj, Standly;Marisola;CL;Urbano
Agosto;Spotify;2022;3;Bad Bunny, Chencho Corleone;Me Porto Bonito;PR, PR;Urbano
Agosto;Spotify;2022;4;Bad Bunny;Efecto;PR;Urbano
Agosto;Spotify;2022;5;Julianno Sosa, Endo, El Jordan 23, Noiss;PERREA KTM;US;Urbano
Agosto;Spotify;2022;6;Pailita, Young Cister;Caminemos de la Mano;CL;Urbano
Agosto;Spotify;2022;7;Manuel Turizo;La Bachata;CO;Urbano
Agosto;Spotify;2022;8;ROSALÍA;DESPECHÁ;ES;Latino/Tropical
Agosto;Spotify;2022;9;Polimá Westcoast, Feid, Pailita, Paloma Mami, De La Ghetto;ULTRA SOLO REMIX;CL, CO, US, PR;Urbano
Agosto;Spotify;2022;10;Bad Bunny;Moscow Mule;PR;Urbano
Agosto;Spotify;2022;11;Young Cister;LA TERAPIA;CL;Urbano
Agosto;Spotify;2022;12;Bad Bunny, Bomba Estéreo;Ojitos Lindos;PR, CO;Urbano
Agosto;Spotify;2022;13;Bad Bunny;Tití Me Preguntó;PR;Urbano
Agosto;Spotify;2022;14;Martinwhite, Erreflexx;V16;CL;Urbano
Agosto;Spotify;2022;15;Pablito Pesadilla, Polimá Westcoast, Nickoog Clk, Fran C;BABY OTAKU;CL;Urbano
Agosto;Spotify;2022;16;Ak4:20, Pailita, Cris Mj;Me Arrepentí;CL;Urbano
Agosto;Spotify;2022;17;Standly;Panamera;CL;Urbano
Agosto;Spotify;2022;18;Chris Jedi, Anuel AA, Chencho Corleone, Ñengo Flow;La Llevo Al Cielo (Ft. Ñengo Flow);PR, PR, PR, PR;Urbano
Agosto;Spotify;2022;19;Luar La L;Caile;PR;Urbano
Agosto;Spotify;2022;20;KAROL G;PROVENZA;CO;Urbano
Agosto;Spotify;2022;21;Bad Bunny, Tony Dize;La Corriente;PR, PR;Urbano
Agosto;Spotify;2022;22;Cris Mj;Una Noche en Medellín;CL;Urbano
Agosto;Spotify;2022;23;Brytiago, Polimá Westcoast;S.O.S.;PR, CL;Urbano
Agosto;Spotify;2022;24;Bad Bunny, JHAYCO;Tarot;PR, PR;Urbano
Agosto;Spotify;2022;25;Sayian Jimmy, Standly, Yishark, Nysix Music, Tobal Mj, Benji La Maldita Escritura De Oro;Flotao;CL;Urbano
Agosto;Spotify;2022;26;Standly, Yilberking;Tequila y Limón;CL;Urbano
Agosto;Spotify;2022;27;Ak4:20, King Savagge, KEVVO;NO ERES SANTA;PR;Urbano
Agosto;Spotify;2022;28;Polimá Westcoast, Pailita;ULTRA SOLO;CL;Urbano
Agosto;Spotify;2022;29;El Jordan 23, Standly;Bailando;CL;Urbano
Agosto;Spotify;2022;30;Julianno Sosa, King Savagge;Cochinae;CL;Urbano
Agosto;Spotify;2022;31;Rels B;cómo dormiste?;ES;Urbano
Agosto;Spotify;2022;32;Nickoog Clk, Standly;Que Se Hace;CL;Urbano
Agosto;Spotify;2022;33;Bad Bunny, Rauw Alejandro;Party;PR, PR;Urbano
Agosto;Spotify;2022;34;Mora, Feid;LA INOCENTE;SE, CO;Urbano
Agosto;Spotify;2022;35;Rauw Alejandro, Lyanno, Brray;LOKERA;PR, PR, PR;Urbano
Agosto;Spotify;2022;36;Shakira, Rauw Alejandro;Te Felicito;CO, PR;Pop
Agosto;Spotify;2022;37;Pailita, Cris Mj, Big Cvyu;Dime Tú;CL;Urbano
Agosto;Spotify;2022;38;Feid;Si Te La Encuentras Por Ahí;CO;Urbano
Agosto;Spotify;2022;39;Pailita, Big Cvyu;Na Na Na;CL;Urbano
Agosto;Spotify;2022;40;Polimá Westcoast, Young Cister, Cris Mj;SEXTIME;CL, CL;Urbano
Agosto;Spotify;2022;41;Gino Mella, King Savagge, Best;TAY PAPO;CL;Urbano
Agosto;Spotify;2022;42;Feid;Normal;CO;Urbano
Agosto;Spotify;2022;43;Julianno Sosa, Young Cister;GANAS;CL,CL;Urbano
Agosto;Spotify;2022;44;Rauw Alejandro, Chencho Corleone;Desesperados;PR, PR;Urbano
Agosto;Spotify;2022;45;Bad Bunny;Un Ratito;PR;Urbano
Agosto;Spotify;2022;46;King Savagge, Noriel;Tra Tra;PR;Urbano
Agosto;Spotify;2022;47;BLACKPINK;Pink Venom;KR;Pop
Agosto;Spotify;2022;48;Bad Bunny;Neverita;PR;Urbano
Agosto;Spotify;2022;49;King Savagge, L-Gante, El Jordan 23, Cris Mj, Marcianeke, Drakomafia;Pantano - Remix;CL, CL;Urbano
Agosto;Spotify;2022;50;Harry Styles;As It Was;GB;Pop
Agosto;Spotify;2022;51;Cris Mj;Paz Mental;CL;Urbano
Agosto;Spotify;2022;52;Becky G, KAROL G;MAMIII;US, CO;Urbano
Agosto;Spotify;2022;53;El Jordan 23, Big Cvyu;Si Sako La 40;CL,CL;Urbano
Agosto;Spotify;2022;54;Standly;Pégate;CL;Urbano
Agosto;Spotify;2022;55;Gino Mella, Balbi El Chamako, El Futuro Fuera De Orbita, Lleflight, Best;Olvidona (feat. Lleflight, Best);CL;Urbano
Agosto;Spotify;2022;56;Duki;GIVENCHY;AR;Urbano
Agosto;Spotify;2022;57;Nickoog Clk;En El Jacuzzi;CL;Urbano
Agosto;Spotify;2022;58;Standly;Bailemos Reggaeton;CL;Urbano
Agosto;Spotify;2022;59;Bad Bunny;Después de la Playa;PR;Urbano
Agosto;Spotify;2022;60;El Jordan 23, Big Cvyu;Noche Loca;CL,CL;Urbano
Agosto;Spotify;2022;61;Tainy, Bad Bunny, Julieta Venegas;Lo Siento BB:/ (with Bad Bunny & Julieta Venegas);PR, PR, MX;Urbano
Agosto;Spotify;2022;62;Pailita, El Casti;Par de Veces;CL;Urbano
Agosto;Spotify;2022;63;Bad Bunny;Un Coco;PR;Urbano
Agosto;Spotify;2022;64;Nickoog Clk;Callate Perro;CL;Urbano
Agosto;Spotify;2022;65;Pailita, Nio Garcia;Yo Quiero;PR;Urbano
Agosto;Spotify;2022;66;Feid;Feliz Cumpleaños Ferxxo;CO;Urbano
Agosto;Spotify;2022;67;Bad Bunny;Yonaguni;PR;Urbano
Agosto;Spotify;2022;68;Bizarrap, Villano Antillano;Villano Antillano: Bzrp Music Sessions, Vol. 51;AR, PR;Urbano
Agosto;Spotify;2022;69;Standly;Baila para Mi;CL;Urbano
Agosto;Spotify;2022;70;Tunechikidd, Pailita, Marcianeke, Nickoog Clk, Criss J.;Sin Miedo;CL;Urbano
Agosto;Spotify;2022;71;Jairo Vera;Tarima;CL;Urbano
Agosto;Spotify;2022;72;Bad Bunny, Buscabulla;Andrea;PR;Urbano
Agosto;Spotify;2022;73;Bad Bunny;Dos Mil 16;PR;Urbano
Agosto;Spotify;2022;74;Bad Bunny;Me Fui de Vacaciones;PR;Urbano
Agosto;Spotify;2022;75;El Jordan 23;Anti Rana;CL;Urbano
Agosto;Spotify;2022;76;Myke Towers, JHAYCO;Ande Con Quien Ande;PR, PR;Urbano
Agosto;Spotify;2022;77;Lasso;Ojos Marrones;VE;Urbano
Agosto;Spotify;2022;78;Bizarrap, Tiago PZK;Tiago PZK: Bzrp Music Sessions, Vol. 48;AR, AR;Urbano
Agosto;Spotify;2022;79;Nickoog Clk, Pailita, Simon la Letra, Standly;Phillie y Botella (Remix);CL,CL,CL,CL;Urbano
Agosto;Spotify;2022;80;De La Ghetto, Rauw Alejandro;Loco Por Perrearte - Remix;PR, PR;Urbano
Agosto;Spotify;2022;81;Daddy Yankee, Bad Bunny;X ÚLTIMA VEZ;PR, PR;Urbano
Agosto;Spotify;2022;82;El Jordan 23, Pipo Beatz;Ando;CL;Urbano
Agosto;Spotify;2022;83;Zion & Lennox;Yo Voy (feat. Daddy Yankee);US;Urbano
Agosto;Spotify;2022;84;Alejo, Feid, ROBI;Pantysito;CO, BG;Urbano
Agosto;Spotify;2022;85;Kate Bush;Running Up That Hill (A Deal With God);GB;Rock
Agosto;Spotify;2022;86;Bad Bunny;Aguacero;PR;Urbano
Agosto;Spotify;2022;87;Piso 21, Manuel Turizo;Los Cachos;CO, CO;Urbano
Agosto;Spotify;2022;88;Plan B;Es un Secreto;GB;Urbano
Agosto;Spotify;2022;89;Plan B;Por Que Te Demoras?;GB;Urbano
Agosto;Spotify;2022;90;Bad Bunny;Yo No Soy Celoso;PR;Urbano
Agosto;Spotify;2022;91;NATTI NATASHA, Daddy Yankee, Wisin & Yandel;Mayor Que Usted;DO, PR, PR;Urbano
Agosto;Spotify;2022;92;Chris Lebron, Jay Wheeler, Sech;Desde Mis Ojos - Remix;PR, PA;Urbano
Agosto;Spotify;2022;93;Elton John, Dua Lipa, PNAU;Cold Heart - PNAU Remix;GB, GB, AU;Pop
Agosto;Spotify;2022;94;Cris Mj;Como Te Va;CL;Urbano
Agosto;Spotify;2022;95;"Balbi El Chamako, El BAI, Marcianeke, Pailita, Young Cister, Jairo Vera, Harry Nach, Forest, Julianno Sosa, Franco ""El Gorilla"", Cris Mj";Ponle - Remix;CL, CL, CL, FR, PR, CL;Urbano
Agosto;Spotify;2022;96;Bad Bunny;A Tu Merced;PR;Urbano
Agosto;Spotify;2022;97;Maltrunks, Ezenzial;Guaracha Sutra;CL,CL;Urbano
Agosto;Spotify;2022;98;Standly, El Barto;Mi Gata;CL,CL;Urbano
Agosto;Spotify;2022;99;J Balvin, Bad Bunny;LA CANCIÓN;CO, PR;Urbano
Agosto;Spotify;2022;100;Feid;Ferxxo 100;CO;Urbano
Septiembre;Spotify;2022;1;Stars Music Chile, Cris Mj, Standly;Marisola;CL;Urbano
Septiembre;Spotify;2022;2;Pablito Pesadilla, Polimá Westcoast, Nickoog Clk, Fran C;BABY OTAKU;CL;Urbano
Septiembre;Spotify;2022;3;Manuel Turizo;La Bachata;CO;Urbano
Septiembre;Spotify;2022;4;Bizarrap, Quevedo;Quevedo: Bzrp Music Sessions, Vol. 52;AR;Urbano
Septiembre;Spotify;2022;5;Bad Bunny, Chencho Corleone;Me Porto Bonito;PR, PR;Urbano
Septiembre;Spotify;2022;6;Julianno Sosa, Young Cister;GANAS;CL,CL;Urbano
Septiembre;Spotify;2022;7;Bad Bunny;Efecto;PR;Urbano
Septiembre;Spotify;2022;8;Quevedo;VISTA AL MAR;ES;Urbano
Septiembre;Spotify;2022;9;Bad Bunny;Moscow Mule;PR;Urbano
Septiembre;Spotify;2022;10;Bad Bunny, Bomba Estéreo;Ojitos Lindos;PR, CO;Urbano
Septiembre;Spotify;2022;11;Julianno Sosa, Endo, El Jordan 23, Noiss;PERREA KTM;US;Urbano
Septiembre;Spotify;2022;12;Polimá Westcoast, Feid, Pailita, Paloma Mami, De La Ghetto;ULTRA SOLO REMIX;CL, CO, US, PR;Urbano
Septiembre;Spotify;2022;13;Rauw Alejandro, Lyanno, Brray;LOKERA;PR, PR, PR;Urbano
Septiembre;Spotify;2022;14;ROSALÍA;DESPECHÁ;ES;Latino/Tropical
Septiembre;Spotify;2022;15;Bad Bunny;Tití Me Preguntó;PR;Urbano
Septiembre;Spotify;2022;16;Young Cister;LA TERAPIA;CL;Urbano
Septiembre;Spotify;2022;17;Pailita, Young Cister;Caminemos de la Mano;CL;Urbano
Septiembre;Spotify;2022;18;Feid;Feliz Cumpleaños Ferxxo;CO;Urbano
Septiembre;Spotify;2022;19;Polimá Westcoast, J Balvin;KAWAII;CL, CO;Urbano
Septiembre;Spotify;2022;20;Luar La L;Caile;CL,CO;Urbano
Septiembre;Spotify;2022;21;Standly;Panamera;CL;Urbano
Septiembre;Spotify;2022;22;Bad Bunny;Neverita;PR;Urbano
Septiembre;Spotify;2022;23;Martinwhite, Erreflexx;V16;CL;Urbano
Septiembre;Spotify;2022;24;KAROL G, Maldy;GATÚBELA;CO, PR;Urbano
Septiembre;Spotify;2022;25;Cris Mj;Una Noche en Medellín;CL;Urbano
Septiembre;Spotify;2022;26;Ak4:20;SE ENDIABLA;CL;Urbano
Septiembre;Spotify;2022;27;KAROL G;PROVENZA;CO;Urbano
Septiembre;Spotify;2022;28;Ak4:20, Pailita, Cris Mj;Me Arrepentí;CL;Urbano
Septiembre;Spotify;2022;29;El BAI, Cris Mj, SowlBeatz;Pensándote;CL, CL;Urbano
Septiembre;Spotify;2022;30;Bad Bunny, Tony Dize;La Corriente;PR, PR;Urbano
Septiembre;Spotify;2022;31;Chris Jedi, Anuel AA, Chencho Corleone, Ñengo Flow;La Llevo Al Cielo (Ft. Ñengo Flow);PR, PR, PR, PR;Urbano
Septiembre;Spotify;2022;32;Mora, Feid;LA INOCENTE;SE, CO;Urbano
Septiembre;Spotify;2022;33;Cris Mj, Jory Boy;Suburban;CL, PR;Urbano
Septiembre;Spotify;2022;34;El Jordan 23, Standly;Bailando;CL,PR;Urbano
Septiembre;Spotify;2022;35;Bad Bunny, JHAYCO;Tarot;PR, PR;Urbano
Septiembre;Spotify;2022;36;Sayian Jimmy, Standly, Yishark, Nysix Music, Tobal Mj, Benji La Maldita Escritura De Oro;Flotao;PR,PR;Urbano
Septiembre;Spotify;2022;37;Feid;Prohibidox;CO;Urbano
Septiembre;Spotify;2022;38;Polimá Westcoast, Pailita;ULTRA SOLO;CL;Urbano
Septiembre;Spotify;2022;39;Coldplay;Yellow;GB;Pop
Septiembre;Spotify;2022;40;El Jordan 23;Pato Feo Soy Yo;CL;Urbano
Septiembre;Spotify;2022;41;Standly, Yilberking;Tequila y Limón;CL,CL;Urbano
Septiembre;Spotify;2022;42;Feid;Normal;CO;Urbano
Septiembre;Spotify;2022;43;Bad Bunny, Rauw Alejandro;Party;PR, PR;Urbano
Septiembre;Spotify;2022;44;Brytiago, Polimá Westcoast;S.O.S.;PR, CL;Urbano
Septiembre;Spotify;2022;45;Pailita, Cris Mj, Big Cvyu;Dime Tú;CL;Urbano
Septiembre;Spotify;2022;46;Julianno Sosa, King Savagge;Cochinae;CL,CL;Urbano
Septiembre;Spotify;2022;47;Polimá Westcoast, Young Cister, Cris Mj;SEXTIME;CL, CL;Urbano
Septiembre;Spotify;2022;48;King Savagge, Noriel;Tra Tra;PR;Urbano
Septiembre;Spotify;2022;49;Daddy Yankee, Bad Bunny;X ÚLTIMA VEZ;PR, PR;Urbano
Septiembre;Spotify;2022;50;Nickoog Clk, Standly;Que Se Hace;CL, CL;Urbano
Septiembre;Spotify;2022;51;Rels B;cómo dormiste?;ES;Urbano
Septiembre;Spotify;2022;52;Cris Mj, Fran C;Bellakera;CL;Urbano
Septiembre;Spotify;2022;53;Rauw Alejandro, Chencho Corleone;Desesperados;PR, PR;Urbano
Septiembre;Spotify;2022;54;Sam Smith, Kim Petras;Unholy (feat. Kim Petras);GB, US;Pop
Septiembre;Spotify;2022;55;Feid;Si Te La Encuentras Por Ahí;CO;Urbano
Septiembre;Spotify;2022;56;Standly;Baila para Mi;CL;Urbano
Septiembre;Spotify;2022;57;Harry Styles;As It Was;GB;Pop
Septiembre;Spotify;2022;58;Shakira, Rauw Alejandro;Te Felicito;CO, PR;Pop
Septiembre;Spotify;2022;59;Pailita, Big Cvyu;Na Na Na;CL, CL;Urbano
Septiembre;Spotify;2022;60;Standly;Pégate;CL;Urbano
Septiembre;Spotify;2022;61;Coldplay;The Scientist;GB;Pop
Septiembre;Spotify;2022;62;Becky G, KAROL G;MAMIII;US, CO;Urbano
Septiembre;Spotify;2022;63;Jairo Vera;Tarima;CL;Urbano
Septiembre;Spotify;2022;64;Coldplay, BTS;My Universe;GB, KR;Pop
Septiembre;Spotify;2022;65;Bad Bunny;Un Ratito;PR;Urbano
Septiembre;Spotify;2022;66;Gino Mella, King Savagge, Best;TAY PAPO;CL,CL,CL;Urbano
Septiembre;Spotify;2022;67;Daddy Yankee;RUMBATÓN;PR;Urbano
Septiembre;Spotify;2022;68;Standly;Bailemos Reggaeton;CL;Urbano
Septiembre;Spotify;2022;69;Ak4:20, King Savagge, KEVVO;NO ERES SANTA;PR;Urbano
Septiembre;Spotify;2022;70;Cris Mj;Paz Mental;CL;Urbano
Septiembre;Spotify;2022;71;Bad Bunny;Yonaguni;PR;Urbano
Septiembre;Spotify;2022;72;El Jordan 23, Big Cvyu;Si Sako La 40;CL,CL;Urbano
Septiembre;Spotify;2022;73;BLACKPINK;Shut Down;KR;Pop
Septiembre;Spotify;2022;74;Bad Bunny, Daddy Yankee;La Santa;PR, PR;Urbano
Septiembre;Spotify;2022;75;Coldplay;Paradise;GB;Pop
Septiembre;Spotify;2022;76;Coldplay;Fix You;GB;Pop
Septiembre;Spotify;2022;77;Zion & Lennox;Yo Voy (feat. Daddy Yankee);US;Urbano
Septiembre;Spotify;2022;78;El Jordan 23, Big Cvyu;Noche Loca;CL,CL;Urbano
Septiembre;Spotify;2022;79;Anuel AA;Mercedes Tintia;PR;Urbano
Septiembre;Spotify;2022;80;The Chainsmokers, Coldplay;Something Just Like This;US, GB;Pop
Septiembre;Spotify;2022;81;Plan B;Por Que Te Demoras?;GB;Urbano
Septiembre;Spotify;2022;82;Tainy, Bad Bunny, Julieta Venegas;Lo Siento BB:/ (with Bad Bunny & Julieta Venegas);PR, PR, MX;Urbano
Septiembre;Spotify;2022;83;Bad Bunny;Después de la Playa;PR;Urbano
Septiembre;Spotify;2022;84;Daddy Yankee;Gasolina;PR;Urbano
Septiembre;Spotify;2022;85;Elton John, Dua Lipa, PNAU;Cold Heart - PNAU Remix;GB, GB, AU;Pop
Septiembre;Spotify;2022;86;El Jordan 23;Bakanisimo;CL;Urbano
Septiembre;Spotify;2022;87;NATTI NATASHA, Daddy Yankee, Wisin & Yandel;Mayor Que Usted;DO, PR, PR;Urbano
Septiembre;Spotify;2022;88;Coldplay;Sparks;GB;Pop
Septiembre;Spotify;2022;89;Coldplay;Hymn for the Weekend;GB;Pop
Septiembre;Spotify;2022;90;Bad Bunny;Un Coco;PR;Urbano
Septiembre;Spotify;2022;91;Rauw Alejandro, Baby Rasta;PUNTO 40;PR, PR;Urbano
Septiembre;Spotify;2022;92;Feid;Ferxxo 100;CO;Urbano
Septiembre;Spotify;2022;93;Nickoog Clk;En El Jacuzzi;CL;Urbano
Septiembre;Spotify;2022;94;Pailita, El Casti;Par de Veces;CL;Urbano
Septiembre;Spotify;2022;95;Paulo Londra, Duki;Party en el Barrio (feat. Duki);AR;Urbano
Septiembre;Spotify;2022;96;Pailita, Nio Garcia;Yo Quiero;PR;Urbano
Septiembre;Spotify;2022;97;Plan B;Es un Secreto;GB;Urbano
Septiembre;Spotify;2022;98;Cris Mj, Juanka;Víbora;CL, PR;Urbano
Septiembre;Spotify;2022;99;De La Ghetto, Rauw Alejandro;Loco Por Perrearte - Remix;PR, PR;Urbano
Septiembre;Spotify;2022;100;King Savagge, L-Gante, El Jordan 23, Cris Mj, Marcianeke, Drakomafia;Pantano - Remix;CL, CL;Urbano
Octubre;Spotify;2022;1;Pailita, El Jordan 23, Noriel, Pablo Chill-E;Na Na Na - Remix;PR, CL;Urbano
Octubre;Spotify;2022;2;Manuel Turizo;La Bachata;CO;Urbano
Octubre;Spotify;2022;3;Stars Music Chile, Cris Mj, Standly;Marisola;CL;Urbano
Octubre;Spotify;2022;4;Pablito Pesadilla, Polimá Westcoast, Nickoog Clk, Fran C;BABY OTAKU;CL;Urbano
Octubre;Spotify;2022;5;Bizarrap, Quevedo;Quevedo: Bzrp Music Sessions, Vol. 52;AR;Urbano
Octubre;Spotify;2022;6;Bad Bunny, Chencho Corleone;Me Porto Bonito;PR, PR;Urbano
Octubre;Spotify;2022;7;Bad Bunny;Efecto;PR;Urbano
Octubre;Spotify;2022;8;Quevedo;VISTA AL MAR;ES;Urbano
Octubre;Spotify;2022;9;Shakira, Ozuna;Monotonía;CO, PR;Urbano
Octubre;Spotify;2022;10;Ozuna, Feid;Hey Mor;PR, CO;Urbano
Octubre;Spotify;2022;11;Feid;Feliz Cumpleaños Ferxxo;CO;Urbano
Octubre;Spotify;2022;12;Julianno Sosa, Young Cister;GANAS;CL,CL;Urbano
Octubre;Spotify;2022;13;Rauw Alejandro, Lyanno, Brray;LOKERA;PR, PR, PR;Urbano
Octubre;Spotify;2022;14;Bad Bunny;Moscow Mule;PR;Urbano
Octubre;Spotify;2022;15;Rauw Alejandro, Baby Rasta;PUNTO 40;PR, PR;Urbano
Octubre;Spotify;2022;16;ROSALÍA;DESPECHÁ;ES;Urbano
Octubre;Spotify;2022;17;Bad Bunny, Bomba Estéreo;Ojitos Lindos;PR, CO;Urbano
Octubre;Spotify;2022;18;Bad Bunny;Tití Me Preguntó;PR;Urbano
Octubre;Spotify;2022;19;Ak4:20;SE ENDIABLA;CL;Urbano
Octubre;Spotify;2022;20;Pailita;Parcera;CL;Urbano
Octubre;Spotify;2022;21;Young Cister;LA TERAPIA;CL;Urbano
Octubre;Spotify;2022;22;Bad Bunny;Neverita;PR;Urbano
Octubre;Spotify;2022;23;Nickoog Clk;Salimos Del Tarro;CL;Urbano
Octubre;Spotify;2022;24;Polimá Westcoast, Feid, Pailita, Paloma Mami, De La Ghetto;ULTRA SOLO REMIX;CL, CO, US, PR;Urbano
Octubre;Spotify;2022;25;Jairo Vera, Darkiel, Gino Mella, Best, Bayriton;ADICTO (feat. Best, Bayriton);PR;Urbano
Octubre;Spotify;2022;26;Luar La L;Caile;PR;Urbano
Octubre;Spotify;2022;27;Wisin & Yandel, ROSALÍA;Besos Moja2;PR, ES;Urbano
Octubre;Spotify;2022;28;Julianno Sosa, Endo, El Jordan 23, Noiss;PERREA KTM;US;Urbano
Octubre;Spotify;2022;29;KAROL G, Maldy;GATÚBELA;CO, PR;Urbano
Octubre;Spotify;2022;30;Pailita, Young Cister;Caminemos de la Mano;CL,CL;Urbano
Octubre;Spotify;2022;31;Standly;Panamera;CL;Urbano
Octubre;Spotify;2022;32;Mora, Feid;LA INOCENTE;SE, CO;Urbano
Octubre;Spotify;2022;33;Bad Bunny, Tony Dize;La Corriente;PR, PR;Urbano
Octubre;Spotify;2022;34;JC Reyes, Pablo Chill-E, ECKO;34 Amor y Mafia REMIX;CL;Urbano
Octubre;Spotify;2022;35;El Jordan 23;Bakanisimo;CL;Urbano
Octubre;Spotify;2022;36;Feid;Normal;CO;Urbano
Octubre;Spotify;2022;37;Cris Mj;Una Noche en Medellín;CL;Urbano
Octubre;Spotify;2022;38;KAROL G;PROVENZA;CO;Urbano
Octubre;Spotify;2022;39;Ak4:20, Pailita, Cris Mj;Me Arrepentí;CL;Urbano
Octubre;Spotify;2022;40;El BAI, Cris Mj, SowlBeatz;Pensándote;CL, CL;Urbano
Octubre;Spotify;2022;41;Martinwhite, Erreflexx;V16;CL,CL;Urbano
Octubre;Spotify;2022;42;JHAYCO, Feid, Sech;En La De Ella;PR, CO, PA;Urbano
Octubre;Spotify;2022;43;Bad Bunny, JHAYCO;Tarot;PR, PR;Urbano
Octubre;Spotify;2022;44;Standly;Baila para Mi;CL;Urbano
Octubre;Spotify;2022;45;Shakira, Rauw Alejandro;Te Felicito;CO, PR;Pop
Octubre;Spotify;2022;46;Polimá Westcoast, J Balvin;KAWAII;CL, CO;Urbano
Octubre;Spotify;2022;47;Cris Mj, Fran C;Bellakera;CL;Urbano
Octubre;Spotify;2022;48;Standly;Pégate;CL;Urbano
Octubre;Spotify;2022;49;Bad Bunny, Rauw Alejandro;Party;PR, PR;Urbano
Octubre;Spotify;2022;50;El Jordan 23, Standly;Bailando;CL,CL;Urbano
Octubre;Spotify;2022;51;Taylor Swift;Anti-Hero;US;Pop
Octubre;Spotify;2022;52;Bayron Fire, Nickoog Clk, Balbi El Chamako, Jairo Vera, Bayriton, Tommy Boysen;Hay Amores Que Matan - Remix;CL, CL;Urbano
Octubre;Spotify;2022;53;Rauw Alejandro, Chencho Corleone;Desesperados;PR, PR;Urbano
Octubre;Spotify;2022;54;King Savagge, Noriel;Tra Tra;PR;Urbano
Octubre;Spotify;2022;55;Chris Jedi, Anuel AA, Chencho Corleone, Ñengo Flow;La Llevo Al Cielo (Ft. Ñengo Flow);PR, PR, PR, PR;Urbano
Octubre;Spotify;2022;56;Feid;Prohibidox;CO;Urbano
Octubre;Spotify;2022;57;Pailita, Cris Mj, Big Cvyu;Dime Tú;CL;Urbano
Octubre;Spotify;2022;58;Bad Bunny;Un Ratito;PR;Urbano
Octubre;Spotify;2022;59;Bad Bunny;Yonaguni;PR;Urbano
Octubre;Spotify;2022;60;Harry Styles;As It Was;GB;Pop
Octubre;Spotify;2022;61;Cris Mj, Jory Boy;Suburban;CL, PR;Urbano
Octubre;Spotify;2022;62;Polimá Westcoast, Young Cister, Cris Mj;SEXTIME;CL, CL;Urbano
Octubre;Spotify;2022;63;Polimá Westcoast, Pailita;ULTRA SOLO;CL;Urbano
Octubre;Spotify;2022;64;Becky G, KAROL G;MAMIII;US, CO;Urbano
Octubre;Spotify;2022;65;Taylor Swift;Lavender Haze;US;Pop
Octubre;Spotify;2022;66;Standly, Yilberking;Tequila y Limón;CL;Urbano
Octubre;Spotify;2022;67;Sayian Jimmy, Standly, Yishark, Nysix Music, Tobal Mj, Benji La Maldita Escritura De Oro;Flotao;CL,CL,CL,CL,CL,CL;Urbano
Octubre;Spotify;2022;68;Sam Smith, Kim Petras;Unholy (feat. Kim Petras);GB, US;Urbano
Octubre;Spotify;2022;69;Julianno Sosa, King Savagge;Cochinae;CL,CL;Urbano
Octubre;Spotify;2022;70;Brytiago, Polimá Westcoast;S.O.S.;PR, CL;Urbano
Octubre;Spotify;2022;71;Taylor Swift, Lana Del Rey;Snow On The Beach (feat. Lana Del Rey);US, US;Pop
Octubre;Spotify;2022;72;El Jordan 23;Pato Feo Soy Yo;CL;Urbano
Octubre;Spotify;2022;73;Jairo Vera;Tarima;CL;Urbano
Octubre;Spotify;2022;74;Rels B;cómo dormiste?;ES;Urbano
Octubre;Spotify;2022;75;Cris Mj;Paz Mental;CL;Urbano
Octubre;Spotify;2022;76;Nickoog Clk, Standly;Que Se Hace;CL,CL;Urbano
Octubre;Spotify;2022;77;J Balvin, Bad Bunny;LA CANCIÓN;CO, PR;Urbano
Octubre;Spotify;2022;78;Bad Bunny;Un Coco;PR;Urbano
Octubre;Spotify;2022;79;Daddy Yankee, Bad Bunny;X ÚLTIMA VEZ;PR, PR;Urbano
Octubre;Spotify;2022;80;Bad Bunny;Después de la Playa;PR;Urbano
Octubre;Spotify;2022;81;Piso 21, Manuel Turizo;Los Cachos;CO, CO;Urbano
Octubre;Spotify;2022;82;Pailita, Big Cvyu;Na Na Na;CL,CL;Urbano
Octubre;Spotify;2022;83;Plan B;Por Que Te Demoras?;GB;Urbano
Octubre;Spotify;2022;84;Bad Bunny, Daddy Yankee;La Santa;PR, PR;Urbano
Octubre;Spotify;2022;85;Gino Mella, King Savagge, Best;TAY PAPO;CL,CL,CL;Urbano
Octubre;Spotify;2022;86;Plan B;Es un Secreto;GB;Urbano
Octubre;Spotify;2022;87;Feid;Ferxxo 100;CO;Urbano
Octubre;Spotify;2022;88;Standly;Bailemos Reggaeton;CL;Urbano
Octubre;Spotify;2022;89;Feid;Si Te La Encuentras Por Ahí;CO;Urbano
Octubre;Spotify;2022;90;Taylor Swift;Maroon;US;Pop
Octubre;Spotify;2022;91;Taylor Swift;Midnight Rain;US;Pop
Octubre;Spotify;2022;92;El Jordan 23, Big Cvyu;Noche Loca;CL,CL;Urbano
Octubre;Spotify;2022;93;Taylor Swift;You're On Your Own, Kid;US;Pop
Octubre;Spotify;2022;94;Morat;No Se Va;CO;Urbano
Octubre;Spotify;2022;95;Taylor Swift;Karma;US;Pop
Octubre;Spotify;2022;96;Bad Bunny, JHAYCO;DÁKITI;PR, PR;Urbano
Octubre;Spotify;2022;97;Tego Calderón;Pa' Que Retozen;PR;Urbano
Octubre;Spotify;2022;98;De La Ghetto, Rauw Alejandro;Loco Por Perrearte - Remix;PR, PR;Urbano
Octubre;Spotify;2022;99;Bad Bunny;A Tu Merced;PR;Urbano
Octubre;Spotify;2022;100;Rema, Selena Gomez;Calm Down (with Selena Gomez);NG, US;Urbano
Noviembre;Spotify;2022;1;Ozuna, Feid;Hey Mor;PR, CO;Urbano
Noviembre;Spotify;2022;2;Manuel Turizo;La Bachata;CO;Urbano
Noviembre;Spotify;2022;3;Pailita, El Jordan 23, Noriel, Pablo Chill-E;Na Na Na - Remix;PR, CL;Urbano
Noviembre;Spotify;2022;4;ITHAN NY, Tunechikidd, Nickoog Clk;TU DIABLO;CL;Urbano
Noviembre;Spotify;2022;5;Bizarrap, Quevedo;Quevedo: Bzrp Music Sessions, Vol. 52;AR;Urbano
Noviembre;Spotify;2022;6;Stars Music Chile, Cris Mj, Standly;Marisola;CL;Urbano
Noviembre;Spotify;2022;7;Feid;Feliz Cumpleaños Ferxxo;CO;Urbano
Noviembre;Spotify;2022;8;Bad Bunny, Chencho Corleone;Me Porto Bonito;PR, PR;Urbano
Noviembre;Spotify;2022;9;Quevedo;VISTA AL MAR;ES;Urbano
Noviembre;Spotify;2022;10;Cris Mj, Tiago PZK;Fiera;CL, AR;Urbano
Noviembre;Spotify;2022;11;Bad Bunny;Efecto;PR;Urbano
Noviembre;Spotify;2022;12;Bizarrap, Duki;Duki: Bzrp Music Sessions, Vol. 50;AR;Urbano
Noviembre;Spotify;2022;13;Pablito Pesadilla, Polimá Westcoast, Nickoog Clk, Fran C;BABY OTAKU;CL;Urbano
Noviembre;Spotify;2022;14;Rauw Alejandro, Lyanno, Brray;LOKERA;PR, PR, PR;Urbano
Noviembre;Spotify;2022;15;Julianno Sosa, Young Cister;GANAS;CL,CL;Urbano
Noviembre;Spotify;2022;16;Wisin & Yandel, ROSALÍA;Besos Moja2;PR, ES;Urbano
Noviembre;Spotify;2022;17;Bad Bunny, Bomba Estéreo;Ojitos Lindos;PR, CO;Urbano
Noviembre;Spotify;2022;18;Rauw Alejandro, Baby Rasta;PUNTO 40;PR, PR;Urbano
Noviembre;Spotify;2022;19;Pailita;Parcera;CL;Urbano
Noviembre;Spotify;2022;20;El Punto40, Marcianeke;Mini Mini;CL;Urbano
Noviembre;Spotify;2022;21;Feid, Ak4:20, Taiko;Malibu;CO;Urbano
Noviembre;Spotify;2022;22;Bad Bunny;Moscow Mule;PR;Urbano
Noviembre;Spotify;2022;23;Bad Bunny;Tití Me Preguntó;PR;Urbano
Noviembre;Spotify;2022;24;Jairo Vera, Darkiel, Gino Mella, Best, Bayriton;ADICTO (feat. Best, Bayriton);PR;Urbano
Noviembre;Spotify;2022;25;Shakira, Ozuna;Monotonía;CO, PR;Pop
Noviembre;Spotify;2022;26;ROSALÍA;DESPECHÁ;ES;Latino/Tropical
Noviembre;Spotify;2022;27;KAROL G, Ovy On The Drums;CAIRO;CO, CO;Urbano
Noviembre;Spotify;2022;28;Bad Bunny;Neverita;PR;Urbano
Noviembre;Spotify;2022;29;Polimá Westcoast, Feid, Pailita, Paloma Mami, De La Ghetto;ULTRA SOLO REMIX;CL, CO, US, PR;Urbano
Noviembre;Spotify;2022;30;Young Cister, Nicki Nicole, Alvaro Diaz;LA TERAPIA REMIX;AR, PR;Urbano
Noviembre;Spotify;2022;31;Mora, Feid;LA INOCENTE;SE, CO;Urbano
Noviembre;Spotify;2022;32;Feid;Normal;CO;Urbano
Noviembre;Spotify;2022;33;Luar La L;Caile;PR;Urbano
Noviembre;Spotify;2022;34;Bad Bunny, Tony Dize;La Corriente;PR, PR;Urbano
Noviembre;Spotify;2022;35;Ak4:20;SE ENDIABLA;CL;Urbano
Noviembre;Spotify;2022;36;Young Cister;LA TERAPIA;CL;Urbano
Noviembre;Spotify;2022;37;JHAYCO, Feid, Sech;En La De Ella;PR, CO, PA;Urbano
Noviembre;Spotify;2022;38;KAROL G, Maldy;GATÚBELA;CO, PR;Urbano
Noviembre;Spotify;2022;39;JC Reyes, Pablo Chill-E, ECKO;34 Amor y Mafia REMIX;CL;Urbano
Noviembre;Spotify;2022;40;Pailita, Young Cister;Caminemos de la Mano;CL,CL;Urbano
Noviembre;Spotify;2022;41;Cris Mj;Una Noche en Medellín;CL;Urbano
Noviembre;Spotify;2022;42;Martinwhite, Erreflexx;V16;CL,CL;Urbano
Noviembre;Spotify;2022;43;Standly;Panamera;CL;Urbano
Noviembre;Spotify;2022;44;Julianno Sosa, Endo, El Jordan 23, Noiss;PERREA KTM;US;Urbano
Noviembre;Spotify;2022;45;Ak4:20, Pailita, Cris Mj;Me Arrepentí;CL;Urbano
Noviembre;Spotify;2022;46;KAROL G;PROVENZA;CO;Urbano
Noviembre;Spotify;2022;47;Nickoog Clk;Salimos Del Tarro;CL;Urbano
Noviembre;Spotify;2022;48;Bad Bunny, JHAYCO;Tarot;PR, PR;Urbano
Noviembre;Spotify;2022;49;Cris Mj, Fran C;Bellakera;CL;Urbano
Noviembre;Spotify;2022;50;El Jordan 23;Bakanisimo;CL;Urbano
Noviembre;Spotify;2022;51;Quevedo;PUNTO G;ES;Urbano
Noviembre;Spotify;2022;52;El Jordan 23, Standly;Bailando;CL,CL;Urbano
Noviembre;Spotify;2022;53;Rauw Alejandro, Chencho Corleone;Desesperados;PR, PR;Urbano
Noviembre;Spotify;2022;54;Bad Bunny, Rauw Alejandro;Party;PR, PR;Urbano
Noviembre;Spotify;2022;55;El BAI, Cris Mj, SowlBeatz;Pensándote;CL, CL;Urbano
Noviembre;Spotify;2022;56;Shakira, Rauw Alejandro;Te Felicito;CO, PR;Urbano
Noviembre;Spotify;2022;57;Paulo Londra, Feid;A Veces (feat. Feid);AR, CO;Urbano
Noviembre;Spotify;2022;58;Bad Bunny;Yonaguni;PR;Urbano
Noviembre;Spotify;2022;59;Harry Styles;As It Was;GB;Pop
Noviembre;Spotify;2022;60;Standly;Pégate;CL;Urbano
Noviembre;Spotify;2022;61;Standly;Baila para Mi;CL;Urbano
Noviembre;Spotify;2022;62;Chris Jedi, Anuel AA, Chencho Corleone, Ñengo Flow;La Llevo Al Cielo (Ft. Ñengo Flow);PR, PR, PR, PR;Urbano
Noviembre;Spotify;2022;63;Eladio Carrion;Mbappe;PR;Urbano
Noviembre;Spotify;2022;64;Standly;Reggaetón;CL;Urbano
Noviembre;Spotify;2022;65;Feid;Prohibidox;CO;Urbano
Noviembre;Spotify;2022;66;Piso 21, Manuel Turizo;Los Cachos;CO, CO;Urbano
Noviembre;Spotify;2022;67;Bad Bunny;Un Ratito;PR;Urbano
Noviembre;Spotify;2022;68;Polimá Westcoast, Pailita;ULTRA SOLO;CL;Urbano
Noviembre;Spotify;2022;69;J Balvin, Bad Bunny;LA CANCIÓN;CO, PR;Urbano
Noviembre;Spotify;2022;70;Bad Bunny;Un Coco;PR;Urbano
Noviembre;Spotify;2022;71;Becky G, KAROL G;MAMIII;US, CO;Urbano
Noviembre;Spotify;2022;72;Bayron Fire, Nickoog Clk, Balbi El Chamako, Jairo Vera, Bayriton, Tommy Boysen;Hay Amores Que Matan - Remix;CL, CL;Urbano
Noviembre;Spotify;2022;73;Polimá Westcoast, Young Cister, Cris Mj;SEXTIME;CL, CL;Urbano
Noviembre;Spotify;2022;74;Rels B;cómo dormiste?;ES;Urbano
Noviembre;Spotify;2022;75;Pailita, Cris Mj, Big Cvyu;Dime Tú;CL;Urbano
Noviembre;Spotify;2022;76;Cris Mj;Paz Mental;CL;Urbano
Noviembre;Spotify;2022;77;King Savagge, Noriel;Tra Tra;PR;Urbano
Noviembre;Spotify;2022;78;Sam Smith, Kim Petras;Unholy (feat. Kim Petras);GB, US;Pop
Noviembre;Spotify;2022;79;Plan B;Es un Secreto;PR;Urbano
Noviembre;Spotify;2022;80;Cris Mj, Jory Boy;Suburban;CL, PR;Urbano
Noviembre;Spotify;2022;81;Standly, Yilberking;Tequila y Limón;CL;Urbano
Noviembre;Spotify;2022;82;Bad Bunny;Después de la Playa;PR;Urbano
Noviembre;Spotify;2022;83;Mora, De La Ghetto;AIRBNB;SE, PR;Urbano
Noviembre;Spotify;2022;84;Feid;Ferxxo 100;CO;Urbano
Noviembre;Spotify;2022;85;Jairo Vera, Bayriton;Parcerita;CL,CL;Urbano
Noviembre;Spotify;2022;86;Jairo Vera;Tarima;CL;Urbano
Noviembre;Spotify;2022;87;Sayian Jimmy, Standly, Yishark, Nysix Music, Tobal Mj, Benji La Maldita Escritura De Oro;Flotao;CL,CL,CL,CL,CL,CL;Urbano
Noviembre;Spotify;2022;88;Bad Bunny, Daddy Yankee;La Santa;PR, PR;Urbano
Noviembre;Spotify;2022;89;El Jordan 23;Prendiendo Blones;CL;Urbano
Noviembre;Spotify;2022;90;Morat;No Se Va;CO;Urbano
Noviembre;Spotify;2022;91;Nickoog Clk, Standly;Que Se Hace;CL, CL;Urbano
Noviembre;Spotify;2022;92;Bad Bunny;A Tu Merced;PR;Urbano
Noviembre;Spotify;2022;93;Tego Calderón;Pa' Que Retozen;PR;Urbano
Noviembre;Spotify;2022;94;Mora, Quevedo;APA;SE;Urbano
Noviembre;Spotify;2022;95;Don Omar;Dile;PR;Urbano
Noviembre;Spotify;2022;96;Gino Mella, King Savagge, Best;TAY PAPO;CL, CL, CL;Urbano
Noviembre;Spotify;2022;97;Bad Bunny, JHAYCO;DÁKITI;PR, PR;Urbano
Noviembre;Spotify;2022;98;Cris Mj, Pablo Chill-E;Como Tu Ninguna - Remix;CL, CL;Urbano
Noviembre;Spotify;2022;99;Polimá Westcoast, J Balvin;KAWAII;CL, CO;Urbano
Noviembre;Spotify;2022;100;Tainy, Bad Bunny, Julieta Venegas;Lo Siento BB:/ (with Bad Bunny & Julieta Venegas);PR, PR, MX;Urbano
Diciembre;Spotify;2022;1;Pailita, Cris Mj, Young Cister;Llámame Bebé;CL;Urbano
Diciembre;Spotify;2022;2;Ozuna, Feid;Hey Mor;PR, CO;Urbano
Diciembre;Spotify;2022;3;Cris Mj, Duki, Nicki Nicole, Standly, Stars Music Chile;Marisola - Remix;CL, AR;Urbano
Diciembre;Spotify;2022;4;Manuel Turizo;La Bachata;CO;Urbano
Diciembre;Spotify;2022;5;Arcángel, Bad Bunny;La Jumpa;PR, PR;Urbano
Diciembre;Spotify;2022;6;Ñengo Flow, Bad Bunny;Gato de Noche;PR, PR;Urbano
Diciembre;Spotify;2022;7;Pailita;Parcera;CL;Urbano
Diciembre;Spotify;2022;8;Feid;Feliz Cumpleaños Ferxxo;CO;Urbano
Diciembre;Spotify;2022;9;Pailita, El Jordan 23, Noriel, Pablo Chill-E;Na Na Na - Remix;PR, CL;Urbano
Diciembre;Spotify;2022;10;Jere Klein, Lucky Brown;Mandame Tu Ubi;CL;Urbano
Diciembre;Spotify;2022;11;Bizarrap, Quevedo;Quevedo: Bzrp Music Sessions, Vol. 52;AR;Urbano
Diciembre;Spotify;2022;12;Bad Bunny, Chencho Corleone;Me Porto Bonito;PR, PR;Urbano
Diciembre;Spotify;2022;13;Harry Nach, Cris Mj, Pablo Chill-E, Polimá Westcoast, Aqua VS, Tom fomt, Kreamly, Nikxz;LOKOTRON REMIX;CL, CL, CL;Urbano
Diciembre;Spotify;2022;14;Stars Music Chile, Cris Mj, Standly;Marisola;CL;Urbano
Diciembre;Spotify;2022;15;Bad Bunny;Efecto;PR;Urbano
Diciembre;Spotify;2022;16;ITHAN NY, Tunechikidd, Nickoog Clk;TU DIABLO;CL;Urbano
Diciembre;Spotify;2022;17;Rauw Alejandro, Lyanno, Brray;LOKERA;PR, PR, PR;Urbano
Diciembre;Spotify;2022;18;Quevedo;VISTA AL MAR;ES;Urbano
Diciembre;Spotify;2022;19;Julianno Sosa, Young Cister;GANAS;CL, CL;Urbano
Diciembre;Spotify;2022;20;Cris Mj, Pablo Chill-E;Como Tu Ninguna - Remix;CL, CL;Urbano
Diciembre;Spotify;2022;21;Young Cister, Taiko;DEBI LLEVARTE FLORES;CL;Urbano
Diciembre;Spotify;2022;22;Balbi El Chamako, Jere Klein;Ese Corte;CL, CL;Urbano
Diciembre;Spotify;2022;23;Bad Bunny, Bomba Estéreo;Ojitos Lindos;PR, CO;Urbano
Diciembre;Spotify;2022;24;Pablito Pesadilla, Polimá Westcoast, Nickoog Clk, Fran C;BABY OTAKU;CL;Urbano
Diciembre;Spotify;2022;25;El Punto40, Marcianeke;Mini Mini;CL;Urbano
Diciembre;Spotify;2022;26;Quevedo;PUNTO G;ES;Urbano
Diciembre;Spotify;2022;27;Polimá Westcoast, Quevedo, Mora;LACONE;CL, SE;Urbano
Diciembre;Spotify;2022;28;Bad Bunny;Tití Me Preguntó;PR;Urbano
Diciembre;Spotify;2022;29;Wisin & Yandel, ROSALÍA;Besos Moja2;PR, ES;Urbano
Diciembre;Spotify;2022;30;Bad Bunny;Moscow Mule;PR;Urbano
Diciembre;Spotify;2022;31;Rauw Alejandro, Baby Rasta;PUNTO 40;PR, PR;Urbano
Diciembre;Spotify;2022;32;Cris Mj, Tiago PZK;Fiera;CL, AR;Urbano
Diciembre;Spotify;2022;33;KAROL G, Ovy On The Drums;CAIRO;CO, CO;Urbano
Diciembre;Spotify;2022;34;Bad Bunny;Neverita;PR;Urbano
Diciembre;Spotify;2022;35;ROSALÍA;DESPECHÁ;ES;Urbano
Diciembre;Spotify;2022;36;Jairo Vera, Darkiel, Gino Mella, Best, Bayriton;ADICTO (feat. Best, Bayriton);CL;Urbano
Diciembre;Spotify;2022;37;Polimá Westcoast, Feid, Pailita, Paloma Mami, De La Ghetto;ULTRA SOLO REMIX;CL, CO, US, PR;Urbano
Diciembre;Spotify;2022;38;Feid;Normal;CO;Urbano
Diciembre;Spotify;2022;39;Paloma Mami, Pailita, El Jordan 23;SíNTOMAS DE SOLTERA;US;Urbano
Diciembre;Spotify;2022;40;Feid, Ak4:20, Taiko;Malibu;CO;Urbano
Diciembre;Spotify;2022;41;Young Cister;LA TERAPIA;CL;Urbano
Diciembre;Spotify;2022;42;Shakira, Ozuna;Monotonía;CO, PR;Pop
Diciembre;Spotify;2022;43;Cris Mj;Una Noche en Medellín;CL;Urbano
Diciembre;Spotify;2022;44;Marcianeke, Jere Klein, Gold Music;Muñeca;CL, CL;Urbano
Diciembre;Spotify;2022;45;Martinwhite, Erreflexx;V16;CL;Urbano
Diciembre;Spotify;2022;46;Ak4:20, Pailita, Cris Mj;Me Arrepentí;CL;Urbano
Diciembre;Spotify;2022;47;Nickoog Clk;Salimos Del Tarro;CL;Urbano
Diciembre;Spotify;2022;48;Cris Mj, Ak4:20;Sin Seguro;CL;Urbano
Diciembre;Spotify;2022;49;Pailita, Young Cister;Caminemos de la Mano;CL, CL;Urbano
Diciembre;Spotify;2022;50;Mora, Feid;LA INOCENTE;SE, CO;Urbano
Diciembre;Spotify;2022;51;KAROL G, Maldy;GATÚBELA;CO, PR;Urbano
Diciembre;Spotify;2022;52;KAROL G;PROVENZA;CO;Urbano
Diciembre;Spotify;2022;53;Feid;CHORRITO PA LAS ANIMAS;CO;Urbano
Diciembre;Spotify;2022;54;Luar La L;Caile;PR;Urbano
Diciembre;Spotify;2022;55;Bad Bunny, Tony Dize;La Corriente;PR, PR;Urbano
Diciembre;Spotify;2022;56;Standly;Panamera;CL;Urbano
Diciembre;Spotify;2022;57;Rauw Alejandro, Chencho Corleone;Desesperados;PR, PR;Urbano
Diciembre;Spotify;2022;58;Ak4:20;SE ENDIABLA;CL;Urbano
Diciembre;Spotify;2022;59;Bad Bunny;Yonaguni;PR;Urbano
Diciembre;Spotify;2022;60;Harry Styles;As It Was;GB;Pop
Diciembre;Spotify;2022;61;Mariah Carey;All I Want for Christmas Is You;US;Pop
Diciembre;Spotify;2022;62;Cris Mj, Fran C;Bellakera;CL;Urbano
Diciembre;Spotify;2022;63;Standly;Pégate;CL;Urbano
Diciembre;Spotify;2022;64;JHAYCO, Feid, Sech;En La De Ella;PR, CO, PA;Urbano
Diciembre;Spotify;2022;65;Julianno Sosa, Endo, El Jordan 23, Noiss;PERREA KTM;US;Urbano
Diciembre;Spotify;2022;66;José Feliciano;Feliz Navidad;US;Urbano
Diciembre;Spotify;2022;67;Jairo Vera;PA K TE ENAMORE;CL;Urbano
Diciembre;Spotify;2022;68;Cris Mj, Blessd;Gucci en Paris;CL, CO;Urbano
Diciembre;Spotify;2022;69;El BAI, Cris Mj, SowlBeatz;Pensándote;CL, CL;Urbano
Diciembre;Spotify;2022;70;JC Reyes, Pablo Chill-E, ECKO;34 Amor y Mafia REMIX;CL;Urbano
Diciembre;Spotify;2022;71;Chris Jedi, Anuel AA, Chencho Corleone, Ñengo Flow;La Llevo Al Cielo (Ft. Ñengo Flow);PR, PR, PR, PR;Urbano
Diciembre;Spotify;2022;72;Bad Bunny, JHAYCO;Tarot;PR, PR;Urbano
Diciembre;Spotify;2022;73;Bellakath;Gatita;MX;Urbano
Diciembre;Spotify;2022;74;Yandel, Feid;Yandel 150;PR, CO;Urbano
Diciembre;Spotify;2022;75;Standly;Baila para Mi;CL;Urbano
Diciembre;Spotify;2022;76;Brytiago, Polimá Westcoast;S.O.S.;PR, CL;Urbano
Diciembre;Spotify;2022;77;Young Cister, Nicki Nicole, Alvaro Diaz;LA TERAPIA REMIX;AR, PR;Urbano
Diciembre;Spotify;2022;78;Bad Bunny, Rauw Alejandro;Party;PR, PR;Urbano
Diciembre;Spotify;2022;79;Polimá Westcoast, Pailita;ULTRA SOLO;CL;Urbano
Diciembre;Spotify;2022;80;El Jordan 23;Bakanisimo;CL;Urbano
Diciembre;Spotify;2022;81;Shakira, Rauw Alejandro;Te Felicito;CO, PR;Pop
Diciembre;Spotify;2022;82;Cris Mj;Paz Mental;CL;Urbano
Diciembre;Spotify;2022;83;Pailita, Cris Mj, Big Cvyu;Dime Tú;CL;Urbano
Diciembre;Spotify;2022;84;Young Cister, Polimá Westcoast;SAMURAI;CL;Urbano
Diciembre;Spotify;2022;85;El Jordan 23, Standly;Bailando;CL, CL;Urbano
Diciembre;Spotify;2022;86;Don Omar;Dile;PR;Urbano
Diciembre;Spotify;2022;87;Wham!;Last Christmas;GB;Pop
Diciembre;Spotify;2022;88;Quevedo, Myke Towers;PLAYA DEL INGLÉS;PR;Urbano
Diciembre;Spotify;2022;89;Piso 21, Manuel Turizo;Los Cachos;CO, CO;Urbano
Diciembre;Spotify;2022;90;El Jordan 23;MAMI;CL;Urbano
Diciembre;Spotify;2022;91;J Balvin, Bad Bunny;LA CANCIÓN;CO, PR;Urbano
Diciembre;Spotify;2022;92;Becky G, KAROL G;MAMIII;US, CO;Urbano
Diciembre;Spotify;2022;93;Anuel AA, Jowell & Randy, De La Ghetto, Yailin la Mas Viral;La Máquina;PR, PR, PR;Urbano
Diciembre;Spotify;2022;94;Young Cister;40 GRADOS EN LA CIUDAD;CL;Urbano
Diciembre;Spotify;2022;95;Rels B;cómo dormiste?;ES;Urbano
Diciembre;Spotify;2022;96;Jairo Vera;Tarima;CL;Urbano
Diciembre;Spotify;2022;97;Myke Towers, Daddy Yankee;ULALA (OOH LA LA);PR, PR;Urbano
Diciembre;Spotify;2022;98;Pailita;Porque No Te Decides;CL;Urbano
Diciembre;Spotify;2022;99;Shamanes Crew, Pailita, Fran C;Amor de Luto - Remix;CL;Latino/Tropical
Diciembre;Spotify;2022;100;Bad Bunny;Un Ratito;PR;Urbano
